cod_cliente,data_referencia,ind_funcionario,pais_residencia,sexo,idade,data_cadastro,ind_novo,tempo_relacionamento_meses,ind_relacionamento,ult_data_cliente_principal,ind_rel_inicio_mes,tipo_rel_inicio_mes,ind_residente,ind_estrangeiro,conjuge_funcionario,canal_entrada,ind_falecido,estado,ind_ativo,renda_estimada_anual_brl,segmento,possui_poupanca,possui_aval_garantia,possui_conta_corrente,possui_conta_investimento,possui_conta_salario,possui_conta_junior,possui_conta_universitaria,possui_conta_corrente_plus,possui_conta_premium,possui_cdb_curto_prazo,possui_cdb_medio_prazo,possui_cdb_longo_prazo,possui_conta_digital,possui_fundo_investimento,possui_financiamento_imovel,possui_previdencia_privada,possui_emprestimo_pessoal,possui_pagamento_tributos,possui_cartao_credito,possui_titulos_investimento,possui_financiamento_veiculo,possui_folha_pagamento,possui_beneficio_previdencia,possui_debito_automatico,segmentos_sinteticos,evento_viagem_sintetico
100870,2022-10-28,N,BR,M,45,2005-06-30,0.0,208,1.0,,1.0,A,S,N,,KAT,N,SP,1.0,47821.31,02 - VAREJO,0,0,0,0,1,0,0,1,0,0,0,0,0,0,0,0,0,1,1,1,1,1.0,1.0,1,"[""SEG-CREDITO-ATIVO"", ""SEG-INVESTIDOR-INICIANTE"", ""SEG-POUPADOR"", ""SEG-CONTRIBUINTE-IR"", ""SEG-PERFIL-FAMILIAR""]",0
1186912,2023-01-28,N,BR,M,23,2020-10-01,0.0,27,1.0,,1.0,A,S,N,,KHE,N,SP,1.0,146222.0,03 - UNIVERSITARIO,0,0,1,0,0,0,0,0,0,0,0,0,0,0,0,0,0,0,0,0,0,0.0,0.0,0,"[""SEG-JOVEM"", ""SEG-CREDITO-ATIVO"", ""SEG-SEM-CARTAO"", ""SEG-INVESTIDOR-INICIANTE"", ""SEG-POUPADOR""]",0
952537,2023-04-28,N,BR,F,26,2018-10-01,0.0,54,1.0,,1.0,A,S,S,,KAT,N,PA,1.0,189376.26,03 - UNIVERSITARIO,0,0,1,0,0,0,0,0,0,0,0,0,0,0,0,0,0,1,0,0,0,0.0,0.0,1,"[""SEG-JOVEM"", ""SEG-ALTA-RENDA"", ""SEG-CREDITO-ATIVO"", ""SEG-SEM-CARTAO"", ""SEG-INVESTIDOR-INICIANTE"", ""SEG-POUPADOR"", ""SEG-PERFIL-FAMILIAR""]",0
1383107,2022-02-28,N,BR,F,36,2022-02-17,1.0,5,1.0,,1.0,I,S,N,,KHL,N,SP,1.0,36226.77,02 - VAREJO,0,0,1,0,0,0,0,0,0,0,0,0,0,0,0,0,0,0,0,0,0,0.0,0.0,0,"[""SEG-SEM-CARTAO"", ""SEG-INVESTIDOR-INICIANTE"", ""SEG-POUPADOR"", ""SEG-PERFIL-FAMILIAR""]",0
904395,2023-04-28,N,BR,M,51,2018-02-18,0.0,62,1.0,,1.0,A,S,N,,KFC,N,RJ,1.0,11466.07,02 - VAREJO,0,0,1,0,0,0,1,0,0,0,0,0,0,0,0,0,0,1,0,0,0,0.0,0.0,0,"[""SEG-SEM-CARTAO"", ""SEG-INVESTIDOR-INICIANTE"", ""SEG-PERFIL-FAMILIAR""]",0
366424,2022-07-28,N,BR,F,46,2009-06-28,0.0,157,1.0,,1.0,A,S,N,,KAT,N,SP,1.0,42092.36,02 - VAREJO,0,0,1,0,0,0,0,1,1,0,0,0,0,0,0,0,0,1,0,0,0,0.0,0.0,0,"[""SEG-CREDITO-ATIVO"", ""SEG-SEM-CARTAO"", ""SEG-INVESTIDOR-INICIANTE"", ""SEG-POUPADOR"", ""SEG-PERFIL-FAMILIAR""]",0
495572,2023-01-28,N,BR,M,41,2011-10-11,0.0,135,1.0,,1.0,A,S,N,,KAT,N,BA,1.0,13712.06,02 - VAREJO,0,0,1,0,1,0,0,0,0,0,0,0,1,1,0,0,0,1,1,0,0,1.0,1.0,1,"[""SEG-INVESTIDOR-EXPERIENTE"", ""SEG-PERFIL-FAMILIAR""]",0
1464387,2023-01-28,N,BR,F,29,2022-09-29,1.0,4,1.0,,1,I,S,N,,KHQ,N,SP,1.0,72376.78,03 - UNIVERSITARIO,0,0,1,0,0,0,0,0,0,0,0,0,0,0,0,0,0,0,0,0,0,0.0,0.0,0,"[""SEG-JOVEM"", ""SEG-ALTA-RENDA"", ""SEG-SEM-CARTAO"", ""SEG-INVESTIDOR-INICIANTE"", ""SEG-POUPADOR"", ""SEG-PERFIL-FAMILIAR""]",0
367210,2022-08-28,N,BR,M,59,2009-07-09,0.0,157,1.0,,1.0,A,S,N,,KAD,N,SE,1.0,8188.79,02 - VAREJO,0,0,0,0,1,0,0,1,0,0,0,0,0,0,1,0,0,0,1,0,0,1.0,1.0,1,"[""SEG-SENIOR"", ""SEG-INVESTIDOR-INICIANTE"", ""SEG-PERFIL-FAMILIAR"", ""SEG-PROPRIETARIO""]",0
676424,2023-01-28,N,BR,M,24,2014-02-10,0.0,107,1.0,,1.0,A,S,N,,KFC,N,SP,1.0,38576.56,02 - VAREJO,0,0,1,0,0,0,1,0,0,0,0,0,0,0,0,0,0,0,0,0,0,0.0,0.0,0,"[""SEG-JOVEM"", ""SEG-CREDITO-ATIVO"", ""SEG-SEM-CARTAO"", ""SEG-INVESTIDOR-INICIANTE"", ""SEG-POUPADOR"", ""SEG-VIAJANTE-EVENTO""]",1
199065,2022-01-28,N,BR,F,42,2007-10-16,0.0,177,1.0,,1.0,A,S,N,,KAT,N,SP,1.0,27124.61,02 - VAREJO,0,0,1,0,0,0,0,1,0,0,0,1,0,0,0,0,0,0,0,0,0,0.0,0.0,0,"[""SEG-SEM-CARTAO"", ""SEG-INVESTIDOR-INICIANTE"", ""SEG-PERFIL-FAMILIAR""]",0
649681,2023-01-28,N,BR,F,30,2013-10-19,0.0,111,1.0,,1.0,A,S,N,,KFC,N,PI,1.0,42864.65,03 - UNIVERSITARIO,0,0,1,0,0,0,0,0,0,0,0,0,0,0,0,0,0,0,0,0,0,0.0,0.0,1,"[""SEG-CREDITO-ATIVO"", ""SEG-SEM-CARTAO"", ""SEG-INVESTIDOR-INICIANTE"", ""SEG-POUPADOR"", ""SEG-PERFIL-FAMILIAR""]",0
88560,2023-01-28,N,BR,F,78,2005-03-10,0.0,214,1.0,,1.0,A,S,N,,KAT,N,MG,1.0,158570.57,02 - VAREJO,0,0,1,0,0,0,0,1,0,0,0,0,0,1,0,0,0,0,0,0,0,0.0,0.0,0,"[""SEG-SENIOR"", ""SEG-CREDITO-ATIVO"", ""SEG-SEM-CARTAO"", ""SEG-POUPADOR"", ""SEG-INVESTIDOR-EXPERIENTE""]",0
36267,2022-09-28,N,BR,F,55,2003-04-09,0.0,233,1.0,,1.0,A,S,N,,KAT,N,GO,1.0,264176.64,02 - VAREJO,0,0,1,0,0,0,0,0,0,0,0,0,1,0,0,0,0,0,0,0,0,0.0,0.0,0,"[""SEG-SENIOR"", ""SEG-ALTA-RENDA"", ""SEG-CREDITO-ATIVO"", ""SEG-SEM-CARTAO"", ""SEG-INVESTIDOR-INICIANTE"", ""SEG-POUPADOR"", ""SEG-CONTRIBUINTE-IR"", ""SEG-PERFIL-FAMILIAR""]",0
43064,2023-01-28,N,BR,F,45,2003-07-11,0.0,234,1.0,,1.0,A,S,S,,KAT,N,RJ,1.0,161390.35,02 - VAREJO,0,0,0,0,1,0,0,0,0,0,0,0,1,0,0,0,0,0,0,0,0,0.0,0.0,1,"[""SEG-ALTA-RENDA"", ""SEG-CREDITO-ATIVO"", ""SEG-SEM-CARTAO"", ""SEG-INVESTIDOR-INICIANTE"", ""SEG-POUPADOR"", ""SEG-CONTRIBUINTE-IR"", ""SEG-PERFIL-FAMILIAR""]",0
89935,2022-12-28,N,BR,F,76,2005-03-18,0.0,97,1.0,,1.0,A,S,N,,,N,SP,0.0,56411.8,,0,0,0,0,0,0,0,0,0,0,0,0,0,0,0,0,0,0,0,0,0,0.0,0.0,0,"[""SEG-SENIOR"", ""SEG-POUPADOR"", ""SEG-VIAJANTE-EVENTO""]",1
958468,2023-05-28,N,BR,M,72,2018-10-10,0.0,55,1.0,,1.0,A,S,N,,KFC,N,RJ,1.0,63558.65,02 - VAREJO,0,0,1,0,0,0,0,0,0,0,0,0,1,0,0,0,0,1,0,0,0,0.0,0.0,1,"[""SEG-SENIOR"", ""SEG-CREDITO-ATIVO"", ""SEG-SEM-CARTAO"", ""SEG-INVESTIDOR-INICIANTE"", ""SEG-POUPADOR""]",0
930480,2023-02-28,N,BR,F,25,2018-08-09,0.0,54,1.0,,1.0,A,S,N,,KHE,N,PE,1.0,34003.56,03 - UNIVERSITARIO,0,0,1,0,0,0,0,0,0,0,0,0,0,0,0,0,0,0,0,0,0,0.0,0.0,0,"[""SEG-JOVEM"", ""SEG-CREDITO-ATIVO"", ""SEG-SEM-CARTAO"", ""SEG-INVESTIDOR-INICIANTE"", ""SEG-POUPADOR"", ""SEG-PERFIL-FAMILIAR""]",0
1170609,2022-12-28,N,BR,M,21,2020-08-28,0.0,28,1.0,,1.0,A,S,N,,KFC,N,RS,1.0,46849.62,02 - VAREJO,0,0,1,0,0,0,0,0,0,0,0,0,0,0,0,0,0,0,0,0,0,0.0,0.0,0,"[""SEG-JOVEM"", ""SEG-CREDITO-ATIVO"", ""SEG-SEM-CARTAO"", ""SEG-INVESTIDOR-INICIANTE"", ""SEG-POUPADOR"", ""SEG-VIAJANTE-EVENTO""]",1
666548,2022-08-28,N,BR,M,47,2014-01-05,0.0,103,1.0,,1.0,A,S,N,,KFC,N,RJ,1.0,243710.13,02 - VAREJO,0,0,0,0,0,0,0,1,0,0,0,0,0,0,0,0,0,1,0,0,0,0.0,0.0,0,"[""SEG-ALTA-RENDA"", ""SEG-CREDITO-ATIVO"", ""SEG-SEM-CARTAO"", ""SEG-INVESTIDOR-INICIANTE"", ""SEG-POUPADOR"", ""SEG-CONTRIBUINTE-IR"", ""SEG-PERFIL-FAMILIAR""]",0
1465219,2023-04-28,N,BR,F,34,2022-09-30,0.0,7,1.0,,1.0,A,S,N,,KHN,N,SP,1.0,73271.73,02 - VAREJO,0,0,1,0,0,0,0,0,0,0,0,0,0,0,0,0,0,0,0,0,0,0.0,0.0,1,"[""SEG-ALTA-RENDA"", ""SEG-CREDITO-ATIVO"", ""SEG-SEM-CARTAO"", ""SEG-INVESTIDOR-INICIANTE"", ""SEG-POUPADOR"", ""SEG-CONTRIBUINTE-IR"", ""SEG-PERFIL-FAMILIAR""]",0
174355,2022-11-28,N,BR,F,39,2007-04-28,0.0,187,1.0,,1.0,A,S,N,,KFC,N,SP,1.0,108473.16,02 - VAREJO,0,0,1,0,0,0,0,1,0,0,0,0,1,0,0,0,0,1,1,1,0,0.0,0.0,1,"[""SEG-ALTA-RENDA"", ""SEG-CREDITO-ATIVO"", ""SEG-INVESTIDOR-INICIANTE"", ""SEG-POUPADOR"", ""SEG-CONTRIBUINTE-IR"", ""SEG-PERFIL-FAMILIAR""]",0
1024801,2022-09-28,N,BR,M,28,2019-07-18,0.0,38,1.0,,1,I,S,N,,KHE,N,RJ,1.0,91537.17,03 - UNIVERSITARIO,0,0,1,0,0,0,0,0,0,0,0,0,0,0,0,0,0,0,0,0,0,0.0,0.0,0,"[""SEG-JOVEM"", ""SEG-ALTA-RENDA"", ""SEG-CREDITO-ATIVO"", ""SEG-SEM-CARTAO"", ""SEG-INVESTIDOR-INICIANTE"", ""SEG-POUPADOR"", ""SEG-PERFIL-FAMILIAR""]",0
908323,2023-05-28,N,BR,F,46,2018-03-28,0.0,62,1.0,,1.0,I,S,N,,KFC,N,SP,0.0,76723.64,02 - VAREJO,0,0,0,0,0,0,0,0,0,0,0,0,0,0,0,0,0,0,0,0,0,0.0,0.0,0,"[""SEG-ALTA-RENDA"", ""SEG-POUPADOR"", ""SEG-CONTRIBUINTE-IR""]",0
250368,2023-05-28,N,BR,M,43,2008-05-31,0.0,180,1.0,,1.0,A,S,N,,KAT,N,SP,1.0,325228.54,02 - VAREJO,0,0,1,0,0,0,0,1,0,0,0,0,0,0,0,0,0,0,0,0,0,0.0,0.0,0,"[""SEG-ALTA-RENDA"", ""SEG-CREDITO-ATIVO"", ""SEG-SEM-CARTAO"", ""SEG-INVESTIDOR-INICIANTE"", ""SEG-POUPADOR"", ""SEG-CONTRIBUINTE-IR"", ""SEG-PERFIL-FAMILIAR""]",0
228160,2023-03-28,N,BR,M,42,2008-03-13,0.0,180,1.0,,1.0,A,S,N,,KAT,N,SP,1.0,128882.43,02 - VAREJO,0,0,1,0,0,0,0,1,1,0,0,0,0,0,0,0,0,0,0,0,0,0.0,0.0,0,"[""SEG-ALTA-RENDA"", ""SEG-CREDITO-ATIVO"", ""SEG-SEM-CARTAO"", ""SEG-INVESTIDOR-INICIANTE"", ""SEG-POUPADOR"", ""SEG-CONTRIBUINTE-IR"", ""SEG-PERFIL-FAMILIAR""]",0
1312753,2023-03-28,N,BR,F,26,2021-09-22,0.0,18,1.0,,1.0,A,S,N,,KHE,N,MG,1.0,17607.96,03 - UNIVERSITARIO,0,0,1,0,0,0,0,0,0,0,0,0,0,0,0,0,0,0,0,0,0,0.0,0.0,0,"[""SEG-JOVEM"", ""SEG-SEM-CARTAO"", ""SEG-INVESTIDOR-INICIANTE"", ""SEG-PERFIL-FAMILIAR""]",0
703684,2023-01-28,N,BR,M,42,2014-07-17,0.0,102,1.0,,1.0,I,S,N,,KAG,N,SP,0.0,54791.47,02 - VAREJO,0,0,0,0,0,0,0,0,0,0,0,0,0,0,0,0,0,0,0,0,0,0.0,0.0,0,"[""SEG-POUPADOR"", ""SEG-CONTRIBUINTE-IR""]",0
1217074,2022-02-28,N,BR,F,21,2020-11-08,0.0,20,1.0,,1.0,I,S,N,,KHF,N,BA,0.0,40413.87,03 - UNIVERSITARIO,0,0,1,0,0,0,0,0,0,0,0,0,0,0,0,0,0,0,0,0,0,0.0,0.0,0,"[""SEG-JOVEM"", ""SEG-POUPADOR"", ""SEG-VIAJANTE-EVENTO""]",1
1192701,2023-01-28,N,BR,F,33,2020-10-09,0.0,27,1.0,,1.0,A,S,N,,KFA,N,SP,1.0,23563.16,02 - VAREJO,0,0,0,0,1,0,0,0,0,0,0,0,1,0,0,0,0,1,0,0,0,1.0,1.0,1,"[""SEG-SEM-CARTAO"", ""SEG-INVESTIDOR-INICIANTE"", ""SEG-PERFIL-FAMILIAR"", ""SEG-VIAJANTE-EVENTO""]",1
359710,2022-12-28,N,BR,F,44,2022-02-20,0.0,10,1.0,,1.0,A,S,N,,KHK,N,SP,1.0,109538.98,02 - VAREJO,0,0,1,0,0,0,0,0,0,0,0,0,0,0,0,0,0,0,0,0,0,0.0,0.0,0,"[""SEG-ALTA-RENDA"", ""SEG-CREDITO-ATIVO"", ""SEG-SEM-CARTAO"", ""SEG-INVESTIDOR-INICIANTE"", ""SEG-POUPADOR"", ""SEG-CONTRIBUINTE-IR"", ""SEG-PERFIL-FAMILIAR""]",0
750697,2022-12-28,N,BR,F,38,2015-02-27,0.0,94,1.0,,1.0,I,S,N,,KFC,N,PE,1.0,13481.61,02 - VAREJO,0,0,0,0,1,0,0,0,0,0,0,0,0,0,0,0,0,0,0,0,0,0.0,0.0,1,"[""SEG-SEM-CARTAO"", ""SEG-INVESTIDOR-INICIANTE"", ""SEG-PERFIL-FAMILIAR""]",0
518779,2022-11-28,N,BR,M,65,2012-02-19,0.0,129,1.0,,1.0,A,S,N,,KAT,N,SP,1.0,315381.55,02 - VAREJO,0,0,1,0,0,0,0,0,0,0,0,1,0,0,0,0,0,0,0,0,0,0.0,0.0,0,"[""SEG-SENIOR"", ""SEG-CREDITO-ATIVO"", ""SEG-SEM-CARTAO"", ""SEG-INVESTIDOR-INICIANTE"", ""SEG-POUPADOR""]",0
920315,2023-05-28,N,BR,M,24,2018-07-21,0.0,58,1.0,,1.0,A,S,N,,KHE,N,CE,1.0,21659.51,03 - UNIVERSITARIO,0,0,1,0,0,0,0,0,0,0,0,0,0,0,0,0,0,0,0,0,0,0.0,0.0,0,"[""SEG-JOVEM"", ""SEG-SEM-CARTAO"", ""SEG-INVESTIDOR-INICIANTE""]",0
1418139,2023-03-28,N,BR,M,22,2022-07-27,0.0,8,1.0,,1.0,A,S,N,,KHQ,N,AC,1.0,28225.33,03 - UNIVERSITARIO,0,0,1,0,0,0,0,0,0,0,0,0,0,0,0,0,0,0,0,0,0,0.0,0.0,0,"[""SEG-JOVEM"", ""SEG-SEM-CARTAO"", ""SEG-INVESTIDOR-INICIANTE""]",0
931309,2022-11-28,N,BR,M,26,2018-08-09,0.0,51,1.0,,1.0,A,S,N,,KHE,N,MA,1.0,13308.29,03 - UNIVERSITARIO,0,0,1,0,0,0,0,0,0,0,0,0,0,0,0,0,0,0,0,0,0,0.0,0.0,0,"[""SEG-JOVEM"", ""SEG-SEM-CARTAO"", ""SEG-INVESTIDOR-INICIANTE"", ""SEG-PERFIL-FAMILIAR""]",0
373501,2022-01-28,N,BR,F,55,2009-07-18,0.0,156,1.0,,1.0,I,S,N,,KAT,N,RJ,1.0,302712.24,02 - VAREJO,0,0,1,0,0,0,0,1,0,0,0,0,0,0,0,0,0,0,0,0,0,0.0,0.0,0,"[""SEG-SENIOR"", ""SEG-ALTA-RENDA"", ""SEG-CREDITO-ATIVO"", ""SEG-SEM-CARTAO"", ""SEG-INVESTIDOR-INICIANTE"", ""SEG-POUPADOR"", ""SEG-CONTRIBUINTE-IR"", ""SEG-PERFIL-FAMILIAR""]",0
89083,2023-05-28,N,BR,F,62,2005-03-11,0.0,218,1.0,,1.0,A,S,S,,KAT,N,RO,1.0,28732.43,01 - ALTA RENDA,0,0,1,0,0,0,0,1,0,0,0,1,0,0,0,0,0,0,0,0,0,0.0,0.0,0,"[""SEG-VIP"", ""SEG-SENIOR"", ""SEG-SEM-CARTAO"", ""SEG-INVESTIDOR-INICIANTE""]",0
934631,2023-04-28,N,BR,M,23,2018-08-17,0.0,56,1.0,,1.0,A,S,N,,KHE,N,CE,1.0,18364.31,03 - UNIVERSITARIO,0,0,1,0,0,0,0,0,0,0,0,0,0,0,0,0,0,0,0,0,0,0.0,0.0,0,"[""SEG-JOVEM"", ""SEG-SEM-CARTAO"", ""SEG-INVESTIDOR-INICIANTE""]",0
999835,2022-11-28,N,BR,M,33,2020-02-18,0.0,13,1.0,,1.0,A,S,S,,KAT,N,RJ,1.0,44696.28,02 - VAREJO,0,0,0,0,0,0,0,0,0,0,0,1,0,1,0,0,0,0,0,0,0,0.0,0.0,0,"[""SEG-CREDITO-ATIVO"", ""SEG-SEM-CARTAO"", ""SEG-POUPADOR"", ""SEG-CONTRIBUINTE-IR"", ""SEG-INVESTIDOR-EXPERIENTE"", ""SEG-PERFIL-FAMILIAR""]",0
1177401,2023-04-28,N,BR,M,22,2020-09-17,0.0,31,1.0,,1.0,A,S,N,,KHE,N,RJ,1.0,10772.57,03 - UNIVERSITARIO,0,0,1,0,0,0,0,0,0,0,0,0,0,0,0,0,0,0,0,0,0,0.0,0.0,1,"[""SEG-JOVEM"", ""SEG-SEM-CARTAO"", ""SEG-INVESTIDOR-INICIANTE"", ""SEG-VIAJANTE-EVENTO""]",1
502993,2022-07-28,N,BR,F,65,2011-11-20,0.0,128,1.0,,1.0,A,S,N,,KCH,N,SP,1.0,211987.23,01 - ALTA RENDA,0,0,1,0,0,0,0,1,0,0,0,1,0,0,0,0,0,0,0,0,0,0.0,0.0,0,"[""SEG-VIP"", ""SEG-SENIOR"", ""SEG-CREDITO-ATIVO"", ""SEG-SEM-CARTAO"", ""SEG-INVESTIDOR-INICIANTE"", ""SEG-POUPADOR""]",0
100542,2023-05-28,N,BR,M,46,2005-06-26,0.0,215,1.0,,1.0,A,S,N,,KAT,N,SP,1.0,294293.59,01 - ALTA RENDA,0,0,0,0,1,0,0,1,1,0,0,1,1,1,0,1,0,1,0,0,0,1.0,1.0,1,"[""SEG-VIP"", ""SEG-ALTA-RENDA"", ""SEG-CREDITO-ATIVO"", ""SEG-SEM-CARTAO"", ""SEG-POUPADOR"", ""SEG-INVESTIDOR-EXPERIENTE"", ""SEG-PERFIL-FAMILIAR""]",0
1454130,2023-05-28,N,BR,M,55,2022-09-18,0.0,8,1.0,,1,A,S,N,,KHN,N,SP,1.0,89663.65,01 - ALTA RENDA,0,0,1,0,0,0,0,0,0,0,0,0,1,0,0,0,0,0,0,0,0,0.0,0.0,0,"[""SEG-VIP"", ""SEG-SENIOR"", ""SEG-ALTA-RENDA"", ""SEG-CREDITO-ATIVO"", ""SEG-SEM-CARTAO"", ""SEG-INVESTIDOR-INICIANTE"", ""SEG-POUPADOR"", ""SEG-CONTRIBUINTE-IR"", ""SEG-PERFIL-FAMILIAR""]",0
510287,2022-05-28,N,BR,M,18,2012-01-07,0.0,126,1.0,,1.0,A,S,N,,KAT,N,SP,1.0,157864.36,02 - VAREJO,0,0,0,0,0,1,0,0,0,0,0,0,0,0,0,0,0,0,0,0,0,0.0,0.0,0,"[""SEG-JOVEM"", ""SEG-CREDITO-ATIVO"", ""SEG-SEM-CARTAO"", ""SEG-INVESTIDOR-INICIANTE"", ""SEG-POUPADOR"", ""SEG-VIAJANTE-EVENTO""]",1
1478201,2023-03-28,N,BR,F,20,2022-10-13,1.0,5,1.0,,1.0,I,S,N,,KHQ,N,SP,0.0,64206.16,03 - UNIVERSITARIO,0,0,0,0,0,0,0,0,0,0,0,0,0,0,0,0,0,0,0,0,0,0.0,0.0,0,"[""SEG-JOVEM"", ""SEG-POUPADOR""]",0
1060674,2023-04-28,N,BR,M,22,2019-09-14,0.0,43,1.0,,1.0,I,S,S,,KHE,N,PA,0.0,23448.2,03 - UNIVERSITARIO,0,0,1,0,0,0,0,0,0,0,0,0,0,0,0,0,0,0,0,0,0,0.0,0.0,0,"[""SEG-JOVEM""]",0
759408,2022-09-28,N,BR,M,55,2015-04-09,0.0,89,1.0,,1,A,S,N,,KFC,N,SP,1.0,90767.91,02 - VAREJO,0,0,1,0,0,0,0,0,0,0,0,0,0,1,0,0,0,0,1,0,0,0.0,0.0,0,"[""SEG-SENIOR"", ""SEG-ALTA-RENDA"", ""SEG-CREDITO-ATIVO"", ""SEG-POUPADOR"", ""SEG-CONTRIBUINTE-IR"", ""SEG-INVESTIDOR-EXPERIENTE"", ""SEG-PERFIL-FAMILIAR""]",0
603484,2023-01-28,N,BR,M,47,2013-03-19,0.0,118,1.0,,1,A,S,N,,KFA,N,SP,1.0,67481.43,02 - VAREJO,0,0,1,0,0,0,0,0,0,0,0,0,0,0,0,0,0,0,0,0,0,0.0,0.0,0,"[""SEG-ALTA-RENDA"", ""SEG-CREDITO-ATIVO"", ""SEG-SEM-CARTAO"", ""SEG-INVESTIDOR-INICIANTE"", ""SEG-POUPADOR"", ""SEG-CONTRIBUINTE-IR"", ""SEG-PERFIL-FAMILIAR""]",0
1346739,2023-03-28,N,BR,M,23,2021-11-03,0.0,16,1.0,,1,I,S,N,,KHE,N,MG,0.0,20619.8,03 - UNIVERSITARIO,0,0,1,0,0,0,0,0,0,0,0,0,0,0,0,0,0,0,0,0,0,0.0,0.0,0,"[""SEG-JOVEM""]",0
874580,2023-01-28,N,BR,M,61,2017-04-20,0.0,69,1.0,,1.0,A,S,N,,KAE,N,PB,1.0,102042.45,01 - ALTA RENDA,0,0,1,0,0,0,0,0,0,0,0,1,1,0,0,0,0,0,0,0,0,0.0,0.0,1,"[""SEG-VIP"", ""SEG-SENIOR"", ""SEG-CREDITO-ATIVO"", ""SEG-SEM-CARTAO"", ""SEG-INVESTIDOR-INICIANTE"", ""SEG-POUPADOR""]",0
825885,2023-04-28,N,BR,F,53,2016-01-12,0.0,87,1.0,,1,A,S,N,,KAJ,N,GO,1.0,24834.3,01 - ALTA RENDA,0,0,1,0,0,0,0,0,0,0,0,1,0,1,0,0,0,0,0,0,0,0.0,0.0,0,"[""SEG-VIP"", ""SEG-SEM-CARTAO"", ""SEG-INVESTIDOR-EXPERIENTE"", ""SEG-PERFIL-FAMILIAR""]",0
107097,2022-11-28,N,BR,M,52,2005-10-06,0.0,205,1.0,,1,I,S,N,,KAT,N,PA,1.0,474856.03,02 - VAREJO,0,0,1,0,0,0,0,0,0,0,0,0,0,0,0,0,0,1,0,0,0,0.0,0.0,1,"[""SEG-ALTA-RENDA"", ""SEG-CREDITO-ATIVO"", ""SEG-SEM-CARTAO"", ""SEG-INVESTIDOR-INICIANTE"", ""SEG-POUPADOR"", ""SEG-CONTRIBUINTE-IR"", ""SEG-PERFIL-FAMILIAR""]",0
1187124,2022-11-28,N,BR,F,48,2020-10-01,0.0,25,1.0,,1.0,A,S,N,,KFC,N,RJ,1.0,619142.32,02 - VAREJO,0,0,1,0,0,0,0,0,0,0,0,0,0,0,0,0,0,0,0,0,0,0.0,0.0,0,"[""SEG-ALTA-RENDA"", ""SEG-CREDITO-ATIVO"", ""SEG-SEM-CARTAO"", ""SEG-INVESTIDOR-INICIANTE"", ""SEG-POUPADOR"", ""SEG-CONTRIBUINTE-IR"", ""SEG-PERFIL-FAMILIAR""]",0
583648,2023-04-28,N,BR,M,74,2012-12-03,0.0,124,1.0,,1.0,I,S,N,,KAT,N,SP,0.0,7942.03,02 - VAREJO,0,0,1,0,0,0,0,0,0,0,0,0,0,0,0,0,0,0,0,0,0,0.0,0.0,0,"[""SEG-SENIOR""]",0
1177470,2022-12-28,N,BR,M,24,2020-09-17,0.0,27,1.0,,1.0,I,S,N,,KHE,N,RS,0.0,36447.91,03 - UNIVERSITARIO,0,0,1,0,0,0,0,0,0,0,0,0,0,0,0,0,0,0,0,0,0,0.0,0.0,0,"[""SEG-JOVEM"", ""SEG-POUPADOR"", ""SEG-VIAJANTE-EVENTO""]",1
96358,2023-04-28,N,BR,F,44,2005-05-14,0.0,215,1.0,,1.0,A,S,S,,KAT,N,RJ,1.0,93079.58,02 - VAREJO,0,0,1,0,0,0,0,0,0,0,0,0,0,1,0,0,0,0,0,0,0,0.0,0.0,0,"[""SEG-ALTA-RENDA"", ""SEG-CREDITO-ATIVO"", ""SEG-SEM-CARTAO"", ""SEG-POUPADOR"", ""SEG-CONTRIBUINTE-IR"", ""SEG-INVESTIDOR-EXPERIENTE"", ""SEG-PERFIL-FAMILIAR""]",0
47254,2022-11-28,N,BR,M,54,2021-08-28,0.0,229,1.0,,1,A,S,N,,KAT,N,BA,1.0,76283.58,02 - VAREJO,0,0,1,0,0,0,0,0,0,0,0,0,0,0,0,0,0,0,0,0,0,0.0,0.0,1,"[""SEG-ALTA-RENDA"", ""SEG-CREDITO-ATIVO"", ""SEG-SEM-CARTAO"", ""SEG-INVESTIDOR-INICIANTE"", ""SEG-POUPADOR"", ""SEG-CONTRIBUINTE-IR"", ""SEG-PERFIL-FAMILIAR""]",0
133136,2023-04-28,N,BR,M,46,2006-06-01,0.0,203,1.0,,1.0,A,S,N,,KAT,N,SP,1.0,79712.14,01 - ALTA RENDA,0,0,1,0,0,0,0,0,0,0,0,1,1,1,0,0,0,1,0,1,0,1.0,1.0,1,"[""SEG-VIP"", ""SEG-ALTA-RENDA"", ""SEG-CREDITO-ATIVO"", ""SEG-SEM-CARTAO"", ""SEG-POUPADOR"", ""SEG-CONTRIBUINTE-IR"", ""SEG-PERFIL-FAMILIAR""]",0
398681,2022-09-28,N,BR,M,51,2009-12-31,0.0,153,1.0,,1.0,A,S,N,,KAT,N,RJ,1.0,46366.07,02 - VAREJO,0,0,0,0,0,0,0,0,0,0,0,0,0,0,1,0,0,0,0,0,0,0.0,0.0,0,"[""SEG-CREDITO-ATIVO"", ""SEG-SEM-CARTAO"", ""SEG-INVESTIDOR-INICIANTE"", ""SEG-POUPADOR"", ""SEG-CONTRIBUINTE-IR"", ""SEG-PERFIL-FAMILIAR"", ""SEG-PROPRIETARIO""]",0
48342,2022-12-28,N,BR,F,55,2003-12-12,0.0,228,1.0,,1.0,A,S,N,,KAT,N,MG,1.0,21957.35,02 - VAREJO,0,0,1,0,0,0,0,0,0,0,0,0,0,0,0,0,0,0,0,0,0,0.0,0.0,0,"[""SEG-SENIOR"", ""SEG-SEM-CARTAO"", ""SEG-INVESTIDOR-INICIANTE"", ""SEG-PERFIL-FAMILIAR""]",0
825111,2023-03-28,N,BR,M,67,2016-01-05,0.0,86,1.0,,1.0,A,S,N,,KCC,N,SP,1.0,44375.7,02 - VAREJO,0,0,0,0,0,0,0,0,0,0,0,0,0,0,0,0,0,0,0,0,0,0.0,1.0,1,"[""SEG-SENIOR"", ""SEG-CREDITO-ATIVO"", ""SEG-SEM-CARTAO"", ""SEG-INVESTIDOR-INICIANTE"", ""SEG-POUPADOR""]",0
404866,2022-02-28,N,BR,F,61,2010-02-03,0.0,149,1.0,,1.0,A,S,N,,KAT,N,SP,1.0,298517.29,02 - VAREJO,0,0,1,0,0,0,0,0,0,0,0,0,0,1,0,0,0,0,0,0,0,0.0,0.0,0,"[""SEG-SENIOR"", ""SEG-CREDITO-ATIVO"", ""SEG-SEM-CARTAO"", ""SEG-POUPADOR"", ""SEG-INVESTIDOR-EXPERIENTE""]",0
298872,2023-03-28,N,BR,M,72,2008-11-20,0.0,172,1.0,,1.0,A,S,N,,KFA,N,SP,1.0,24259.19,01 - ALTA RENDA,0,0,1,0,0,0,0,1,0,0,0,1,0,0,0,0,0,0,0,0,0,0.0,0.0,0,"[""SEG-VIP"", ""SEG-SENIOR"", ""SEG-SEM-CARTAO"", ""SEG-INVESTIDOR-INICIANTE"", ""SEG-VIAJANTE-EVENTO""]",1
1292146,2023-01-28,N,BR,F,21,2021-08-05,0.0,17,1.0,,1.0,A,S,N,,KHE,N,RJ,1.0,99547.56,03 - UNIVERSITARIO,0,0,1,0,0,0,0,0,0,0,0,0,0,0,0,0,0,0,0,0,0,0.0,0.0,0,"[""SEG-JOVEM"", ""SEG-CREDITO-ATIVO"", ""SEG-SEM-CARTAO"", ""SEG-INVESTIDOR-INICIANTE"", ""SEG-POUPADOR""]",0
1124885,2023-04-28,N,BR,M,36,2020-03-18,0.0,37,1.0,,1.0,A,S,N,,KFC,N,SP,1.0,29321.66,02 - VAREJO,0,0,1,0,0,0,0,0,0,0,0,0,0,0,0,0,0,0,0,0,0,0.0,0.0,0,"[""SEG-SEM-CARTAO"", ""SEG-INVESTIDOR-INICIANTE"", ""SEG-PERFIL-FAMILIAR""]",0
128741,2022-07-28,N,BR,F,53,2006-04-19,0.0,195,1.0,,1.0,A,S,N,,KAT,N,SP,1.0,24590.63,02 - VAREJO,0,0,0,0,1,0,0,1,0,0,0,0,0,0,1,0,0,0,1,0,0,1.0,1.0,1,"[""SEG-INVESTIDOR-INICIANTE"", ""SEG-PERFIL-FAMILIAR"", ""SEG-PROPRIETARIO""]",0
171116,2023-04-28,N,BR,F,46,2007-04-05,0.0,192,1.0,,1.0,A,S,N,,KAT,N,BA,1.0,171698.46,01 - ALTA RENDA,0,0,0,0,1,0,0,0,1,0,0,0,1,1,0,0,0,1,1,0,0,0.0,0.0,1,"[""SEG-VIP"", ""SEG-ALTA-RENDA"", ""SEG-CREDITO-ATIVO"", ""SEG-POUPADOR"", ""SEG-CONTRIBUINTE-IR"", ""SEG-INVESTIDOR-EXPERIENTE"", ""SEG-PERFIL-FAMILIAR""]",0
457206,2023-02-28,N,BR,F,66,2011-02-03,0.0,144,1.0,,1.0,A,S,N,,KFC,N,MG,1.0,24157.58,01 - ALTA RENDA,0,0,1,0,0,0,0,1,0,0,0,1,0,1,0,0,0,1,0,0,0,0.0,0.0,0,"[""SEG-VIP"", ""SEG-SENIOR"", ""SEG-SEM-CARTAO"", ""SEG-INVESTIDOR-EXPERIENTE""]",0
1279408,2022-08-28,N,BR,F,20,2021-07-28,0.0,13,1.0,,1.0,A,S,N,,KHE,N,RS,1.0,12277.19,03 - UNIVERSITARIO,0,0,1,0,0,0,0,0,0,0,0,0,0,0,0,0,0,0,0,0,0,0.0,0.0,0,"[""SEG-JOVEM"", ""SEG-SEM-CARTAO"", ""SEG-INVESTIDOR-INICIANTE""]",0
734725,2022-07-28,N,BR,F,45,2014-11-27,0.0,92,1.0,,1.0,A,S,N,,KFA,N,SP,1.0,93071.13,02 - VAREJO,0,0,1,0,0,0,0,0,0,0,0,0,0,0,0,0,0,0,0,0,0,0.0,0.0,0,"[""SEG-ALTA-RENDA"", ""SEG-CREDITO-ATIVO"", ""SEG-SEM-CARTAO"", ""SEG-INVESTIDOR-INICIANTE"", ""SEG-POUPADOR"", ""SEG-CONTRIBUINTE-IR"", ""SEG-PERFIL-FAMILIAR""]",0
683041,2022-09-28,N,BR,F,74,2014-03-21,1.0,1,1.0,,1.0,A,S,N,,KHM,N,BA,1.0,21271.09,02 - VAREJO,0,0,1,0,0,0,0,0,0,0,0,0,0,0,0,0,0,0,0,0,0,0.0,0.0,0,"[""SEG-SENIOR"", ""SEG-INVESTIDOR-INICIANTE""]",0
1537409,2023-04-28,N,BR,M,75,2023-03-04,1.0,1,1.0,,1.0,A,S,S,,KHN,N,BA,1.0,30065.0,02 - VAREJO,0,0,1,0,0,0,0,0,0,0,0,0,0,0,0,0,0,0,0,0,0,0.0,0.0,0,"[""SEG-SENIOR"", ""SEG-INVESTIDOR-INICIANTE""]",0
934590,2023-02-28,N,BR,M,25,2018-08-17,0.0,54,1.0,,1.0,I,S,N,,KHE,N,RJ,0.0,23956.36,03 - UNIVERSITARIO,0,0,1,0,0,0,0,0,0,0,0,0,0,0,0,0,0,0,0,0,0,0.0,0.0,0,"[""SEG-JOVEM""]",0
115043,2022-09-28,N,BR,M,50,2007-11-13,0.0,222,1.0,,1.0,I,S,N,,KAT,N,SP,0.0,111430.28,02 - VAREJO,0,0,0,0,0,0,0,0,0,0,0,0,0,0,0,0,0,0,0,0,0,0.0,0.0,0,"[""SEG-ALTA-RENDA"", ""SEG-POUPADOR"", ""SEG-CONTRIBUINTE-IR""]",0
1334155,2022-10-28,N,BR,M,19,2021-10-16,0.0,12,1.0,,1,I,S,N,,KHE,N,SP,0.0,65815.24,03 - UNIVERSITARIO,0,0,1,0,0,0,0,0,0,0,0,0,0,0,0,0,0,0,0,0,0,0.0,0.0,0,"[""SEG-JOVEM"", ""SEG-POUPADOR""]",0
182326,2022-07-28,N,BR,F,47,2007-07-13,0.0,103,1.0,,1,A,S,N,,KAT,N,SP,1.0,308664.03,02 - VAREJO,0,0,1,0,0,0,0,0,0,0,0,0,0,0,0,0,0,0,0,0,0,0.0,0.0,0,"[""SEG-ALTA-RENDA"", ""SEG-CREDITO-ATIVO"", ""SEG-SEM-CARTAO"", ""SEG-INVESTIDOR-INICIANTE"", ""SEG-POUPADOR"", ""SEG-CONTRIBUINTE-IR"", ""SEG-PERFIL-FAMILIAR""]",0
603714,2022-08-28,N,BR,F,41,2013-03-15,0.0,113,1.0,,1.0,A,S,N,,013,N,MG,1.0,14100.49,02 - VAREJO,0,0,0,0,0,0,0,0,0,0,0,0,0,0,0,0,1,0,0,0,0,0.0,0.0,0,"[""SEG-SEM-CARTAO"", ""SEG-INVESTIDOR-INICIANTE"", ""SEG-PERFIL-FAMILIAR""]",0
475657,2023-01-28,N,BR,F,40,2011-05-24,0.0,140,1.0,,1.0,A,S,N,,KFC,N,PE,1.0,111483.31,01 - ALTA RENDA,0,0,1,0,0,0,0,1,0,0,0,0,1,1,0,0,0,0,0,0,0,0.0,0.0,1,"[""SEG-VIP"", ""SEG-ALTA-RENDA"", ""SEG-CREDITO-ATIVO"", ""SEG-SEM-CARTAO"", ""SEG-POUPADOR"", ""SEG-CONTRIBUINTE-IR"", ""SEG-INVESTIDOR-EXPERIENTE"", ""SEG-PERFIL-FAMILIAR""]",0
1093221,2022-10-28,N,BR,M,53,2019-10-31,0.0,35,1.0,,1.0,A,S,S,,KAT,N,MG,1.0,29098.41,01 - ALTA RENDA,0,0,1,0,0,0,0,0,0,0,0,1,0,0,0,0,0,0,0,0,0,0.0,0.0,0,"[""SEG-VIP"", ""SEG-SEM-CARTAO"", ""SEG-INVESTIDOR-INICIANTE"", ""SEG-PERFIL-FAMILIAR""]",0
940995,2023-02-28,N,BR,F,25,2018-09-12,0.0,53,1.0,,1.0,A,S,N,,KHE,N,RS,1.0,116572.89,03 - UNIVERSITARIO,0,0,1,0,0,0,0,0,0,0,0,0,0,0,0,0,0,0,0,0,0,0.0,0.0,0,"[""SEG-JOVEM"", ""SEG-ALTA-RENDA"", ""SEG-CREDITO-ATIVO"", ""SEG-SEM-CARTAO"", ""SEG-INVESTIDOR-INICIANTE"", ""SEG-POUPADOR"", ""SEG-PERFIL-FAMILIAR""]",0
95641,2022-05-28,N,BR,F,48,2005-05-08,0.0,206,1.0,,1.0,A,S,N,,KAT,N,SP,1.0,31289.8,02 - VAREJO,0,0,1,0,0,0,0,1,0,0,0,0,0,0,0,0,0,0,0,0,0,0.0,0.0,0,"[""SEG-SEM-CARTAO"", ""SEG-INVESTIDOR-INICIANTE"", ""SEG-PERFIL-FAMILIAR"", ""SEG-VIAJANTE-EVENTO""]",1
1417121,2022-12-28,N,BR,F,51,2022-07-25,1.0,5,1.0,,1,A,S,N,,KHM,N,BA,1.0,30452.04,02 - VAREJO,0,0,1,0,0,0,0,0,0,0,0,0,0,0,0,0,0,0,0,0,0,0.0,0.0,0,"[""SEG-SEM-CARTAO"", ""SEG-INVESTIDOR-INICIANTE"", ""SEG-PERFIL-FAMILIAR""]",0
500645,2022-11-28,N,BR,M,50,2011-11-09,0.0,132,1.0,,1.0,A,S,N,,KAM,N,RJ,1.0,54712.33,02 - VAREJO,0,0,1,0,0,0,0,1,0,0,0,0,0,0,0,0,0,0,0,0,0,0.0,0.0,0,"[""SEG-CREDITO-ATIVO"", ""SEG-SEM-CARTAO"", ""SEG-INVESTIDOR-INICIANTE"", ""SEG-POUPADOR"", ""SEG-CONTRIBUINTE-IR"", ""SEG-PERFIL-FAMILIAR""]",0
975647,2023-03-28,N,BR,M,53,2018-11-08,0.0,52,1.0,,1.0,I,S,S,,KHE,N,ES,0.0,135351.85,02 - VAREJO,0,0,1,0,0,0,0,0,0,0,0,0,0,0,0,0,0,0,0,0,0,0.0,0.0,0,"[""SEG-ALTA-RENDA"", ""SEG-POUPADOR"", ""SEG-CONTRIBUINTE-IR""]",0
1185423,2022-11-28,N,BR,M,25,2020-09-30,0.0,26,1.0,,1.0,I,S,N,,KHE,N,BA,0.0,47400.93,03 - UNIVERSITARIO,0,0,1,0,0,0,0,0,0,0,0,0,0,0,0,0,0,0,0,0,0,0.0,0.0,0,"[""SEG-JOVEM"", ""SEG-POUPADOR""]",0
879334,2023-05-28,N,BR,F,60,2017-05-21,0.0,72,1.0,,1,A,S,N,,KFC,N,PI,1.0,8886.68,02 - VAREJO,0,0,1,0,0,0,0,0,0,0,0,0,0,0,0,0,0,0,0,0,0,0.0,0.0,0,"[""SEG-SENIOR"", ""SEG-SEM-CARTAO"", ""SEG-INVESTIDOR-INICIANTE"", ""SEG-PERFIL-FAMILIAR""]",0
346265,2023-05-28,N,BR,F,42,2009-04-01,0.0,170,1.0,,1.0,A,S,S,,KAT,N,SP,1.0,189323.68,01 - ALTA RENDA,0,0,0,0,1,0,0,0,0,0,0,0,1,1,0,0,0,1,0,0,1,1.0,1.0,1,"[""SEG-VIP"", ""SEG-ALTA-RENDA"", ""SEG-CREDITO-ATIVO"", ""SEG-SEM-CARTAO"", ""SEG-POUPADOR"", ""SEG-CONTRIBUINTE-IR"", ""SEG-INVESTIDOR-EXPERIENTE"", ""SEG-PERFIL-FAMILIAR""]",0
1340680,2023-04-28,N,BR,M,22,2021-10-24,0.0,18,1.0,,1.0,I,S,S,,KHE,N,SP,0.0,110218.78,03 - UNIVERSITARIO,0,0,1,0,0,0,0,0,0,0,0,0,0,0,0,0,0,0,0,0,0,0.0,0.0,0,"[""SEG-JOVEM"", ""SEG-POUPADOR"", ""SEG-VIAJANTE-EVENTO""]",1
177882,2023-05-28,N,BR,F,46,2007-06-02,0.0,192,1.0,,1.0,A,S,N,,KAT,N,SP,1.0,615941.66,02 - VAREJO,0,0,0,0,0,0,0,0,0,0,0,0,0,0,1,0,0,1,1,0,0,0.0,0.0,1,"[""SEG-ALTA-RENDA"", ""SEG-CREDITO-ATIVO"", ""SEG-INVESTIDOR-INICIANTE"", ""SEG-POUPADOR"", ""SEG-CONTRIBUINTE-IR"", ""SEG-PERFIL-FAMILIAR"", ""SEG-PROPRIETARIO""]",0
1369301,2023-05-28,N,BR,M,20,2021-12-15,0.0,17,1.0,,1.0,I,S,N,,KHE,N,SP,0.0,163918.6,03 - UNIVERSITARIO,0,0,0,0,0,0,0,0,0,0,0,0,0,0,0,0,0,0,0,0,0,0.0,0.0,0,"[""SEG-JOVEM"", ""SEG-POUPADOR""]",0
126675,2023-01-28,N,BR,M,70,2008-12-28,0.0,169,1.0,,1.0,A,S,S,,007,N,RJ,1.0,8786.8,01 - ALTA RENDA,0,0,0,0,1,0,0,0,0,0,0,1,1,1,0,1,0,0,0,0,0,0.0,0.0,1,"[""SEG-VIP"", ""SEG-SENIOR"", ""SEG-SEM-CARTAO"", ""SEG-INVESTIDOR-EXPERIENTE""]",0
168260,2023-05-28,N,BR,F,57,2007-03-21,0.0,194,1.0,,1.0,A,S,N,,KFC,N,SP,1.0,529046.07,01 - ALTA RENDA,0,0,0,0,1,0,0,0,0,0,0,0,1,1,0,0,0,0,1,0,0,1.0,1.0,1,"[""SEG-VIP"", ""SEG-SENIOR"", ""SEG-CREDITO-ATIVO"", ""SEG-POUPADOR"", ""SEG-CONTRIBUINTE-IR"", ""SEG-INVESTIDOR-EXPERIENTE"", ""SEG-PERFIL-FAMILIAR""]",0
1135246,2022-05-28,N,BR,F,45,2020-05-27,0.0,26,1.0,,1.0,A,S,N,,KFC,N,SP,1.0,30152.14,02 - VAREJO,0,0,1,0,0,0,0,0,0,0,0,0,0,0,0,0,0,0,0,0,0,0.0,0.0,0,"[""SEG-SEM-CARTAO"", ""SEG-INVESTIDOR-INICIANTE"", ""SEG-PERFIL-FAMILIAR"", ""SEG-VIAJANTE-EVENTO""]",1
514720,2022-06-28,N,BR,M,42,2012-01-31,0.0,126,1.0,,1.0,I,S,N,,KFC,N,GO,0.0,23282.08,02 - VAREJO,0,0,1,0,0,0,0,0,0,0,0,0,0,0,0,0,0,0,0,0,0,0.0,0.0,0,"[""SEG-VIAJANTE-EVENTO""]",1
1409944,2023-05-28,N,BR,F,22,2022-07-21,0.0,10,1.0,,1.0,I,S,N,,KHQ,N,RJ,0.0,55510.51,03 - UNIVERSITARIO,0,0,1,0,0,0,0,0,0,0,0,0,0,0,0,0,0,0,0,0,0,0.0,0.0,0,"[""SEG-JOVEM"", ""SEG-POUPADOR"", ""SEG-VIAJANTE-EVENTO""]",1
419468,2023-04-28,N,BR,M,41,2010-05-16,0.0,155,1.0,,1.0,A,S,S,,KFC,N,SP,1.0,42434.78,02 - VAREJO,0,0,0,0,1,0,0,0,0,0,0,0,0,0,1,0,0,0,1,0,0,1.0,1.0,1,"[""SEG-CREDITO-ATIVO"", ""SEG-INVESTIDOR-INICIANTE"", ""SEG-POUPADOR"", ""SEG-PERFIL-FAMILIAR"", ""SEG-PROPRIETARIO""]",0
392650,2022-10-28,N,BR,F,71,2009-11-26,0.0,155,1.0,,1,A,S,N,,KAB,N,PR,1.0,85605.36,02 - VAREJO,0,0,1,0,0,0,0,1,0,0,0,0,0,1,0,0,0,0,0,0,0,0.0,0.0,0,"[""SEG-SENIOR"", ""SEG-CREDITO-ATIVO"", ""SEG-SEM-CARTAO"", ""SEG-POUPADOR"", ""SEG-INVESTIDOR-EXPERIENTE""]",0
838975,2023-03-28,N,BR,F,41,2016-03-20,0.0,84,1.0,,1.0,I,S,N,,KFC,N,SP,1.0,26024.2,02 - VAREJO,0,0,1,0,0,0,0,0,1,0,0,0,0,0,0,0,0,0,0,0,0,0.0,0.0,1,"[""SEG-SEM-CARTAO"", ""SEG-INVESTIDOR-INICIANTE"", ""SEG-PERFIL-FAMILIAR""]",0
1326829,2023-01-28,N,BR,M,22,2021-10-07,0.0,15,1.0,,1.0,I,S,N,,KHE,N,SP,0.0,260007.34,03 - UNIVERSITARIO,0,0,1,0,0,0,0,0,0,0,0,0,0,0,0,0,0,0,0,0,0,0.0,0.0,0,"[""SEG-JOVEM"", ""SEG-POUPADOR""]",0
750596,2022-05-28,N,BR,F,49,2015-02-26,0.0,36,1.0,,1.0,A,S,N,,KAT,N,RJ,1.0,194022.8,02 - VAREJO,0,0,1,0,0,0,0,0,0,0,0,0,0,1,0,0,0,0,0,0,0,0.0,0.0,0,"[""SEG-ALTA-RENDA"", ""SEG-CREDITO-ATIVO"", ""SEG-SEM-CARTAO"", ""SEG-POUPADOR"", ""SEG-CONTRIBUINTE-IR"", ""SEG-INVESTIDOR-EXPERIENTE"", ""SEG-PERFIL-FAMILIAR""]",0
899582,2023-05-28,N,BR,F,37,2017-12-27,0.0,65,1.0,,1.0,I,S,N,,KFC,N,SP,0.0,47535.84,02 - VAREJO,0,0,0,0,0,0,0,0,0,0,0,0,0,0,0,0,0,0,0,0,0,0.0,0.0,0,"[""SEG-POUPADOR"", ""SEG-CONTRIBUINTE-IR""]",0
35410,2022-12-28,N,BR,F,78,2003-03-26,0.0,237,1.0,,1.0,A,S,S,,KAT,N,SP,1.0,209153.68,02 - VAREJO,0,0,0,0,1,0,0,0,0,0,0,0,1,0,0,0,0,0,0,0,0,0.0,1.0,1,"[""SEG-SENIOR"", ""SEG-CREDITO-ATIVO"", ""SEG-SEM-CARTAO"", ""SEG-INVESTIDOR-INICIANTE"", ""SEG-POUPADOR""]",0
470845,2023-03-28,N,BR,F,18,2011-04-28,0.0,143,1.0,,1.0,A,S,N,,KFC,N,SP,1.0,54023.1,02 - VAREJO,0,0,0,0,0,1,0,0,0,0,0,0,0,0,0,0,0,0,0,0,0,0.0,0.0,0,"[""SEG-JOVEM"", ""SEG-CREDITO-ATIVO"", ""SEG-SEM-CARTAO"", ""SEG-INVESTIDOR-INICIANTE"", ""SEG-POUPADOR""]",0
1090575,2022-10-28,N,BR,F,25,2019-10-29,0.0,36,1.0,,1.0,I,S,N,,KHE,N,GO,0.0,93023.94,03 - UNIVERSITARIO,0,0,0,0,0,0,0,0,0,0,0,0,0,0,0,0,0,0,0,0,0,0.0,0.0,0,"[""SEG-JOVEM"", ""SEG-ALTA-RENDA"", ""SEG-POUPADOR""]",0
471670,2023-03-28,N,BR,M,65,2011-05-03,0.0,143,1.0,,1,I,S,N,,KFC,N,PR,0.0,8989.39,02 - VAREJO,0,0,1,0,0,0,0,0,0,0,0,0,0,0,0,0,0,0,0,0,0,0.0,0.0,0,"[""SEG-SENIOR""]",0
1118147,2023-05-28,N,BR,F,41,2020-01-15,0.0,40,1.0,,1.0,I,S,N,,KFC,N,SP,0.0,37701.47,02 - VAREJO,0,0,1,0,0,0,0,0,0,0,0,0,0,0,0,0,0,0,0,0,0,0.0,0.0,0,"[""SEG-POUPADOR""]",0
583545,2023-03-28,N,BR,F,59,2012-12-02,0.0,124,1.0,,1.0,A,S,N,,KAA,N,RJ,0.0,87971.59,02 - VAREJO,0,0,1,0,0,0,0,0,0,0,0,0,0,0,0,0,0,0,0,0,0,0.0,0.0,0,"[""SEG-SENIOR"", ""SEG-POUPADOR"", ""SEG-CONTRIBUINTE-IR""]",0
621996,2023-05-28,N,BR,M,40,2013-06-15,0.0,119,1.0,,1.0,I,S,S,,KFC,N,SP,0.0,76025.18,02 - VAREJO,0,0,1,0,0,0,0,0,0,0,0,0,0,0,0,0,0,0,0,0,0,0.0,0.0,0,"[""SEG-ALTA-RENDA"", ""SEG-POUPADOR"", ""SEG-CONTRIBUINTE-IR""]",0
478034,2022-10-28,N,BR,M,74,2011-06-07,0.0,136,1.0,,1.0,A,S,N,,KFA,N,SP,1.0,45399.58,02 - VAREJO,0,0,1,0,0,0,0,0,0,0,0,0,0,0,0,0,0,0,0,0,0,0.0,0.0,0,"[""SEG-SENIOR"", ""SEG-CREDITO-ATIVO"", ""SEG-SEM-CARTAO"", ""SEG-INVESTIDOR-INICIANTE"", ""SEG-POUPADOR""]",0
582573,2023-02-28,N,BR,F,44,2012-11-28,0.0,123,1.0,,1.0,A,S,N,,KFA,N,SP,1.0,125387.15,02 - VAREJO,0,0,1,0,1,0,0,0,0,0,0,0,1,0,1,0,0,1,0,0,0,1.0,1.0,1,"[""SEG-ALTA-RENDA"", ""SEG-CREDITO-ATIVO"", ""SEG-SEM-CARTAO"", ""SEG-INVESTIDOR-INICIANTE"", ""SEG-POUPADOR"", ""SEG-CONTRIBUINTE-IR"", ""SEG-PERFIL-FAMILIAR"", ""SEG-PROPRIETARIO""]",0
1216522,2023-01-28,N,BR,M,23,2020-11-07,0.0,26,1.0,,1,A,S,N,,KHE,N,RJ,1.0,56235.93,03 - UNIVERSITARIO,0,0,0,0,1,0,0,0,0,0,0,0,0,0,0,0,0,0,0,0,0,1.0,1.0,0,"[""SEG-JOVEM"", ""SEG-CREDITO-ATIVO"", ""SEG-SEM-CARTAO"", ""SEG-INVESTIDOR-INICIANTE"", ""SEG-POUPADOR""]",0
391020,2022-10-28,N,BR,F,46,2010-03-11,0.0,151,1.0,,1.0,A,S,N,,013,N,BA,1.0,27490.77,02 - VAREJO,0,0,0,0,0,0,0,0,0,0,0,0,0,0,1,0,0,0,0,0,0,0.0,0.0,0,"[""SEG-SEM-CARTAO"", ""SEG-INVESTIDOR-INICIANTE"", ""SEG-PERFIL-FAMILIAR"", ""SEG-PROPRIETARIO""]",0
1325493,2022-09-28,N,BR,F,50,2021-10-06,0.0,11,1.0,,1.0,I,S,N,,KFC,N,RJ,0.0,86396.17,02 - VAREJO,0,0,1,0,0,0,0,0,0,0,0,0,1,0,0,0,0,0,0,0,0,0.0,0.0,0,"[""SEG-ALTA-RENDA"", ""SEG-POUPADOR"", ""SEG-CONTRIBUINTE-IR""]",0
734409,2022-11-28,N,BR,M,39,2014-11-26,0.0,96,1.0,,1.0,I,S,N,,KAH,N,SP,0.0,97038.86,02 - VAREJO,0,0,0,0,0,0,0,0,0,0,0,0,0,0,0,0,0,0,0,0,0,0.0,0.0,0,"[""SEG-ALTA-RENDA"", ""SEG-POUPADOR"", ""SEG-CONTRIBUINTE-IR""]",0
1014691,2022-09-28,N,BR,F,39,2019-05-07,0.0,40,1.0,,1,A,S,N,,KFC,N,SP,1.0,20672.81,01 - ALTA RENDA,0,0,0,0,0,0,0,0,0,0,0,1,0,0,0,0,0,0,0,0,0,0.0,0.0,0,"[""SEG-VIP"", ""SEG-SEM-CARTAO"", ""SEG-INVESTIDOR-INICIANTE"", ""SEG-PERFIL-FAMILIAR""]",0
108864,2023-01-28,N,BR,F,85,2012-01-07,0.0,132,1.0,,1.0,I,S,N,,KAT,N,SP,0.0,17139.78,02 - VAREJO,0,0,0,0,0,0,0,0,0,0,0,0,0,0,0,0,0,0,0,0,0,0.0,0.0,0,"[""SEG-SENIOR""]",0
834070,2022-11-28,N,BR,M,76,2016-02-12,0.0,15,1.0,,1,A,S,N,,KAT,N,SP,1.0,23199.26,01 - ALTA RENDA,0,0,0,0,0,0,0,0,0,0,0,1,0,0,0,0,0,0,0,0,0,0.0,0.0,0,"[""SEG-VIP"", ""SEG-SENIOR"", ""SEG-SEM-CARTAO"", ""SEG-INVESTIDOR-INICIANTE""]",0
872706,2022-05-28,N,BR,M,59,2017-04-12,0.0,63,1.0,,1.0,I,S,N,,KAT,N,SP,0.0,325126.48,02 - VAREJO,0,0,0,0,0,0,0,0,0,0,0,0,0,0,0,0,0,1,0,0,0,0.0,0.0,0,"[""SEG-SENIOR"", ""SEG-POUPADOR"", ""SEG-CONTRIBUINTE-IR""]",0
205282,2022-09-28,N,BR,M,45,2007-11-17,0.0,178,1.0,,1.0,A,S,N,,KFA,N,SP,1.0,602515.38,02 - VAREJO,0,0,0,0,0,0,0,1,0,0,0,0,0,0,0,0,0,0,0,0,0,0.0,0.0,0,"[""SEG-ALTA-RENDA"", ""SEG-CREDITO-ATIVO"", ""SEG-SEM-CARTAO"", ""SEG-INVESTIDOR-INICIANTE"", ""SEG-POUPADOR"", ""SEG-CONTRIBUINTE-IR"", ""SEG-PERFIL-FAMILIAR""]",0
1395936,2022-12-28,N,BR,M,42,2022-05-07,0.0,7,1.0,,1.0,A,S,N,,KHK,N,SP,1.0,315365.46,02 - VAREJO,0,0,1,0,0,0,0,0,0,0,0,0,0,0,0,0,0,0,0,0,0,0.0,0.0,0,"[""SEG-ALTA-RENDA"", ""SEG-CREDITO-ATIVO"", ""SEG-SEM-CARTAO"", ""SEG-INVESTIDOR-INICIANTE"", ""SEG-POUPADOR"", ""SEG-CONTRIBUINTE-IR"", ""SEG-PERFIL-FAMILIAR""]",0
1377113,2023-02-28,N,BR,F,48,2022-01-20,0.0,13,1.0,,1.0,A,S,N,,KAT,N,RS,1.0,8751.23,02 - VAREJO,0,0,0,0,1,0,0,0,0,0,0,0,0,0,0,0,0,0,0,0,0,1.0,1.0,0,"[""SEG-SEM-CARTAO"", ""SEG-INVESTIDOR-INICIANTE"", ""SEG-PERFIL-FAMILIAR""]",0
90950,2023-03-28,N,BR,M,59,2005-03-27,0.0,216,1.0,,1.0,A,S,S,,KAT,N,SP,1.0,61712.96,02 - VAREJO,0,0,0,0,1,0,0,0,0,0,0,0,1,0,1,0,0,1,1,0,0,1.0,1.0,1,"[""SEG-SENIOR"", ""SEG-CREDITO-ATIVO"", ""SEG-INVESTIDOR-INICIANTE"", ""SEG-POUPADOR"", ""SEG-CONTRIBUINTE-IR"", ""SEG-PERFIL-FAMILIAR"", ""SEG-PROPRIETARIO""]",0
571667,2022-12-28,N,BR,F,42,2012-10-22,0.0,122,1.0,,1.0,A,S,N,,KFC,N,SP,1.0,50097.08,02 - VAREJO,0,0,1,0,0,0,0,1,0,0,0,0,0,0,0,0,0,0,0,0,0,0.0,0.0,0,"[""SEG-CREDITO-ATIVO"", ""SEG-SEM-CARTAO"", ""SEG-INVESTIDOR-INICIANTE"", ""SEG-POUPADOR"", ""SEG-CONTRIBUINTE-IR"", ""SEG-PERFIL-FAMILIAR"", ""SEG-VIAJANTE-EVENTO""]",1
141546,2022-10-28,N,BR,F,55,2006-09-02,0.0,194,1.0,,1.0,A,S,N,,KFC,N,RJ,1.0,264409.03,02 - VAREJO,0,0,0,0,1,0,0,0,0,0,0,0,1,1,0,0,0,1,1,0,0,1.0,1.0,1,"[""SEG-SENIOR"", ""SEG-ALTA-RENDA"", ""SEG-CREDITO-ATIVO"", ""SEG-POUPADOR"", ""SEG-CONTRIBUINTE-IR"", ""SEG-INVESTIDOR-EXPERIENTE"", ""SEG-PERFIL-FAMILIAR""]",0
1378413,2022-11-28,N,BR,F,43,2022-01-27,0.0,10,1.0,,1.0,A,S,N,,KFA,N,RJ,1.0,21211.6,02 - VAREJO,0,0,1,0,0,0,0,0,0,0,0,0,1,0,0,0,0,0,1,0,0,0.0,0.0,0,"[""SEG-INVESTIDOR-INICIANTE"", ""SEG-PERFIL-FAMILIAR""]",0
943584,2023-05-28,N,BR,M,29,2018-09-15,0.0,56,1.0,,1.0,I,S,N,,KHE,N,GO,0.0,22779.48,03 - UNIVERSITARIO,0,0,1,0,0,0,0,0,0,0,0,0,0,0,0,0,0,0,0,0,0,0.0,0.0,0,"[""SEG-JOVEM"", ""SEG-VIAJANTE-EVENTO""]",1
1252553,2022-09-28,N,BR,F,47,2021-04-08,0.0,17,1.0,,1.0,A,S,N,,KFA,N,SP,1.0,76727.7,02 - VAREJO,0,0,1,0,0,0,0,0,0,0,0,0,0,0,0,0,0,0,0,0,0,0.0,0.0,0,"[""SEG-ALTA-RENDA"", ""SEG-CREDITO-ATIVO"", ""SEG-SEM-CARTAO"", ""SEG-INVESTIDOR-INICIANTE"", ""SEG-POUPADOR"", ""SEG-CONTRIBUINTE-IR"", ""SEG-PERFIL-FAMILIAR""]",0
1123504,2023-02-28,N,BR,F,51,2020-03-04,0.0,35,1.0,,1,I,S,S,,KFC,N,SP,0.0,191577.08,02 - VAREJO,0,0,1,0,0,0,0,0,0,0,0,0,0,0,0,0,0,0,0,0,0,0.0,0.0,0,"[""SEG-ALTA-RENDA"", ""SEG-POUPADOR"", ""SEG-CONTRIBUINTE-IR""]",0
1081574,2022-10-28,N,BR,F,25,2019-10-16,0.0,36,1.0,,1.0,A,S,N,,KHE,N,SE,1.0,13622.21,03 - UNIVERSITARIO,0,0,1,0,0,0,0,0,0,0,0,0,0,0,0,0,0,0,0,0,0,0.0,0.0,0,"[""SEG-JOVEM"", ""SEG-SEM-CARTAO"", ""SEG-INVESTIDOR-INICIANTE"", ""SEG-PERFIL-FAMILIAR""]",0
1173673,2022-12-28,N,BR,F,30,2020-09-09,0.0,27,1.0,,1.0,A,S,N,,KFC,N,PR,1.0,85861.23,03 - UNIVERSITARIO,0,0,0,0,1,0,0,0,0,0,0,0,0,0,0,0,0,0,0,0,0,0.0,0.0,1,"[""SEG-ALTA-RENDA"", ""SEG-CREDITO-ATIVO"", ""SEG-SEM-CARTAO"", ""SEG-INVESTIDOR-INICIANTE"", ""SEG-POUPADOR"", ""SEG-CONTRIBUINTE-IR"", ""SEG-PERFIL-FAMILIAR"", ""SEG-VIAJANTE-EVENTO""]",1
990396,2023-04-28,N,BR,F,32,2018-12-07,0.0,52,1.0,,1.0,A,S,N,,KHE,N,SP,1.0,81739.25,03 - UNIVERSITARIO,0,0,1,0,0,0,0,0,0,0,0,0,0,0,0,0,0,0,0,0,0,0.0,0.0,0,"[""SEG-ALTA-RENDA"", ""SEG-CREDITO-ATIVO"", ""SEG-SEM-CARTAO"", ""SEG-INVESTIDOR-INICIANTE"", ""SEG-POUPADOR"", ""SEG-CONTRIBUINTE-IR"", ""SEG-PERFIL-FAMILIAR""]",0
1311153,2023-03-28,N,BR,M,19,2021-09-18,0.0,18,1.0,,1.0,I,S,N,,KHE,N,SC,1.0,18919.22,03 - UNIVERSITARIO,0,0,1,0,0,0,0,0,0,0,0,0,0,0,0,0,0,0,0,0,0,0.0,0.0,0,"[""SEG-JOVEM"", ""SEG-SEM-CARTAO"", ""SEG-INVESTIDOR-INICIANTE""]",0
731743,2022-02-28,N,BR,F,38,2014-11-10,0.0,92,1.0,,1.0,A,S,N,,KAG,N,SP,1.0,41991.9,02 - VAREJO,0,0,1,0,0,0,0,0,0,0,0,0,0,0,0,0,0,0,1,0,0,0.0,0.0,0,"[""SEG-CREDITO-ATIVO"", ""SEG-INVESTIDOR-INICIANTE"", ""SEG-POUPADOR"", ""SEG-PERFIL-FAMILIAR""]",0
377538,2023-02-28,N,BR,M,39,2009-08-05,0.0,104,1.0,,1.0,A,S,N,,KFA,N,SP,1.0,8507.18,02 - VAREJO,0,0,0,0,1,0,0,0,0,0,0,0,1,0,0,0,0,1,0,0,0,0.0,0.0,0,"[""SEG-SEM-CARTAO"", ""SEG-INVESTIDOR-INICIANTE"", ""SEG-PERFIL-FAMILIAR""]",0
1035202,2023-02-28,N,BR,F,28,2019-07-30,0.0,43,1.0,,1.0,A,S,N,,KHE,N,MG,1.0,29104.9,03 - UNIVERSITARIO,0,0,1,0,0,0,0,0,0,0,0,0,0,0,0,0,0,0,0,0,0,0.0,0.0,0,"[""SEG-JOVEM"", ""SEG-SEM-CARTAO"", ""SEG-INVESTIDOR-INICIANTE"", ""SEG-PERFIL-FAMILIAR"", ""SEG-VIAJANTE-EVENTO""]",1
892695,2023-03-28,N,BR,F,44,2017-09-27,0.0,66,1.0,,1.0,A,S,N,,KFC,N,SP,1.0,77673.77,02 - VAREJO,0,0,0,0,1,0,1,0,0,0,0,0,1,0,0,0,0,1,0,0,0,0.0,0.0,1,"[""SEG-ALTA-RENDA"", ""SEG-CREDITO-ATIVO"", ""SEG-SEM-CARTAO"", ""SEG-INVESTIDOR-INICIANTE"", ""SEG-POUPADOR"", ""SEG-CONTRIBUINTE-IR"", ""SEG-PERFIL-FAMILIAR""]",0
373519,2022-12-28,N,BR,M,45,2009-07-18,0.0,152,1.0,,1.0,A,S,N,,KAT,N,SP,1.0,155905.77,01 - ALTA RENDA,0,0,0,0,0,0,0,0,0,0,0,1,0,0,0,0,0,0,0,0,0,0.0,0.0,0,"[""SEG-VIP"", ""SEG-ALTA-RENDA"", ""SEG-CREDITO-ATIVO"", ""SEG-SEM-CARTAO"", ""SEG-INVESTIDOR-INICIANTE"", ""SEG-POUPADOR"", ""SEG-CONTRIBUINTE-IR"", ""SEG-PERFIL-FAMILIAR""]",0
399362,2022-06-28,N,BR,M,51,2010-01-03,0.0,150,1.0,,1.0,A,S,N,,KAG,N,SP,1.0,221333.44,01 - ALTA RENDA,0,0,0,0,1,0,0,0,0,0,0,1,0,1,0,0,0,0,0,0,0,1.0,1.0,0,"[""SEG-VIP"", ""SEG-ALTA-RENDA"", ""SEG-CREDITO-ATIVO"", ""SEG-SEM-CARTAO"", ""SEG-POUPADOR"", ""SEG-CONTRIBUINTE-IR"", ""SEG-INVESTIDOR-EXPERIENTE"", ""SEG-PERFIL-FAMILIAR""]",0
380835,2022-08-28,N,BR,F,43,2009-10-23,0.0,154,1.0,,1.0,A,S,N,,KAF,N,BA,1.0,47736.36,02 - VAREJO,0,0,1,0,0,0,0,0,1,0,0,0,0,0,1,0,0,1,1,0,0,0.0,0.0,1,"[""SEG-CREDITO-ATIVO"", ""SEG-INVESTIDOR-INICIANTE"", ""SEG-POUPADOR"", ""SEG-CONTRIBUINTE-IR"", ""SEG-PERFIL-FAMILIAR"", ""SEG-PROPRIETARIO"", ""SEG-VIAJANTE-EVENTO""]",1
358631,2023-02-28,N,BR,M,48,2009-05-13,0.0,165,1.0,,1.0,A,S,N,,KAT,N,CE,1.0,27720.63,01 - ALTA RENDA,0,0,0,0,1,0,0,0,0,0,0,0,1,0,0,0,0,1,0,0,0,1.0,1.0,0,"[""SEG-VIP"", ""SEG-SEM-CARTAO"", ""SEG-INVESTIDOR-INICIANTE"", ""SEG-PERFIL-FAMILIAR""]",0
824167,2022-12-28,N,BR,F,50,2015-12-29,0.0,84,1.0,,1,A,S,N,,KAJ,N,CE,1.0,65387.83,01 - ALTA RENDA,0,0,1,0,0,0,0,0,0,0,0,0,1,0,0,0,0,0,0,0,0,0.0,0.0,0,"[""SEG-VIP"", ""SEG-ALTA-RENDA"", ""SEG-CREDITO-ATIVO"", ""SEG-SEM-CARTAO"", ""SEG-INVESTIDOR-INICIANTE"", ""SEG-POUPADOR"", ""SEG-CONTRIBUINTE-IR"", ""SEG-PERFIL-FAMILIAR""]",0
479300,2022-12-28,N,BR,F,36,2011-06-16,0.0,138,1.0,,1.0,A,S,N,,KAF,N,BA,1.0,111396.68,02 - VAREJO,0,0,0,0,1,0,0,0,0,0,0,0,1,0,0,0,0,1,1,0,1,0.0,0.0,1,"[""SEG-ALTA-RENDA"", ""SEG-CREDITO-ATIVO"", ""SEG-INVESTIDOR-INICIANTE"", ""SEG-POUPADOR"", ""SEG-CONTRIBUINTE-IR"", ""SEG-PERFIL-FAMILIAR""]",0
1337649,2023-04-28,N,BR,F,23,2021-10-21,0.0,18,1.0,,1.0,I,S,S,,KHE,N,PE,0.0,15449.54,03 - UNIVERSITARIO,0,0,0,0,0,0,0,0,0,0,0,0,0,0,0,0,0,0,0,0,0,0.0,0.0,0,"[""SEG-JOVEM""]",0
1048324,2023-05-28,N,BR,F,33,2019-08-09,0.0,45,1.0,,1.0,A,S,N,,KHE,N,RJ,1.0,38963.41,03 - UNIVERSITARIO,0,0,1,0,0,0,0,0,0,0,0,0,0,0,0,0,0,0,0,0,0,0.0,0.0,1,"[""SEG-CREDITO-ATIVO"", ""SEG-SEM-CARTAO"", ""SEG-INVESTIDOR-INICIANTE"", ""SEG-POUPADOR"", ""SEG-PERFIL-FAMILIAR""]",0
1302996,2023-03-28,N,BR,M,24,2021-09-08,0.0,18,1.0,,1.0,I,S,N,,KHE,N,MG,0.0,7620.69,03 - UNIVERSITARIO,0,0,1,0,0,0,0,0,0,0,0,0,0,0,0,0,0,0,0,0,0,0.0,0.0,0,"[""SEG-JOVEM""]",0
723283,2022-06-28,N,BR,M,41,2014-10-04,0.0,93,1.0,,1.0,A,S,S,,KFC,N,SP,1.0,56222.16,02 - VAREJO,0,0,1,0,0,0,0,1,0,0,0,0,0,0,0,0,0,0,0,0,0,0.0,0.0,1,"[""SEG-CREDITO-ATIVO"", ""SEG-SEM-CARTAO"", ""SEG-INVESTIDOR-INICIANTE"", ""SEG-POUPADOR"", ""SEG-CONTRIBUINTE-IR"", ""SEG-PERFIL-FAMILIAR""]",0
1157879,2022-12-28,N,BR,F,23,2020-08-06,0.0,28,1.0,,1.0,I,S,N,,KHE,N,RJ,0.0,173508.88,03 - UNIVERSITARIO,0,0,1,0,0,0,0,0,0,0,0,0,0,0,0,0,0,0,0,0,0,0.0,0.0,0,"[""SEG-JOVEM"", ""SEG-POUPADOR"", ""SEG-VIAJANTE-EVENTO""]",1
548825,2023-01-28,N,BR,F,81,2021-01-22,0.0,24,1.0,,1,A,S,N,,KAT,N,TO,1.0,20567.54,01 - ALTA RENDA,0,0,1,0,0,0,0,0,0,0,0,1,1,0,0,0,0,0,0,0,0,0.0,0.0,0,"[""SEG-VIP"", ""SEG-SENIOR"", ""SEG-SEM-CARTAO"", ""SEG-INVESTIDOR-INICIANTE""]",0
1402170,2023-04-28,N,BR,M,28,2022-06-18,0.0,10,1.0,,1,I,S,N,,KHM,N,SP,0.0,218853.75,02 - VAREJO,0,0,0,0,0,0,0,0,0,0,0,0,0,0,0,0,0,0,0,0,0,0.0,0.0,0,"[""SEG-JOVEM"", ""SEG-ALTA-RENDA"", ""SEG-POUPADOR""]",0
963858,2022-09-28,N,BR,M,25,2018-10-17,0.0,47,1.0,,1.0,I,S,N,,KHE,N,SP,0.0,70439.59,03 - UNIVERSITARIO,0,0,1,0,0,0,0,0,0,0,0,0,0,0,0,0,0,0,0,0,0,0.0,0.0,0,"[""SEG-JOVEM"", ""SEG-ALTA-RENDA"", ""SEG-POUPADOR""]",0
1444324,2023-02-28,N,BR,F,30,2022-09-09,1.0,5,1.0,,1,A,S,N,,KHM,N,SP,1.0,69326.61,01 - ALTA RENDA,0,0,1,0,0,0,0,0,0,0,0,0,1,0,0,0,0,0,0,0,0,0.0,0.0,0,"[""SEG-VIP"", ""SEG-ALTA-RENDA"", ""SEG-SEM-CARTAO"", ""SEG-INVESTIDOR-INICIANTE"", ""SEG-POUPADOR"", ""SEG-CONTRIBUINTE-IR"", ""SEG-PERFIL-FAMILIAR""]",0
57320,2022-09-28,N,BR,F,51,2005-02-06,0.0,191,1.0,,1,A,S,N,,KAT,N,SP,1.0,92480.11,02 - VAREJO,0,0,1,0,0,0,0,0,0,0,0,0,0,0,0,0,0,0,0,0,0,0.0,0.0,0,"[""SEG-ALTA-RENDA"", ""SEG-CREDITO-ATIVO"", ""SEG-SEM-CARTAO"", ""SEG-INVESTIDOR-INICIANTE"", ""SEG-POUPADOR"", ""SEG-CONTRIBUINTE-IR"", ""SEG-PERFIL-FAMILIAR""]",0
1027210,2023-01-28,N,BR,F,21,2019-07-20,0.0,42,1.0,,1,I,S,N,,KHE,N,RJ,0.0,36524.2,03 - UNIVERSITARIO,0,0,1,0,0,0,0,0,0,0,0,0,0,0,0,0,0,0,0,0,0,0.0,0.0,0,"[""SEG-JOVEM"", ""SEG-POUPADOR""]",0
560401,2023-01-28,N,BR,M,47,2012-09-27,0.0,124,1.0,,1.0,A,S,N,,KFC,N,RJ,1.0,66583.3,02 - VAREJO,0,0,1,0,0,0,0,0,0,0,0,1,0,0,0,0,0,0,0,0,0,0.0,0.0,0,"[""SEG-ALTA-RENDA"", ""SEG-CREDITO-ATIVO"", ""SEG-SEM-CARTAO"", ""SEG-INVESTIDOR-INICIANTE"", ""SEG-POUPADOR"", ""SEG-CONTRIBUINTE-IR"", ""SEG-PERFIL-FAMILIAR"", ""SEG-VIAJANTE-EVENTO""]",1
360503,2023-01-28,N,BR,M,53,2009-05-22,0.0,164,1.0,,1.0,A,S,N,,KAT,N,SP,1.0,451144.24,02 - VAREJO,0,0,0,0,1,0,0,0,0,0,0,0,1,0,0,0,0,0,1,0,0,0.0,0.0,1,"[""SEG-ALTA-RENDA"", ""SEG-CREDITO-ATIVO"", ""SEG-INVESTIDOR-INICIANTE"", ""SEG-POUPADOR"", ""SEG-CONTRIBUINTE-IR"", ""SEG-PERFIL-FAMILIAR""]",0
94363,2023-02-28,N,BR,F,58,2005-04-28,0.0,214,1.0,,1.0,I,S,N,,KAT,N,RJ,0.0,16108.13,02 - VAREJO,0,0,0,0,0,0,0,0,0,0,0,0,0,0,0,0,0,0,0,0,0,0.0,0.0,0,"[""SEG-SENIOR"", ""SEG-VIAJANTE-EVENTO""]",1
74439,2022-08-28,N,BR,F,52,2004-10-22,0.0,214,1.0,,1.0,A,S,N,,KAT,N,BA,1.0,35756.15,02 - VAREJO,0,0,1,0,0,0,0,0,0,0,0,0,0,0,0,0,0,0,0,0,0,0.0,0.0,1,"[""SEG-CREDITO-ATIVO"", ""SEG-SEM-CARTAO"", ""SEG-INVESTIDOR-INICIANTE"", ""SEG-POUPADOR"", ""SEG-PERFIL-FAMILIAR""]",0
1118640,2022-12-28,N,BR,M,42,2020-01-21,0.0,26,1.0,,1.0,I,S,N,,KHE,N,RJ,0.0,57908.79,02 - VAREJO,0,0,1,0,0,0,0,0,0,0,0,0,0,0,0,0,0,0,0,0,0,0.0,0.0,0,"[""SEG-POUPADOR"", ""SEG-CONTRIBUINTE-IR"", ""SEG-VIAJANTE-EVENTO""]",1
400992,2023-04-28,N,BR,F,60,2010-01-13,0.0,159,1.0,,1.0,A,S,N,,KAT,N,SP,1.0,29486.02,02 - VAREJO,0,0,0,0,1,0,0,1,0,0,0,0,0,1,1,0,0,0,0,0,0,1.0,1.0,1,"[""SEG-SENIOR"", ""SEG-SEM-CARTAO"", ""SEG-INVESTIDOR-EXPERIENTE"", ""SEG-PERFIL-FAMILIAR"", ""SEG-PROPRIETARIO""]",0
445196,2022-07-28,N,BR,F,51,2010-11-17,0.0,140,1.0,,1.0,A,S,N,,KFC,N,SP,0.0,39286.09,02 - VAREJO,0,0,0,0,0,0,0,0,0,0,0,0,0,0,0,0,0,0,0,0,0,0.0,0.0,0,"[""SEG-POUPADOR""]",0
1480271,2023-04-28,N,BR,M,20,2022-10-15,0.0,6,1.0,,1.0,A,S,N,,KHQ,N,BA,1.0,32716.35,03 - UNIVERSITARIO,0,0,1,0,0,0,0,0,0,0,0,0,0,0,0,0,0,0,0,0,0,0.0,0.0,0,"[""SEG-JOVEM"", ""SEG-SEM-CARTAO"", ""SEG-INVESTIDOR-INICIANTE""]",0
312503,2022-11-28,N,BR,M,44,2009-01-02,0.0,167,1.0,,1.0,I,S,N,,KAT,N,SP,0.0,43535.91,02 - VAREJO,0,0,1,0,0,0,0,1,0,0,0,0,0,0,0,0,0,0,0,0,0,0.0,0.0,0,"[""SEG-POUPADOR""]",0
194961,2023-04-28,N,BR,F,53,2007-09-27,0.0,187,1.0,,1,I,S,N,,KFC,N,SC,0.0,78477.89,02 - VAREJO,0,0,1,0,0,0,0,0,0,0,0,0,1,0,0,0,0,0,0,0,0,0.0,0.0,0,"[""SEG-ALTA-RENDA"", ""SEG-POUPADOR"", ""SEG-CONTRIBUINTE-IR"", ""SEG-VIAJANTE-EVENTO""]",1
755897,2023-03-28,N,BR,M,35,2015-03-21,0.0,75,1.0,,1.0,A,S,N,,KAT,N,RS,1.0,50182.56,02 - VAREJO,0,0,0,0,1,0,0,0,0,0,0,0,0,0,0,0,0,1,0,0,0,1.0,1.0,1,"[""SEG-CREDITO-ATIVO"", ""SEG-SEM-CARTAO"", ""SEG-INVESTIDOR-INICIANTE"", ""SEG-POUPADOR"", ""SEG-CONTRIBUINTE-IR"", ""SEG-PERFIL-FAMILIAR""]",0
1181411,2022-11-28,N,BR,F,38,2020-09-23,0.0,26,1.0,,1.0,I,S,N,,KFC,N,SP,0.0,34911.99,02 - VAREJO,0,0,0,0,0,0,0,0,0,0,0,0,0,0,0,0,0,0,0,0,0,0.0,0.0,0,"[""SEG-POUPADOR""]",0
1151817,2023-04-28,N,BR,F,21,2020-07-31,0.0,32,1.0,,1.0,A,S,N,,KHE,N,RJ,1.0,159560.83,03 - UNIVERSITARIO,0,0,1,0,0,0,0,0,0,0,0,0,0,0,0,0,0,0,0,0,0,0.0,0.0,0,"[""SEG-JOVEM"", ""SEG-CREDITO-ATIVO"", ""SEG-SEM-CARTAO"", ""SEG-INVESTIDOR-INICIANTE"", ""SEG-POUPADOR""]",0
738473,2022-10-28,N,BR,F,57,2014-12-22,0.0,94,1.0,,1.0,A,S,N,,KFC,N,MA,1.0,18776.4,01 - ALTA RENDA,0,0,0,0,0,0,0,0,0,0,0,1,0,0,0,0,0,0,0,0,0,0.0,0.0,0,"[""SEG-VIP"", ""SEG-SENIOR"", ""SEG-SEM-CARTAO"", ""SEG-INVESTIDOR-INICIANTE"", ""SEG-PERFIL-FAMILIAR""]",0
455438,2022-06-28,N,BR,F,39,2011-01-26,0.0,138,1.0,,1.0,A,S,N,,KEY,N,RS,1.0,31182.26,02 - VAREJO,0,0,1,0,0,0,0,0,0,0,0,0,1,0,1,0,0,0,1,0,0,0.0,0.0,1,"[""SEG-INVESTIDOR-INICIANTE"", ""SEG-PERFIL-FAMILIAR"", ""SEG-PROPRIETARIO""]",0
258075,2022-12-28,N,BR,F,69,2008-07-02,1.0,4,1.0,,1.0,A,S,N,,KFA,N,SP,1.0,88403.35,01 - ALTA RENDA,0,0,1,0,0,0,0,0,0,0,0,1,1,0,0,0,0,0,0,0,0,0.0,0.0,1,"[""SEG-VIP"", ""SEG-SENIOR"", ""SEG-SEM-CARTAO"", ""SEG-INVESTIDOR-INICIANTE"", ""SEG-POUPADOR"", ""SEG-VIAJANTE-EVENTO""]",1
584738,2022-03-28,N,BR,M,40,2014-10-18,0.0,115,1.0,,1.0,A,S,N,,KAT,N,SP,1.0,80845.5,02 - VAREJO,0,0,0,0,0,0,0,0,0,0,0,0,0,0,0,1,0,0,0,0,0,0.0,0.0,0,"[""SEG-ALTA-RENDA"", ""SEG-CREDITO-ATIVO"", ""SEG-SEM-CARTAO"", ""SEG-INVESTIDOR-INICIANTE"", ""SEG-POUPADOR"", ""SEG-PERFIL-FAMILIAR""]",0
131337,2022-07-28,N,BR,M,50,2006-05-12,0.0,212,1.0,,1.0,A,S,N,,KAT,N,SP,1.0,92402.72,02 - VAREJO,0,0,1,0,0,0,0,0,0,0,0,0,0,0,0,0,0,0,0,0,0,0.0,0.0,0,"[""SEG-ALTA-RENDA"", ""SEG-CREDITO-ATIVO"", ""SEG-SEM-CARTAO"", ""SEG-INVESTIDOR-INICIANTE"", ""SEG-POUPADOR"", ""SEG-CONTRIBUINTE-IR"", ""SEG-PERFIL-FAMILIAR""]",0
628895,2022-02-28,N,BR,F,92,2013-07-22,0.0,106,1.0,,1.0,I,S,N,,KAT,N,PA,0.0,40534.58,02 - VAREJO,0,0,1,0,0,0,0,0,0,0,0,0,0,0,0,0,0,0,0,0,0,0.0,0.0,0,"[""SEG-SENIOR"", ""SEG-POUPADOR""]",0
511219,2022-12-28,N,BR,M,45,2012-01-12,0.0,131,1.0,,1.0,A,S,N,,KFC,N,MS,1.0,22214.17,02 - VAREJO,0,0,1,0,0,0,0,1,0,0,0,0,0,0,0,0,0,0,0,0,0,0.0,0.0,0,"[""SEG-SEM-CARTAO"", ""SEG-INVESTIDOR-INICIANTE"", ""SEG-PERFIL-FAMILIAR""]",0
542452,2023-02-28,N,BR,M,86,2012-07-19,0.0,127,1.0,,1.0,I,S,N,,KAP,N,PR,0.0,63779.43,02 - VAREJO,0,0,0,0,0,0,0,0,0,0,0,0,0,0,0,0,0,0,0,0,0,0.0,0.0,0,"[""SEG-SENIOR"", ""SEG-POUPADOR""]",0
433401,2022-12-28,N,BR,F,43,2010-09-02,0.0,148,1.0,,1.0,I,S,N,,KAT,N,SP,0.0,35395.65,02 - VAREJO,0,0,1,0,0,0,0,1,0,0,0,0,0,0,0,0,0,0,0,0,0,0.0,0.0,0,"[""SEG-POUPADOR""]",0
348356,2023-05-28,N,BR,F,85,2009-04-08,0.0,169,1.0,,1.0,A,S,N,,KFC,N,BA,1.0,43998.63,01 - ALTA RENDA,0,0,0,0,1,0,0,0,0,0,0,1,1,1,0,1,0,1,0,1,0,0.0,1.0,0,"[""SEG-VIP"", ""SEG-SENIOR"", ""SEG-CREDITO-ATIVO"", ""SEG-SEM-CARTAO"", ""SEG-POUPADOR""]",0
355553,2023-04-28,N,BR,M,49,2009-04-29,0.0,109,1.0,,1.0,A,S,N,,KAH,N,MA,1.0,45399.51,01 - ALTA RENDA,0,0,0,0,1,0,0,0,1,0,0,0,0,0,0,0,0,0,0,0,0,1.0,1.0,0,"[""SEG-VIP"", ""SEG-CREDITO-ATIVO"", ""SEG-SEM-CARTAO"", ""SEG-INVESTIDOR-INICIANTE"", ""SEG-POUPADOR"", ""SEG-CONTRIBUINTE-IR"", ""SEG-PERFIL-FAMILIAR""]",0
354910,2023-05-28,N,BR,M,36,2009-04-25,0.0,169,1.0,,1.0,I,S,N,,KFC,N,RS,0.0,110063.14,02 - VAREJO,0,0,1,0,0,0,0,0,0,0,0,0,0,0,0,0,0,0,0,0,0,0.0,0.0,0,"[""SEG-ALTA-RENDA"", ""SEG-POUPADOR"", ""SEG-CONTRIBUINTE-IR""]",0
596126,2022-11-28,N,BR,F,42,2013-02-08,0.0,117,1.0,,1.0,A,S,N,,KAT,N,SP,1.0,23454.69,02 - VAREJO,0,0,1,0,0,0,0,1,0,0,0,0,0,0,0,0,0,0,0,0,0,0.0,0.0,1,"[""SEG-SEM-CARTAO"", ""SEG-INVESTIDOR-INICIANTE"", ""SEG-PERFIL-FAMILIAR""]",0
111685,2022-10-28,N,BR,F,47,2005-11-16,0.0,203,1.0,,1.0,A,S,N,,KAT,N,SP,1.0,150902.89,01 - ALTA RENDA,0,0,1,0,1,0,0,0,1,0,0,0,0,1,0,0,0,1,1,1,0,1.0,1.0,1,"[""SEG-VIP"", ""SEG-ALTA-RENDA"", ""SEG-CREDITO-ATIVO"", ""SEG-POUPADOR"", ""SEG-CONTRIBUINTE-IR"", ""SEG-PERFIL-FAMILIAR""]",0
405381,2022-08-28,N,BR,M,53,2020-08-19,0.0,150,1.0,,1.0,A,S,N,,KAT,N,RJ,1.0,13464.66,01 - ALTA RENDA,0,0,0,0,0,0,0,0,0,0,0,1,0,0,0,0,0,0,0,0,0,0.0,0.0,0,"[""SEG-VIP"", ""SEG-SEM-CARTAO"", ""SEG-INVESTIDOR-INICIANTE"", ""SEG-PERFIL-FAMILIAR""]",0
1083106,2023-01-28,N,BR,F,29,2019-10-18,0.0,39,1.0,,1.0,I,S,N,,KHE,N,RS,0.0,98294.9,03 - UNIVERSITARIO,0,0,1,0,0,0,0,0,0,0,0,0,0,0,0,0,0,0,0,0,0,0.0,0.0,0,"[""SEG-JOVEM"", ""SEG-ALTA-RENDA"", ""SEG-POUPADOR""]",0
687632,2023-04-28,N,BR,M,18,2014-04-23,0.0,108,1.0,,1.0,A,S,N,,KFC,N,SP,1.0,572071.72,02 - VAREJO,0,0,0,0,0,1,0,0,0,0,0,0,0,0,0,0,0,0,0,0,0,0.0,0.0,0,"[""SEG-JOVEM"", ""SEG-CREDITO-ATIVO"", ""SEG-SEM-CARTAO"", ""SEG-INVESTIDOR-INICIANTE"", ""SEG-POUPADOR"", ""SEG-VIAJANTE-EVENTO""]",1
416805,2022-09-28,N,BR,F,42,2011-08-04,0.0,149,1.0,,1.0,A,S,N,,KFC,N,RS,1.0,39829.22,02 - VAREJO,0,0,1,0,0,0,0,1,0,0,0,0,1,0,1,0,0,0,1,0,0,0.0,0.0,1,"[""SEG-CREDITO-ATIVO"", ""SEG-INVESTIDOR-INICIANTE"", ""SEG-POUPADOR"", ""SEG-PERFIL-FAMILIAR"", ""SEG-PROPRIETARIO""]",0
953293,2022-08-28,N,BR,F,28,2018-10-03,0.0,46,1.0,,1.0,A,S,N,,KHE,N,PR,1.0,50377.8,03 - UNIVERSITARIO,0,0,1,0,0,0,0,0,0,0,0,0,0,0,0,0,0,0,0,0,0,0.0,0.0,0,"[""SEG-JOVEM"", ""SEG-CREDITO-ATIVO"", ""SEG-SEM-CARTAO"", ""SEG-INVESTIDOR-INICIANTE"", ""SEG-POUPADOR"", ""SEG-PERFIL-FAMILIAR""]",0
290161,2022-10-28,N,BR,F,59,2008-11-03,0.0,167,1.0,,1.0,I,S,N,,KAT,N,RJ,0.0,249615.37,02 - VAREJO,0,0,1,0,0,0,0,0,0,0,0,0,0,0,0,0,0,0,0,0,0,0.0,0.0,0,"[""SEG-SENIOR"", ""SEG-POUPADOR"", ""SEG-CONTRIBUINTE-IR""]",0
865263,2022-09-28,N,BR,F,46,2017-02-15,0.0,67,1.0,,1.0,A,S,S,,KFC,N,RJ,1.0,261273.1,01 - ALTA RENDA,0,0,1,0,1,0,0,0,1,0,0,0,1,1,0,0,0,0,0,1,0,1.0,1.0,0,"[""SEG-VIP"", ""SEG-ALTA-RENDA"", ""SEG-CREDITO-ATIVO"", ""SEG-SEM-CARTAO"", ""SEG-POUPADOR"", ""SEG-CONTRIBUINTE-IR"", ""SEG-PERFIL-FAMILIAR""]",0
528222,2022-12-28,N,BR,F,41,2017-11-25,0.0,127,1.0,,1.0,A,S,N,,013,N,SC,1.0,180363.67,02 - VAREJO,0,0,1,0,0,0,0,0,0,0,0,0,0,0,0,0,0,0,0,0,0,0.0,0.0,0,"[""SEG-ALTA-RENDA"", ""SEG-CREDITO-ATIVO"", ""SEG-SEM-CARTAO"", ""SEG-INVESTIDOR-INICIANTE"", ""SEG-POUPADOR"", ""SEG-CONTRIBUINTE-IR"", ""SEG-PERFIL-FAMILIAR""]",0
850244,2023-05-28,N,BR,F,41,2016-08-25,0.0,81,1.0,,1.0,A,S,N,,KAT,N,AL,1.0,8275.33,02 - VAREJO,0,0,1,0,0,0,0,0,1,0,0,0,0,0,0,0,0,0,0,0,0,0.0,0.0,1,"[""SEG-SEM-CARTAO"", ""SEG-INVESTIDOR-INICIANTE"", ""SEG-PERFIL-FAMILIAR"", ""SEG-VIAJANTE-EVENTO""]",1
832188,2022-07-28,N,BR,M,74,2016-02-04,0.0,77,1.0,,1.0,A,S,N,,KAT,N,RJ,1.0,56491.46,02 - VAREJO,0,0,1,0,0,0,0,0,1,0,0,0,0,0,0,0,0,0,0,0,0,0.0,1.0,1,"[""SEG-SENIOR"", ""SEG-CREDITO-ATIVO"", ""SEG-SEM-CARTAO"", ""SEG-INVESTIDOR-INICIANTE"", ""SEG-POUPADOR""]",0
1158106,2022-02-28,N,BR,F,34,2020-08-06,0.0,23,1.0,,1.0,A,S,N,,KAT,N,RS,1.0,35082.55,03 - UNIVERSITARIO,0,0,0,0,1,0,0,0,0,0,0,0,0,0,0,0,0,0,1,0,0,1.0,1.0,1,"[""SEG-CREDITO-ATIVO"", ""SEG-INVESTIDOR-INICIANTE"", ""SEG-POUPADOR"", ""SEG-PERFIL-FAMILIAR""]",0
223291,2023-04-28,N,BR,F,50,2008-02-19,0.0,182,1.0,,1.0,I,S,N,,KAT,N,GO,1.0,10621.2,02 - VAREJO,0,0,1,0,0,0,0,1,0,0,0,0,0,0,0,0,0,0,0,0,0,0.0,0.0,0,"[""SEG-SEM-CARTAO"", ""SEG-INVESTIDOR-INICIANTE"", ""SEG-PERFIL-FAMILIAR""]",0
462395,2022-07-28,N,BR,F,74,2011-03-03,0.0,136,1.0,,1.0,A,S,N,,KBZ,N,SP,1.0,366862.62,02 - VAREJO,0,0,0,0,0,0,0,0,0,0,0,0,0,0,0,0,0,0,0,0,0,0.0,0.0,0,"[""SEG-SENIOR"", ""SEG-CREDITO-ATIVO"", ""SEG-SEM-CARTAO"", ""SEG-INVESTIDOR-INICIANTE"", ""SEG-POUPADOR""]",0
1114298,2023-04-28,N,BR,M,28,2019-12-20,0.0,40,1.0,,1.0,A,S,N,,KAT,N,SP,1.0,40699.79,03 - UNIVERSITARIO,0,0,1,0,0,0,0,0,0,0,0,0,1,0,0,0,0,0,0,0,0,0.0,0.0,0,"[""SEG-JOVEM"", ""SEG-CREDITO-ATIVO"", ""SEG-SEM-CARTAO"", ""SEG-INVESTIDOR-INICIANTE"", ""SEG-POUPADOR"", ""SEG-PERFIL-FAMILIAR""]",0
1194899,2023-04-28,N,BR,M,34,2020-10-10,0.0,30,1.0,,1.0,A,S,N,,KFC,N,RJ,0.0,58340.3,02 - VAREJO,0,0,0,0,0,0,0,0,0,0,0,0,1,0,0,0,0,0,0,0,0,0.0,0.0,0,"[""SEG-POUPADOR"", ""SEG-CONTRIBUINTE-IR""]",0
293073,2023-05-28,N,BR,M,74,2008-11-08,0.0,174,1.0,,1.0,A,S,N,,KFC,N,SP,1.0,195636.29,01 - ALTA RENDA,0,0,0,0,0,0,0,0,0,0,0,1,1,1,0,1,0,0,0,0,0,0.0,0.0,0,"[""SEG-VIP"", ""SEG-SENIOR"", ""SEG-CREDITO-ATIVO"", ""SEG-SEM-CARTAO"", ""SEG-POUPADOR"", ""SEG-INVESTIDOR-EXPERIENTE""]",0
343493,2023-02-28,N,BR,F,55,2009-03-18,0.0,167,1.0,,1.0,A,S,N,,KAB,N,PR,1.0,17769.49,01 - ALTA RENDA,0,0,1,0,0,0,0,0,0,0,0,1,0,0,0,0,0,0,0,0,0,0.0,0.0,0,"[""SEG-VIP"", ""SEG-SENIOR"", ""SEG-SEM-CARTAO"", ""SEG-INVESTIDOR-INICIANTE"", ""SEG-PERFIL-FAMILIAR""]",0
1255340,2022-09-28,N,BR,F,62,2021-04-28,0.0,18,1.0,,1.0,A,S,N,,RED,N,BA,1.0,8052.65,02 - VAREJO,0,0,0,0,1,0,0,0,0,0,0,0,0,0,0,0,0,0,0,0,0,1.0,1.0,1,"[""SEG-SENIOR"", ""SEG-SEM-CARTAO"", ""SEG-INVESTIDOR-INICIANTE""]",0
88215,2022-06-28,N,BR,M,86,2005-03-04,0.0,209,1.0,,1.0,A,S,N,,KAT,N,PR,1.0,11648.83,02 - VAREJO,0,0,0,0,0,0,0,0,0,0,0,0,0,1,0,0,0,0,0,0,0,0.0,0.0,0,"[""SEG-SENIOR"", ""SEG-SEM-CARTAO"", ""SEG-INVESTIDOR-EXPERIENTE""]",0
590887,2022-01-28,N,BR,M,48,2013-01-11,0.0,114,1.0,,1.0,A,S,N,,KFC,N,SP,1.0,93881.77,02 - VAREJO,0,0,1,0,0,0,0,0,0,0,0,0,1,0,0,0,0,0,0,0,0,0.0,0.0,0,"[""SEG-ALTA-RENDA"", ""SEG-CREDITO-ATIVO"", ""SEG-SEM-CARTAO"", ""SEG-INVESTIDOR-INICIANTE"", ""SEG-POUPADOR"", ""SEG-CONTRIBUINTE-IR"", ""SEG-PERFIL-FAMILIAR""]",0
966350,2022-06-28,N,BR,M,27,2018-10-20,0.0,45,1.0,,1.0,I,S,N,,KHE,N,MG,0.0,43045.8,03 - UNIVERSITARIO,0,0,1,0,0,0,0,0,0,0,0,0,0,0,0,0,0,0,0,0,0,0.0,0.0,0,"[""SEG-JOVEM"", ""SEG-POUPADOR""]",0
484229,2022-04-28,N,BR,F,50,2011-07-21,0.0,132,1.0,,1.0,A,S,N,,KFC,N,RS,1.0,60852.63,02 - VAREJO,0,0,0,0,1,0,0,0,0,0,0,0,0,1,0,0,0,0,0,0,0,0.0,0.0,0,"[""SEG-CREDITO-ATIVO"", ""SEG-SEM-CARTAO"", ""SEG-POUPADOR"", ""SEG-CONTRIBUINTE-IR"", ""SEG-INVESTIDOR-EXPERIENTE"", ""SEG-PERFIL-FAMILIAR""]",0
474130,2023-02-28,N,BR,M,43,2011-05-14,0.0,141,1.0,,1.0,I,S,N,,KAB,N,PR,0.0,47503.16,02 - VAREJO,0,0,0,0,0,0,0,1,0,0,0,0,0,0,0,0,0,0,0,0,0,0.0,0.0,0,"[""SEG-POUPADOR"", ""SEG-CONTRIBUINTE-IR""]",0
1101300,2022-06-28,N,BR,M,37,2019-11-15,0.0,32,1.0,,1.0,A,S,N,,KAT,N,SP,1.0,34454.0,01 - ALTA RENDA,0,0,1,0,0,0,0,0,0,0,0,1,0,0,0,0,0,0,0,0,0,0.0,0.0,0,"[""SEG-VIP"", ""SEG-CREDITO-ATIVO"", ""SEG-SEM-CARTAO"", ""SEG-INVESTIDOR-INICIANTE"", ""SEG-POUPADOR"", ""SEG-PERFIL-FAMILIAR""]",0
1146601,2022-12-28,N,BR,F,23,2020-07-24,0.0,29,1.0,,1.0,I,S,N,,KHE,N,RJ,0.0,102945.18,03 - UNIVERSITARIO,0,0,1,0,0,0,0,0,0,0,0,0,0,0,0,0,0,0,0,0,0,0.0,0.0,0,"[""SEG-JOVEM"", ""SEG-POUPADOR""]",0
193583,2022-10-28,N,BR,M,51,2007-11-29,0.0,179,1.0,,1.0,A,S,S,,KAT,N,SP,1.0,43070.03,01 - ALTA RENDA,0,0,0,0,1,0,0,0,0,0,0,1,1,0,0,0,0,0,0,0,0,1.0,1.0,0,"[""SEG-VIP"", ""SEG-CREDITO-ATIVO"", ""SEG-SEM-CARTAO"", ""SEG-INVESTIDOR-INICIANTE"", ""SEG-POUPADOR"", ""SEG-PERFIL-FAMILIAR""]",0
1021416,2023-01-28,N,BR,F,24,2019-06-29,0.0,43,1.0,,1.0,I,S,N,,KHE,N,SC,0.0,43845.43,03 - UNIVERSITARIO,0,0,1,0,0,0,0,0,0,0,0,0,0,0,0,0,0,0,0,0,0,0.0,0.0,0,"[""SEG-JOVEM"", ""SEG-POUPADOR""]",0
250841,2022-07-28,N,BR,F,59,2008-06-04,0.0,169,1.0,,1.0,A,S,S,,KFC,N,RJ,1.0,31319.53,01 - ALTA RENDA,0,0,1,0,0,0,0,0,0,0,0,1,1,1,0,0,0,0,0,0,0,0.0,0.0,0,"[""SEG-VIP"", ""SEG-SENIOR"", ""SEG-SEM-CARTAO"", ""SEG-INVESTIDOR-EXPERIENTE"", ""SEG-PERFIL-FAMILIAR""]",0
844888,2022-04-28,N,BR,F,21,2016-06-18,0.0,73,1.0,,1.0,A,S,N,,KFC,N,SP,1.0,86932.15,03 - UNIVERSITARIO,0,0,1,0,0,0,0,0,0,0,0,0,1,0,0,0,0,0,0,0,0,0.0,0.0,0,"[""SEG-JOVEM"", ""SEG-CREDITO-ATIVO"", ""SEG-SEM-CARTAO"", ""SEG-INVESTIDOR-INICIANTE"", ""SEG-POUPADOR""]",0
255335,2022-11-28,N,BR,F,60,2008-06-21,0.0,173,1.0,,1.0,I,S,N,,KAT,N,SP,0.0,52055.45,02 - VAREJO,0,0,0,0,0,0,0,1,0,0,0,0,0,0,0,0,0,0,0,0,0,0.0,0.0,0,"[""SEG-SENIOR"", ""SEG-POUPADOR"", ""SEG-CONTRIBUINTE-IR""]",0
451717,2022-01-28,N,BR,M,72,2011-03-29,0.0,136,1.0,,1.0,I,S,N,,KAH,N,RJ,0.0,66576.83,02 - VAREJO,0,0,1,0,0,0,0,0,0,0,0,0,0,0,0,0,0,0,0,0,0,0.0,0.0,0,"[""SEG-SENIOR"", ""SEG-POUPADOR""]",0
288825,2023-05-28,N,BR,M,53,2019-05-17,0.0,175,1.0,,1.0,I,S,N,,KFC,N,RJ,0.0,133393.16,02 - VAREJO,0,0,0,0,0,0,0,0,0,0,0,0,0,0,0,0,0,0,0,0,0,0.0,0.0,0,"[""SEG-ALTA-RENDA"", ""SEG-POUPADOR"", ""SEG-CONTRIBUINTE-IR""]",0
233115,2022-10-28,N,BR,F,54,2008-03-26,0.0,175,1.0,,1.0,I,S,N,,KAT,N,ES,0.0,24368.87,02 - VAREJO,0,0,1,0,0,0,0,1,0,0,0,0,0,0,0,0,0,0,0,0,0,0.0,0.0,0,"[""SEG-VIAJANTE-EVENTO""]",1
63746,2022-07-28,N,BR,M,46,2005-06-16,0.0,205,1.0,,1.0,A,S,N,,KAT,N,SP,1.0,119130.18,02 - VAREJO,0,0,1,0,0,0,0,1,0,0,0,0,0,0,0,0,0,0,0,0,0,0.0,0.0,0,"[""SEG-ALTA-RENDA"", ""SEG-CREDITO-ATIVO"", ""SEG-SEM-CARTAO"", ""SEG-INVESTIDOR-INICIANTE"", ""SEG-POUPADOR"", ""SEG-CONTRIBUINTE-IR"", ""SEG-PERFIL-FAMILIAR""]",0
104014,2023-02-28,A,BR,M,44,2005-08-24,0.0,210,1.0,,1.0,A,S,N,,KAT,N,SP,1.0,528396.86,02 - VAREJO,0,0,1,0,0,0,0,1,1,0,0,0,0,0,0,0,0,0,0,0,0,0.0,0.0,1,"[""SEG-ALTA-RENDA"", ""SEG-CREDITO-ATIVO"", ""SEG-SEM-CARTAO"", ""SEG-INVESTIDOR-INICIANTE"", ""SEG-POUPADOR"", ""SEG-CONTRIBUINTE-IR"", ""SEG-PERFIL-FAMILIAR""]",0
825607,2022-05-28,N,BR,F,56,2016-01-09,0.0,78,1.0,,1.0,A,S,N,,KAT,N,SP,1.0,101090.86,02 - VAREJO,0,0,1,0,0,0,0,0,0,0,0,0,0,0,0,0,0,0,0,0,0,0.0,0.0,0,"[""SEG-SENIOR"", ""SEG-CREDITO-ATIVO"", ""SEG-SEM-CARTAO"", ""SEG-INVESTIDOR-INICIANTE"", ""SEG-POUPADOR"", ""SEG-CONTRIBUINTE-IR"", ""SEG-PERFIL-FAMILIAR""]",0
154697,2022-05-28,N,BR,F,46,2006-12-30,0.0,187,1.0,,1.0,A,S,N,,KAT,N,RJ,1.0,56023.11,02 - VAREJO,0,0,1,0,0,0,0,1,0,0,0,0,0,0,0,0,0,0,0,1,0,0.0,0.0,1,"[""SEG-CREDITO-ATIVO"", ""SEG-SEM-CARTAO"", ""SEG-INVESTIDOR-INICIANTE"", ""SEG-POUPADOR"", ""SEG-CONTRIBUINTE-IR"", ""SEG-PERFIL-FAMILIAR"", ""SEG-VIAJANTE-EVENTO""]",1
693615,2023-04-28,N,BR,F,50,2014-06-28,0.0,106,1.0,,1.0,A,S,N,,KAT,N,RJ,1.0,17813.69,02 - VAREJO,0,0,1,0,0,0,0,0,0,0,0,0,0,0,1,0,0,0,0,0,0,0.0,0.0,0,"[""SEG-SEM-CARTAO"", ""SEG-INVESTIDOR-INICIANTE"", ""SEG-PERFIL-FAMILIAR"", ""SEG-PROPRIETARIO""]",0
244278,2022-12-28,N,BR,F,81,2008-05-07,0.0,175,1.0,,1.0,I,S,N,,KAT,N,RJ,0.0,52908.64,02 - VAREJO,0,0,0,0,0,0,0,0,0,0,0,0,0,0,0,0,0,0,0,0,0,0.0,0.0,0,"[""SEG-SENIOR"", ""SEG-POUPADOR"", ""SEG-VIAJANTE-EVENTO""]",1
557066,2023-04-28,N,BR,M,86,2012-09-17,0.0,127,1.0,,1.0,A,S,N,,KFC,N,PA,1.0,85488.75,02 - VAREJO,0,0,1,0,0,0,0,1,0,0,0,0,0,0,0,0,0,0,0,0,0,0.0,0.0,0,"[""SEG-SENIOR"", ""SEG-CREDITO-ATIVO"", ""SEG-SEM-CARTAO"", ""SEG-INVESTIDOR-INICIANTE"", ""SEG-POUPADOR""]",0
41069,2023-04-28,N,BR,F,54,2003-06-12,0.0,238,1.0,,1.0,A,S,N,,KAT,N,SP,1.0,550253.02,01 - ALTA RENDA,0,0,1,0,0,0,0,0,0,0,0,1,0,0,0,0,0,0,1,0,0,0.0,0.0,0,"[""SEG-VIP"", ""SEG-ALTA-RENDA"", ""SEG-CREDITO-ATIVO"", ""SEG-INVESTIDOR-INICIANTE"", ""SEG-POUPADOR"", ""SEG-CONTRIBUINTE-IR"", ""SEG-PERFIL-FAMILIAR""]",0
1152669,2022-12-28,N,BR,M,23,2020-08-01,0.0,28,1.0,,1.0,A,S,N,,KHE,N,PE,1.0,10833.53,03 - UNIVERSITARIO,0,0,1,0,0,0,0,0,0,0,0,0,0,0,0,0,0,0,0,0,0,0.0,0.0,1,"[""SEG-JOVEM"", ""SEG-SEM-CARTAO"", ""SEG-INVESTIDOR-INICIANTE""]",0
700487,2023-04-28,N,BR,M,43,2014-06-29,0.0,106,1.0,,1.0,I,S,N,,KAT,N,SP,0.0,90195.62,02 - VAREJO,0,0,0,0,0,0,0,0,0,0,0,0,0,0,0,0,0,0,0,0,0,0.0,0.0,0,"[""SEG-ALTA-RENDA"", ""SEG-POUPADOR"", ""SEG-CONTRIBUINTE-IR""]",0
906081,2022-11-28,N,BR,M,67,2018-03-07,0.0,56,1.0,,1,I,S,N,,KFC,N,MA,0.0,28066.56,02 - VAREJO,0,0,0,0,0,0,0,0,0,0,0,0,0,0,0,0,0,0,0,0,0,0.0,0.0,0,"[""SEG-SENIOR"", ""SEG-VIAJANTE-EVENTO""]",1
771955,2023-02-28,N,BR,M,54,2015-06-05,0.0,92,1.0,,1.0,A,S,N,,KAT,N,AP,1.0,12486.96,01 - ALTA RENDA,0,0,0,0,0,0,0,0,0,0,0,0,1,1,0,0,0,0,0,0,0,0.0,0.0,0,"[""SEG-VIP"", ""SEG-SEM-CARTAO"", ""SEG-INVESTIDOR-EXPERIENTE"", ""SEG-PERFIL-FAMILIAR""]",0
176543,2022-11-28,N,BR,F,64,2007-05-19,0.0,186,1.0,,1.0,A,S,N,,KFC,N,SP,1.0,58868.9,01 - ALTA RENDA,0,0,0,0,1,0,0,0,0,0,0,1,1,1,0,0,0,1,1,0,0,0.0,0.0,1,"[""SEG-VIP"", ""SEG-SENIOR"", ""SEG-CREDITO-ATIVO"", ""SEG-POUPADOR"", ""SEG-INVESTIDOR-EXPERIENTE""]",0
555965,2022-11-28,N,BR,M,71,2012-09-13,0.0,90,1.0,,1,A,S,N,,KAB,N,PR,1.0,63783.31,02 - VAREJO,0,0,1,0,0,0,0,0,0,0,0,0,0,0,0,0,0,0,0,0,0,0.0,0.0,0,"[""SEG-SENIOR"", ""SEG-CREDITO-ATIVO"", ""SEG-SEM-CARTAO"", ""SEG-INVESTIDOR-INICIANTE"", ""SEG-POUPADOR""]",0
422562,2023-05-28,N,BR,F,52,2012-03-17,0.0,155,1.0,,1.0,A,S,N,,KAT,N,MA,1.0,7779.87,02 - VAREJO,0,0,0,0,0,0,0,0,0,0,0,0,0,0,1,0,0,0,0,0,0,0.0,0.0,0,"[""SEG-SEM-CARTAO"", ""SEG-INVESTIDOR-INICIANTE"", ""SEG-PERFIL-FAMILIAR"", ""SEG-PROPRIETARIO""]",0
291441,2023-05-28,N,BR,F,65,2008-11-06,0.0,174,1.0,,1.0,A,S,N,,KFC,N,SP,1.0,492198.0,02 - VAREJO,0,0,1,0,0,0,0,1,0,0,0,0,0,0,0,0,0,0,0,1,0,0.0,0.0,0,"[""SEG-SENIOR"", ""SEG-CREDITO-ATIVO"", ""SEG-SEM-CARTAO"", ""SEG-INVESTIDOR-INICIANTE"", ""SEG-POUPADOR""]",0
617916,2022-10-28,N,BR,M,47,2013-05-31,0.0,113,1.0,,1.0,A,S,N,,KAG,N,SP,1.0,520300.87,01 - ALTA RENDA,0,0,0,0,1,0,0,0,1,0,0,0,1,1,0,0,0,1,0,0,0,1.0,1.0,1,"[""SEG-VIP"", ""SEG-ALTA-RENDA"", ""SEG-CREDITO-ATIVO"", ""SEG-SEM-CARTAO"", ""SEG-POUPADOR"", ""SEG-CONTRIBUINTE-IR"", ""SEG-INVESTIDOR-EXPERIENTE"", ""SEG-PERFIL-FAMILIAR""]",0
937837,2022-06-28,N,BR,F,26,2018-09-02,0.0,46,1.0,,1.0,A,S,N,,KHE,N,RJ,1.0,57197.07,03 - UNIVERSITARIO,0,0,1,0,0,0,0,0,0,0,0,0,0,0,0,0,0,0,0,0,0,0.0,0.0,0,"[""SEG-JOVEM"", ""SEG-CREDITO-ATIVO"", ""SEG-SEM-CARTAO"", ""SEG-INVESTIDOR-INICIANTE"", ""SEG-POUPADOR"", ""SEG-PERFIL-FAMILIAR"", ""SEG-VIAJANTE-EVENTO""]",1
1301358,2023-05-28,N,BR,M,23,2021-09-02,0.0,20,1.0,,1.0,A,S,N,,KHE,N,MG,1.0,8148.92,03 - UNIVERSITARIO,0,0,1,0,0,0,0,0,0,0,0,0,0,0,0,0,0,0,0,0,0,0.0,0.0,0,"[""SEG-JOVEM"", ""SEG-SEM-CARTAO"", ""SEG-INVESTIDOR-INICIANTE""]",0
472753,2022-05-28,N,BR,F,65,2011-05-07,0.0,134,1.0,,1.0,I,S,N,,KFA,N,SP,0.0,155244.79,02 - VAREJO,0,0,1,0,0,0,0,0,0,0,0,0,0,0,0,0,0,0,0,0,0,0.0,0.0,0,"[""SEG-SENIOR"", ""SEG-POUPADOR""]",0
885320,2023-01-28,N,BR,F,55,2017-07-05,0.0,66,1.0,,1.0,A,S,N,,KFC,N,SP,1.0,34662.43,01 - ALTA RENDA,0,0,0,0,1,0,0,0,1,0,0,0,0,1,0,0,0,0,0,0,0,1.0,1.0,0,"[""SEG-VIP"", ""SEG-SENIOR"", ""SEG-CREDITO-ATIVO"", ""SEG-SEM-CARTAO"", ""SEG-POUPADOR"", ""SEG-INVESTIDOR-EXPERIENTE"", ""SEG-PERFIL-FAMILIAR""]",0
101171,2022-12-28,N,BR,F,68,2005-07-02,0.0,210,1.0,,1.0,A,S,N,,KAT,N,RJ,0.0,110812.26,02 - VAREJO,0,0,0,0,0,0,0,0,0,0,0,0,0,0,0,0,0,0,0,0,0,0.0,0.0,0,"[""SEG-SENIOR"", ""SEG-POUPADOR""]",0
1255244,2022-09-28,N,BR,F,56,2021-04-25,0.0,17,1.0,,1,I,S,N,,KFC,N,SC,0.0,48839.19,02 - VAREJO,0,0,0,0,0,0,0,0,0,0,0,0,0,0,0,0,0,0,0,0,0,0.0,0.0,0,"[""SEG-SENIOR"", ""SEG-POUPADOR"", ""SEG-CONTRIBUINTE-IR""]",0
1204302,2023-04-28,N,BR,M,20,2020-10-22,0.0,30,1.0,,1.0,I,S,N,,KHE,N,GO,0.0,24995.92,03 - UNIVERSITARIO,0,0,0,0,0,0,0,0,0,0,0,0,0,0,0,0,0,0,0,0,0,0.0,0.0,0,"[""SEG-JOVEM""]",0
1117491,2022-12-28,N,BR,M,90,2020-01-10,0.0,35,1.0,,1.0,I,S,N,,KHE,N,SE,0.0,33168.16,02 - VAREJO,0,0,0,0,0,0,0,0,0,0,0,0,0,0,0,0,0,0,0,0,0,0.0,0.0,0,"[""SEG-SENIOR""]",0
1083432,2022-11-28,N,BR,M,30,2019-10-18,0.0,37,1.0,,1.0,A,S,N,,KHE,N,RJ,1.0,59864.94,03 - UNIVERSITARIO,0,0,0,0,1,0,0,0,0,0,0,0,0,0,0,0,0,0,0,0,0,1.0,1.0,0,"[""SEG-CREDITO-ATIVO"", ""SEG-SEM-CARTAO"", ""SEG-INVESTIDOR-INICIANTE"", ""SEG-POUPADOR"", ""SEG-CONTRIBUINTE-IR"", ""SEG-PERFIL-FAMILIAR""]",0
1261593,2022-11-28,N,BR,F,48,2021-06-03,0.0,17,1.0,,1,A,S,N,,KAT,N,MG,1.0,31478.44,01 - ALTA RENDA,0,0,0,0,0,0,0,0,0,0,0,1,0,0,0,0,0,0,0,0,0,0.0,0.0,0,"[""SEG-VIP"", ""SEG-SEM-CARTAO"", ""SEG-INVESTIDOR-INICIANTE"", ""SEG-PERFIL-FAMILIAR""]",0
412333,2023-01-28,N,BR,M,94,2010-03-25,0.0,154,1.0,,1.0,I,S,N,,KAY,N,RJ,0.0,9397.21,02 - VAREJO,0,0,0,0,0,0,0,0,0,0,0,0,0,0,0,0,0,0,0,0,0,0.0,0.0,0,"[""SEG-SENIOR""]",0
300569,2022-09-28,N,BR,M,43,2008-11-23,0.0,164,1.0,,1.0,A,S,N,,KAT,N,SP,1.0,15368.06,02 - VAREJO,0,0,1,0,1,0,0,1,1,0,0,0,0,0,1,0,0,0,0,0,0,1.0,1.0,1,"[""SEG-SEM-CARTAO"", ""SEG-INVESTIDOR-INICIANTE"", ""SEG-PERFIL-FAMILIAR"", ""SEG-PROPRIETARIO""]",0
992841,2023-01-28,N,BR,M,24,2018-12-12,0.0,49,1.0,,1,I,S,N,,KHE,N,PE,0.0,35181.72,03 - UNIVERSITARIO,0,0,1,0,0,0,0,0,0,0,0,0,0,0,0,0,0,0,0,0,0,0.0,0.0,0,"[""SEG-JOVEM"", ""SEG-POUPADOR""]",0
1224025,2022-11-28,N,BR,F,26,2020-11-22,0.0,24,1.0,,1.0,A,S,N,,KFC,N,BA,1.0,50547.15,02 - VAREJO,0,0,0,0,0,0,0,0,0,0,0,0,0,0,0,0,0,1,0,0,0,1.0,1.0,1,"[""SEG-JOVEM"", ""SEG-CREDITO-ATIVO"", ""SEG-SEM-CARTAO"", ""SEG-INVESTIDOR-INICIANTE"", ""SEG-POUPADOR"", ""SEG-PERFIL-FAMILIAR""]",0
1342727,2023-02-28,N,BR,M,20,2021-10-28,0.0,16,1.0,,1.0,I,S,N,,KHF,N,RJ,0.0,116907.88,03 - UNIVERSITARIO,0,0,0,0,0,0,0,0,0,0,0,0,0,0,0,0,0,0,0,0,0,0.0,0.0,0,"[""SEG-JOVEM"", ""SEG-POUPADOR""]",0
700412,2023-05-28,N,BR,M,42,2015-11-04,0.0,90,1.0,,1.0,A,S,N,,KAT,N,SP,1.0,116409.44,02 - VAREJO,0,0,0,0,0,0,0,0,1,0,0,0,0,0,0,0,0,0,0,0,0,0.0,0.0,0,"[""SEG-ALTA-RENDA"", ""SEG-CREDITO-ATIVO"", ""SEG-SEM-CARTAO"", ""SEG-INVESTIDOR-INICIANTE"", ""SEG-POUPADOR"", ""SEG-CONTRIBUINTE-IR"", ""SEG-PERFIL-FAMILIAR"", ""SEG-VIAJANTE-EVENTO""]",1
353162,2022-03-28,N,BR,F,49,2009-04-22,0.0,159,1.0,,1.0,A,S,N,,KFC,N,RJ,1.0,99949.91,02 - VAREJO,0,0,1,0,0,0,0,0,0,0,0,0,0,0,0,0,0,0,0,0,0,0.0,0.0,0,"[""SEG-ALTA-RENDA"", ""SEG-CREDITO-ATIVO"", ""SEG-SEM-CARTAO"", ""SEG-INVESTIDOR-INICIANTE"", ""SEG-POUPADOR"", ""SEG-CONTRIBUINTE-IR"", ""SEG-PERFIL-FAMILIAR"", ""SEG-VIAJANTE-EVENTO""]",1
308136,2022-03-28,N,BR,M,42,2008-12-17,0.0,163,1.0,,1.0,A,S,N,,KCG,N,RJ,1.0,90088.81,01 - ALTA RENDA,0,0,1,0,0,0,0,1,0,0,0,1,0,0,0,0,0,0,0,0,0,0.0,0.0,0,"[""SEG-VIP"", ""SEG-ALTA-RENDA"", ""SEG-CREDITO-ATIVO"", ""SEG-SEM-CARTAO"", ""SEG-INVESTIDOR-INICIANTE"", ""SEG-POUPADOR"", ""SEG-CONTRIBUINTE-IR"", ""SEG-PERFIL-FAMILIAR""]",0
102837,2022-10-28,N,BR,F,43,2005-07-27,0.0,210,1.0,,1.0,A,S,N,,KAT,N,SP,1.0,111480.79,02 - VAREJO,0,0,1,0,0,0,0,0,1,0,0,0,1,0,0,0,0,0,0,0,0,0.0,0.0,1,"[""SEG-ALTA-RENDA"", ""SEG-CREDITO-ATIVO"", ""SEG-SEM-CARTAO"", ""SEG-INVESTIDOR-INICIANTE"", ""SEG-POUPADOR"", ""SEG-CONTRIBUINTE-IR"", ""SEG-PERFIL-FAMILIAR""]",0
490142,2023-05-28,N,BR,M,41,2011-09-08,0.0,140,1.0,,1.0,A,S,N,,KFC,N,MG,1.0,19045.69,02 - VAREJO,0,0,1,0,0,0,0,1,0,0,0,0,0,0,0,0,0,0,0,0,0,0.0,0.0,0,"[""SEG-SEM-CARTAO"", ""SEG-INVESTIDOR-INICIANTE"", ""SEG-PERFIL-FAMILIAR""]",0
1346359,2022-08-28,N,BR,M,23,2021-11-03,0.0,10,1.0,,1.0,I,S,N,,KHE,N,PA,1.0,51431.11,03 - UNIVERSITARIO,0,0,1,0,0,0,0,0,0,0,0,0,0,0,0,0,0,0,0,0,0,0.0,0.0,0,"[""SEG-JOVEM"", ""SEG-CREDITO-ATIVO"", ""SEG-SEM-CARTAO"", ""SEG-INVESTIDOR-INICIANTE"", ""SEG-POUPADOR""]",0
731328,2022-09-28,N,BR,F,36,2014-11-08,0.0,94,1.0,,1.0,A,S,N,,KAT,N,GO,1.0,15550.0,02 - VAREJO,0,0,1,0,0,0,0,0,0,0,0,0,0,0,0,0,0,0,0,0,0,0.0,0.0,0,"[""SEG-SEM-CARTAO"", ""SEG-INVESTIDOR-INICIANTE"", ""SEG-PERFIL-FAMILIAR"", ""SEG-VIAJANTE-EVENTO""]",1
1062755,2023-03-28,N,BR,F,27,2019-09-19,0.0,42,1.0,,1.0,I,S,N,,KHE,N,MG,0.0,23984.69,03 - UNIVERSITARIO,0,0,1,0,0,0,0,0,0,0,0,0,0,0,0,0,0,0,0,0,0,0.0,0.0,0,"[""SEG-JOVEM""]",0
1358555,2023-03-28,N,BR,F,21,2021-11-21,0.0,16,1.0,,1,A,S,N,,KFA,N,SP,1.0,28383.42,02 - VAREJO,0,0,0,0,0,0,0,0,0,0,0,0,1,1,0,0,0,0,0,0,0,0.0,0.0,0,"[""SEG-JOVEM"", ""SEG-SEM-CARTAO"", ""SEG-INVESTIDOR-EXPERIENTE""]",0
184550,2023-01-28,N,BR,F,63,2007-07-24,0.0,186,1.0,,1,A,S,N,,KAT,N,SP,1.0,103434.34,01 - ALTA RENDA,0,0,1,0,0,0,0,1,0,0,0,0,0,0,0,0,0,0,0,0,0,0.0,0.0,1,"[""SEG-VIP"", ""SEG-SENIOR"", ""SEG-CREDITO-ATIVO"", ""SEG-SEM-CARTAO"", ""SEG-INVESTIDOR-INICIANTE"", ""SEG-POUPADOR""]",0
188683,2023-01-28,N,BR,M,51,2014-01-29,0.0,185,1.0,,1.0,A,S,N,,KFC,N,RJ,1.0,108089.04,01 - ALTA RENDA,0,0,0,0,0,0,0,0,0,0,0,1,1,0,0,0,0,1,0,0,0,0.0,0.0,0,"[""SEG-VIP"", ""SEG-ALTA-RENDA"", ""SEG-CREDITO-ATIVO"", ""SEG-SEM-CARTAO"", ""SEG-INVESTIDOR-INICIANTE"", ""SEG-POUPADOR"", ""SEG-CONTRIBUINTE-IR"", ""SEG-PERFIL-FAMILIAR""]",0
1142817,2022-06-28,N,BR,F,26,2020-07-18,0.0,24,1.0,,1.0,I,S,N,,KHE,N,RJ,0.0,13231.86,03 - UNIVERSITARIO,0,0,1,0,0,0,0,0,0,0,0,0,0,0,0,0,0,0,0,0,0,0.0,0.0,0,"[""SEG-JOVEM""]",0
1429745,2023-03-28,N,BR,M,22,2022-08-05,0.0,7,1.0,,1,I,S,N,,KHQ,N,SE,0.0,13094.08,03 - UNIVERSITARIO,0,0,1,0,0,0,0,0,0,0,0,0,0,0,0,0,0,0,0,0,0,0.0,0.0,0,"[""SEG-JOVEM"", ""SEG-VIAJANTE-EVENTO""]",1
1291307,2022-07-28,N,BR,M,20,2021-08-04,0.0,12,1.0,,1.0,A,S,N,,KHE,N,AL,1.0,116166.72,03 - UNIVERSITARIO,0,0,1,0,0,0,0,0,0,0,0,0,0,0,0,0,0,0,0,0,0,0.0,0.0,0,"[""SEG-JOVEM"", ""SEG-CREDITO-ATIVO"", ""SEG-SEM-CARTAO"", ""SEG-INVESTIDOR-INICIANTE"", ""SEG-POUPADOR""]",0
1467068,2023-03-28,N,BR,M,21,2022-10-01,1.0,6,1.0,,1,A,S,N,,KHQ,N,MG,1.0,18441.19,03 - UNIVERSITARIO,0,0,1,0,0,0,0,0,0,0,0,0,0,0,0,0,0,0,0,0,0,0.0,0.0,0,"[""SEG-JOVEM"", ""SEG-SEM-CARTAO"", ""SEG-INVESTIDOR-INICIANTE""]",0
750359,2023-05-28,N,BR,M,49,2015-02-26,0.0,99,1.0,,1,A,S,N,,KAT,N,SP,1.0,52555.25,02 - VAREJO,0,0,1,0,0,0,0,0,0,0,0,0,0,0,0,0,0,0,0,0,0,0.0,0.0,0,"[""SEG-CREDITO-ATIVO"", ""SEG-SEM-CARTAO"", ""SEG-INVESTIDOR-INICIANTE"", ""SEG-POUPADOR"", ""SEG-CONTRIBUINTE-IR"", ""SEG-PERFIL-FAMILIAR""]",0
581930,2023-05-28,N,BR,M,55,2012-11-24,0.0,126,1.0,,1.0,I,S,N,,KFC,N,PE,0.0,28960.45,02 - VAREJO,0,0,0,0,0,0,0,0,0,0,0,0,0,0,0,0,0,0,0,0,0,0.0,0.0,0,"[""SEG-SENIOR""]",0
712897,2022-01-28,N,BR,M,50,2014-09-27,0.0,94,1.0,,1.0,A,S,N,,KAT,N,SP,1.0,140028.18,02 - VAREJO,0,0,1,0,0,0,0,0,0,0,0,0,0,0,0,0,0,0,0,0,0,0.0,0.0,0,"[""SEG-ALTA-RENDA"", ""SEG-CREDITO-ATIVO"", ""SEG-SEM-CARTAO"", ""SEG-INVESTIDOR-INICIANTE"", ""SEG-POUPADOR"", ""SEG-CONTRIBUINTE-IR"", ""SEG-PERFIL-FAMILIAR""]",0
175629,2023-04-28,N,BR,F,46,2011-04-07,0.0,144,1.0,,1.0,A,S,N,,KAT,N,SP,1.0,20631.39,01 - ALTA RENDA,0,0,0,0,1,0,0,0,1,0,0,0,0,1,0,0,0,1,0,0,0,0.0,0.0,1,"[""SEG-VIP"", ""SEG-SEM-CARTAO"", ""SEG-INVESTIDOR-EXPERIENTE"", ""SEG-PERFIL-FAMILIAR""]",0
851674,2022-06-28,N,BR,F,49,2016-09-15,0.0,70,1.0,,1.0,A,S,N,,KAT,N,RJ,1.0,41932.55,02 - VAREJO,0,0,0,0,0,0,0,0,1,0,0,0,0,0,0,0,0,0,0,0,0,0.0,0.0,0,"[""SEG-CREDITO-ATIVO"", ""SEG-SEM-CARTAO"", ""SEG-INVESTIDOR-INICIANTE"", ""SEG-POUPADOR"", ""SEG-PERFIL-FAMILIAR""]",0
161326,2023-02-28,N,BR,M,80,2007-02-17,0.0,192,1.0,,1.0,I,S,N,,KAT,N,SP,0.0,95222.57,02 - VAREJO,0,0,1,0,0,0,0,0,0,0,0,0,0,0,0,0,0,0,0,0,0,0.0,0.0,0,"[""SEG-SENIOR"", ""SEG-POUPADOR"", ""SEG-VIAJANTE-EVENTO""]",1
1123633,2023-03-28,N,BR,M,34,2020-03-05,0.0,36,1.0,,1,A,S,N,,KFC,N,SP,1.0,20256.73,02 - VAREJO,0,0,1,0,0,0,0,0,0,0,0,0,0,0,0,0,0,0,0,0,0,0.0,0.0,0,"[""SEG-SEM-CARTAO"", ""SEG-INVESTIDOR-INICIANTE"", ""SEG-PERFIL-FAMILIAR""]",0
1213102,2022-03-28,N,BR,M,40,2020-11-04,0.0,20,1.0,,1.0,A,S,N,,KFC,N,RJ,1.0,8006.89,02 - VAREJO,0,0,0,0,1,0,0,0,0,0,0,0,0,0,0,0,0,0,0,0,0,1.0,1.0,1,"[""SEG-SEM-CARTAO"", ""SEG-INVESTIDOR-INICIANTE"", ""SEG-PERFIL-FAMILIAR""]",0
1250643,2023-04-28,N,BR,F,43,2021-03-27,0.0,27,1.0,,1,A,S,N,,RED,N,GO,1.0,16753.84,02 - VAREJO,0,0,0,0,1,0,0,0,0,0,0,0,0,1,0,1,0,0,0,0,0,0.0,0.0,1,"[""SEG-SEM-CARTAO"", ""SEG-INVESTIDOR-EXPERIENTE"", ""SEG-PERFIL-FAMILIAR""]",0
423498,2023-02-28,N,BR,F,65,2010-06-17,0.0,152,1.0,,1.0,A,S,N,,KFA,N,SP,1.0,123916.34,01 - ALTA RENDA,0,0,1,0,0,0,0,0,0,0,0,0,0,1,0,0,0,0,0,0,0,0.0,0.0,0,"[""SEG-VIP"", ""SEG-SENIOR"", ""SEG-CREDITO-ATIVO"", ""SEG-SEM-CARTAO"", ""SEG-POUPADOR"", ""SEG-INVESTIDOR-EXPERIENTE""]",0
1205717,2023-02-28,N,BR,F,24,2020-10-23,0.0,28,1.0,,1.0,A,S,N,,KHE,N,SP,1.0,21284.36,03 - UNIVERSITARIO,0,0,1,0,0,0,0,0,0,0,0,0,0,0,0,0,0,0,0,0,0,0.0,0.0,0,"[""SEG-JOVEM"", ""SEG-SEM-CARTAO"", ""SEG-INVESTIDOR-INICIANTE"", ""SEG-VIAJANTE-EVENTO""]",1
1058480,2022-05-28,N,BR,F,25,2019-09-12,0.0,34,1.0,,1.0,A,S,N,,KHE,N,SP,1.0,11933.39,03 - UNIVERSITARIO,0,0,1,0,0,0,0,0,0,0,0,0,0,0,0,0,0,0,0,0,0,0.0,0.0,0,"[""SEG-JOVEM"", ""SEG-SEM-CARTAO"", ""SEG-INVESTIDOR-INICIANTE"", ""SEG-PERFIL-FAMILIAR""]",0
631814,2022-06-28,N,BR,F,44,2013-08-06,0.0,107,1.0,,1.0,I,S,N,,KCI,N,SP,1.0,9659.16,02 - VAREJO,0,0,0,0,0,0,0,0,0,0,0,0,0,0,0,0,0,1,0,0,0,0.0,0.0,0,"[""SEG-SEM-CARTAO"", ""SEG-INVESTIDOR-INICIANTE"", ""SEG-PERFIL-FAMILIAR""]",0
116055,2023-05-28,N,BR,F,45,2005-12-29,0.0,209,1.0,,1.0,A,S,N,,KAT,N,PA,1.0,52422.77,02 - VAREJO,0,0,1,0,1,0,0,0,1,0,0,0,1,0,0,0,0,1,1,0,0,1.0,1.0,1,"[""SEG-CREDITO-ATIVO"", ""SEG-INVESTIDOR-INICIANTE"", ""SEG-POUPADOR"", ""SEG-CONTRIBUINTE-IR"", ""SEG-PERFIL-FAMILIAR""]",0
58239,2023-01-28,N,BR,F,64,2004-02-27,0.0,227,1.0,,1.0,A,S,N,,KAT,N,SP,1.0,28452.06,02 - VAREJO,0,0,1,0,0,0,0,1,0,0,0,0,0,0,0,0,0,0,0,0,0,0.0,0.0,0,"[""SEG-SENIOR"", ""SEG-SEM-CARTAO"", ""SEG-INVESTIDOR-INICIANTE""]",0
113646,2022-06-28,N,BR,F,56,2005-12-02,0.0,200,1.0,,1.0,A,S,N,,KAT,N,SP,1.0,49896.1,03 - UNIVERSITARIO,0,0,0,0,1,0,0,0,0,0,0,0,1,0,0,0,0,0,0,0,0,1.0,1.0,0,"[""SEG-SENIOR"", ""SEG-CREDITO-ATIVO"", ""SEG-SEM-CARTAO"", ""SEG-INVESTIDOR-INICIANTE"", ""SEG-POUPADOR"", ""SEG-CONTRIBUINTE-IR"", ""SEG-PERFIL-FAMILIAR""]",0
1494870,2023-01-28,N,BR,F,20,2022-10-30,1.0,3,1.0,,1.0,A,S,N,,KHQ,N,PE,1.0,30630.89,03 - UNIVERSITARIO,0,0,1,0,0,0,0,0,0,0,0,0,0,0,0,0,0,0,0,0,0,0.0,0.0,0,"[""SEG-JOVEM"", ""SEG-SEM-CARTAO"", ""SEG-INVESTIDOR-INICIANTE""]",0
1092116,2022-05-28,N,BR,M,21,2019-10-30,0.0,33,1.0,,1.0,I,S,N,,KHE,N,MS,0.0,8499.07,03 - UNIVERSITARIO,0,0,1,0,0,0,0,0,0,0,0,0,0,0,0,0,0,0,0,0,0,0.0,0.0,0,"[""SEG-JOVEM""]",0
1329878,2022-09-28,N,BR,M,22,2021-10-10,0.0,11,1.0,,1,I,S,N,,KHE,N,SC,0.0,68362.12,03 - UNIVERSITARIO,0,0,1,0,0,0,0,0,0,0,0,0,0,0,0,0,0,0,0,0,0,0.0,0.0,0,"[""SEG-JOVEM"", ""SEG-POUPADOR"", ""SEG-VIAJANTE-EVENTO""]",1
881059,2022-08-28,N,BR,F,50,2017-06-02,0.0,62,1.0,,1.0,A,S,N,,KFA,N,SP,1.0,204464.37,01 - ALTA RENDA,0,0,0,0,1,0,0,0,1,0,0,0,1,0,0,0,0,1,0,0,0,1.0,1.0,1,"[""SEG-VIP"", ""SEG-ALTA-RENDA"", ""SEG-CREDITO-ATIVO"", ""SEG-SEM-CARTAO"", ""SEG-INVESTIDOR-INICIANTE"", ""SEG-POUPADOR"", ""SEG-CONTRIBUINTE-IR"", ""SEG-PERFIL-FAMILIAR""]",0
223364,2023-03-28,N,BR,F,48,2008-02-19,0.0,181,1.0,,1.0,A,S,N,,KFC,N,PA,1.0,19035.1,02 - VAREJO,0,0,0,0,1,0,0,0,1,0,0,0,0,0,0,0,0,1,1,0,0,1.0,1.0,1,"[""SEG-INVESTIDOR-INICIANTE"", ""SEG-PERFIL-FAMILIAR""]",0
855793,2022-02-28,N,BR,F,58,2016-11-04,0.0,68,1.0,,1.0,A,S,N,,KFC,N,RJ,1.0,14779.59,02 - VAREJO,0,0,1,0,0,0,0,0,0,0,0,1,1,1,0,0,0,0,0,0,0,0.0,0.0,0,"[""SEG-SENIOR"", ""SEG-SEM-CARTAO"", ""SEG-INVESTIDOR-EXPERIENTE"", ""SEG-PERFIL-FAMILIAR""]",0
1090874,2023-02-28,N,BR,F,27,2019-10-29,0.0,40,1.0,,1,A,S,N,,KFC,N,SP,1.0,44195.86,03 - UNIVERSITARIO,0,0,0,0,1,0,0,0,0,0,0,0,0,0,0,0,0,0,0,0,0,1.0,1.0,1,"[""SEG-JOVEM"", ""SEG-CREDITO-ATIVO"", ""SEG-SEM-CARTAO"", ""SEG-INVESTIDOR-INICIANTE"", ""SEG-POUPADOR"", ""SEG-PERFIL-FAMILIAR""]",0
1502288,2023-04-28,N,BR,M,23,2022-11-11,1.0,5,1.0,,1.0,A,S,N,,KHM,N,PR,1.0,38257.53,03 - UNIVERSITARIO,0,0,1,0,0,0,0,0,0,0,0,0,0,0,0,0,0,0,0,0,0,0.0,0.0,1,"[""SEG-JOVEM"", ""SEG-SEM-CARTAO"", ""SEG-INVESTIDOR-INICIANTE"", ""SEG-POUPADOR""]",0
829429,2022-12-28,N,BR,F,50,2016-01-28,0.0,83,1.0,,1,A,S,N,,KFC,N,BA,1.0,33068.6,01 - ALTA RENDA,0,0,1,0,0,0,0,0,1,0,0,0,0,1,0,0,0,0,0,0,0,0.0,0.0,0,"[""SEG-VIP"", ""SEG-SEM-CARTAO"", ""SEG-INVESTIDOR-EXPERIENTE"", ""SEG-PERFIL-FAMILIAR""]",0
428562,2022-09-28,N,BR,M,53,2010-08-06,0.0,145,1.0,,1,I,S,N,,KAT,N,SP,0.0,43291.18,02 - VAREJO,0,0,0,0,0,0,0,0,0,0,0,0,0,0,0,0,0,0,0,0,0,0.0,0.0,0,"[""SEG-POUPADOR"", ""SEG-VIAJANTE-EVENTO""]",1
1335910,2022-09-28,N,BR,F,27,2021-10-17,0.0,11,1.0,,1.0,I,S,N,,KHE,N,RR,0.0,8757.04,03 - UNIVERSITARIO,0,0,1,0,0,0,0,0,0,0,0,0,0,0,0,0,0,0,0,0,0,0.0,0.0,0,"[""SEG-JOVEM""]",0
1329613,2022-09-28,N,BR,M,29,2021-10-10,0.0,11,1.0,,1,A,S,N,,KFC,N,RS,1.0,31545.94,03 - UNIVERSITARIO,0,0,0,0,1,0,0,0,0,0,0,0,0,0,0,0,0,0,0,0,0,1.0,1.0,1,"[""SEG-JOVEM"", ""SEG-SEM-CARTAO"", ""SEG-INVESTIDOR-INICIANTE"", ""SEG-PERFIL-FAMILIAR"", ""SEG-VIAJANTE-EVENTO""]",1
177391,2023-02-28,N,BR,F,56,2007-05-29,0.0,189,1.0,,1.0,A,S,N,,KFC,N,PR,1.0,25685.38,02 - VAREJO,0,0,1,0,0,0,0,0,1,0,0,1,1,1,0,0,0,0,0,0,0,0.0,0.0,1,"[""SEG-SENIOR"", ""SEG-SEM-CARTAO"", ""SEG-INVESTIDOR-EXPERIENTE"", ""SEG-PERFIL-FAMILIAR""]",0
698242,2022-04-28,N,BR,M,56,2014-11-26,0.0,92,1.0,,1.0,A,S,N,,KFC,N,SP,1.0,335587.31,02 - VAREJO,0,0,1,0,0,0,0,0,0,0,0,0,0,0,0,0,0,0,0,0,0,0.0,0.0,1,"[""SEG-SENIOR"", ""SEG-CREDITO-ATIVO"", ""SEG-SEM-CARTAO"", ""SEG-INVESTIDOR-INICIANTE"", ""SEG-POUPADOR"", ""SEG-CONTRIBUINTE-IR"", ""SEG-PERFIL-FAMILIAR""]",0
1099254,2022-09-28,N,BR,F,24,2019-11-12,0.0,34,1.0,,1.0,A,S,N,,KHE,N,SC,0.0,8221.14,03 - UNIVERSITARIO,0,0,1,0,0,0,0,0,0,0,0,0,0,0,0,0,0,0,0,0,0,0.0,0.0,0,"[""SEG-JOVEM""]",0
160526,2022-04-28,N,BR,F,39,2007-02-14,0.0,185,1.0,,1.0,A,S,N,,KFC,N,SP,1.0,45318.94,02 - VAREJO,0,0,1,0,0,0,0,0,0,0,0,0,1,0,0,0,0,0,0,0,0,0.0,0.0,0,"[""SEG-CREDITO-ATIVO"", ""SEG-SEM-CARTAO"", ""SEG-INVESTIDOR-INICIANTE"", ""SEG-POUPADOR"", ""SEG-CONTRIBUINTE-IR"", ""SEG-PERFIL-FAMILIAR""]",0
381308,2023-02-28,N,BR,F,45,2009-10-17,0.0,160,1.0,,1.0,A,S,N,,KAD,N,CE,1.0,8779.27,02 - VAREJO,0,0,1,0,0,0,0,0,0,0,0,0,0,0,1,0,0,0,0,0,0,0.0,0.0,1,"[""SEG-SEM-CARTAO"", ""SEG-INVESTIDOR-INICIANTE"", ""SEG-PERFIL-FAMILIAR"", ""SEG-PROPRIETARIO""]",0
729296,2023-04-28,N,BR,F,42,2014-10-29,0.0,102,1.0,,1.0,A,S,N,,KAT,N,SP,1.0,102899.33,01 - ALTA RENDA,0,0,0,0,0,0,0,0,0,0,0,1,0,0,0,0,0,1,0,0,0,0.0,0.0,0,"[""SEG-VIP"", ""SEG-ALTA-RENDA"", ""SEG-CREDITO-ATIVO"", ""SEG-SEM-CARTAO"", ""SEG-INVESTIDOR-INICIANTE"", ""SEG-POUPADOR"", ""SEG-CONTRIBUINTE-IR"", ""SEG-PERFIL-FAMILIAR""]",0
199613,2022-11-28,N,BR,F,49,2007-10-18,0.0,181,1.0,,1.0,A,S,N,,KAT,N,SP,1.0,50830.87,01 - ALTA RENDA,0,0,1,0,0,0,0,0,0,0,0,1,1,1,0,0,0,1,0,0,0,0.0,0.0,0,"[""SEG-VIP"", ""SEG-CREDITO-ATIVO"", ""SEG-SEM-CARTAO"", ""SEG-POUPADOR"", ""SEG-CONTRIBUINTE-IR"", ""SEG-INVESTIDOR-EXPERIENTE"", ""SEG-PERFIL-FAMILIAR""]",0
873111,2022-07-28,N,BR,F,51,2017-04-13,0.0,63,1.0,,1,A,S,S,,KAT,N,SP,1.0,40322.68,02 - VAREJO,0,0,1,0,0,0,0,0,0,0,0,1,0,1,0,0,0,0,0,0,0,0.0,0.0,0,"[""SEG-CREDITO-ATIVO"", ""SEG-SEM-CARTAO"", ""SEG-POUPADOR"", ""SEG-INVESTIDOR-EXPERIENTE"", ""SEG-PERFIL-FAMILIAR"", ""SEG-VIAJANTE-EVENTO""]",1
182162,2023-03-28,N,BR,F,72,2007-07-12,0.0,188,1.0,,1.0,A,S,N,,KAT,N,RS,1.0,39248.06,02 - VAREJO,0,0,1,0,0,0,0,0,0,0,0,0,0,0,0,0,0,0,0,1,0,0.0,0.0,0,"[""SEG-SENIOR"", ""SEG-CREDITO-ATIVO"", ""SEG-SEM-CARTAO"", ""SEG-INVESTIDOR-INICIANTE"", ""SEG-POUPADOR"", ""SEG-VIAJANTE-EVENTO""]",1
503514,2023-02-28,N,BR,F,62,2011-12-09,0.0,134,1.0,,1.0,I,S,N,,KFA,N,SP,0.0,73260.2,02 - VAREJO,0,0,0,0,0,0,0,0,0,0,0,0,0,0,0,0,0,0,0,0,0,0.0,0.0,0,"[""SEG-SENIOR"", ""SEG-POUPADOR"", ""SEG-VIAJANTE-EVENTO""]",1
1362662,2023-02-28,N,BR,F,42,2021-11-28,0.0,15,1.0,,1.0,A,S,N,,KHK,N,SP,1.0,41354.2,02 - VAREJO,0,0,1,0,0,0,0,0,0,0,0,0,0,0,0,0,0,0,0,0,0,0.0,0.0,1,"[""SEG-CREDITO-ATIVO"", ""SEG-SEM-CARTAO"", ""SEG-INVESTIDOR-INICIANTE"", ""SEG-POUPADOR"", ""SEG-PERFIL-FAMILIAR""]",0
29530,2022-04-28,N,BR,M,51,2005-06-18,0.0,206,1.0,,1.0,A,S,N,,KAT,N,SP,1.0,56139.89,02 - VAREJO,0,0,0,0,0,0,0,0,0,0,0,0,0,0,1,0,0,0,0,0,0,0.0,0.0,0,"[""SEG-CREDITO-ATIVO"", ""SEG-SEM-CARTAO"", ""SEG-INVESTIDOR-INICIANTE"", ""SEG-POUPADOR"", ""SEG-CONTRIBUINTE-IR"", ""SEG-PERFIL-FAMILIAR"", ""SEG-PROPRIETARIO""]",0
638401,2022-08-28,N,BR,F,74,2013-10-30,0.0,106,1.0,,1.0,I,S,N,,KCC,N,SP,1.0,310361.36,02 - VAREJO,0,0,1,0,0,0,0,0,0,0,0,0,0,0,0,0,0,0,0,0,0,0.0,0.0,0,"[""SEG-SENIOR"", ""SEG-CREDITO-ATIVO"", ""SEG-SEM-CARTAO"", ""SEG-INVESTIDOR-INICIANTE"", ""SEG-POUPADOR""]",0
822585,2023-05-28,N,BR,F,55,2015-12-15,0.0,89,1.0,,1.0,I,S,N,,KFC,N,SP,0.0,121019.62,02 - VAREJO,0,0,0,0,0,0,0,0,1,0,0,0,0,0,0,0,0,0,0,0,0,0.0,0.0,0,"[""SEG-SENIOR"", ""SEG-ALTA-RENDA"", ""SEG-POUPADOR"", ""SEG-CONTRIBUINTE-IR""]",0
958949,2022-10-28,N,BR,M,30,2018-10-11,0.0,48,1.0,,1.0,I,S,N,,KHE,N,PE,0.0,77304.81,03 - UNIVERSITARIO,0,0,1,0,0,0,0,0,0,0,0,0,0,0,0,0,0,0,0,0,0,0.0,0.0,0,"[""SEG-ALTA-RENDA"", ""SEG-POUPADOR"", ""SEG-CONTRIBUINTE-IR""]",0
799779,2022-10-28,N,BR,M,45,2015-10-02,0.0,84,1.0,,1.0,A,S,N,,KFC,N,SP,1.0,93007.13,02 - VAREJO,0,0,1,0,0,0,0,0,0,0,0,0,0,0,0,0,0,0,0,0,0,0.0,0.0,0,"[""SEG-ALTA-RENDA"", ""SEG-CREDITO-ATIVO"", ""SEG-SEM-CARTAO"", ""SEG-INVESTIDOR-INICIANTE"", ""SEG-POUPADOR"", ""SEG-CONTRIBUINTE-IR"", ""SEG-PERFIL-FAMILIAR""]",0
1394229,2022-09-28,N,BR,M,66,2022-04-27,1.0,5,1.0,,1.0,A,S,N,,KHK,N,SP,1.0,76997.62,01 - ALTA RENDA,0,0,1,0,0,0,0,0,0,0,0,1,0,0,0,0,0,0,0,0,0,0.0,0.0,0,"[""SEG-VIP"", ""SEG-SENIOR"", ""SEG-SEM-CARTAO"", ""SEG-INVESTIDOR-INICIANTE"", ""SEG-POUPADOR"", ""SEG-VIAJANTE-EVENTO""]",1
1394498,2023-03-28,N,BR,F,36,2022-04-28,0.0,11,1.0,,1,A,S,N,,KHK,N,SP,1.0,37664.44,02 - VAREJO,0,0,1,0,0,0,0,0,0,0,0,0,0,0,0,0,0,0,0,0,0,0.0,0.0,0,"[""SEG-CREDITO-ATIVO"", ""SEG-SEM-CARTAO"", ""SEG-INVESTIDOR-INICIANTE"", ""SEG-POUPADOR"", ""SEG-PERFIL-FAMILIAR""]",0
916748,2022-07-28,N,BR,F,26,2018-06-29,0.0,49,1.0,,1,A,S,N,,KFC,N,RJ,1.0,82811.82,02 - VAREJO,0,0,1,0,0,0,0,1,0,0,0,0,0,0,0,0,0,0,0,0,0,0.0,0.0,0,"[""SEG-JOVEM"", ""SEG-ALTA-RENDA"", ""SEG-CREDITO-ATIVO"", ""SEG-SEM-CARTAO"", ""SEG-INVESTIDOR-INICIANTE"", ""SEG-POUPADOR"", ""SEG-PERFIL-FAMILIAR""]",0
325192,2022-10-28,N,BR,F,66,2009-01-31,0.0,165,1.0,,1.0,A,S,N,,KAB,N,PR,1.0,45424.14,02 - VAREJO,0,0,1,0,0,0,0,1,0,0,0,0,0,0,0,0,0,0,0,0,0,0.0,0.0,0,"[""SEG-SENIOR"", ""SEG-CREDITO-ATIVO"", ""SEG-SEM-CARTAO"", ""SEG-INVESTIDOR-INICIANTE"", ""SEG-POUPADOR""]",0
461001,2022-08-28,N,BR,M,48,2011-02-24,0.0,138,1.0,,1.0,I,S,N,,KFC,N,SP,0.0,266837.81,02 - VAREJO,0,0,0,0,0,0,0,1,0,0,0,0,0,0,0,0,0,0,0,0,0,0.0,0.0,0,"[""SEG-ALTA-RENDA"", ""SEG-POUPADOR"", ""SEG-CONTRIBUINTE-IR""]",0
712146,2023-05-28,N,BR,M,91,2014-08-17,0.0,90,1.0,,1.0,A,S,N,,KFA,N,SP,1.0,25415.38,02 - VAREJO,0,0,0,0,0,0,0,0,1,0,0,0,0,0,0,0,0,0,0,0,0,0.0,0.0,0,"[""SEG-SENIOR"", ""SEG-SEM-CARTAO"", ""SEG-INVESTIDOR-INICIANTE""]",0
249716,2022-04-28,N,BR,F,44,2008-06-18,0.0,169,1.0,,1.0,A,S,N,,KAT,N,SP,1.0,48349.08,02 - VAREJO,0,0,1,0,0,0,0,0,0,0,0,0,1,0,0,0,0,0,0,1,0,0.0,0.0,1,"[""SEG-CREDITO-ATIVO"", ""SEG-SEM-CARTAO"", ""SEG-INVESTIDOR-INICIANTE"", ""SEG-POUPADOR"", ""SEG-CONTRIBUINTE-IR"", ""SEG-PERFIL-FAMILIAR""]",0
228020,2023-04-28,N,BR,F,41,2008-03-12,0.0,181,1.0,,1.0,A,S,N,,KAT,N,AL,1.0,46910.05,02 - VAREJO,0,0,0,0,1,0,0,0,0,0,0,0,0,0,0,0,0,0,1,0,0,0.0,0.0,1,"[""SEG-CREDITO-ATIVO"", ""SEG-INVESTIDOR-INICIANTE"", ""SEG-POUPADOR"", ""SEG-CONTRIBUINTE-IR"", ""SEG-PERFIL-FAMILIAR""]",0
142749,2022-10-28,N,BR,F,59,2006-09-15,0.0,191,1.0,,1.0,A,S,N,,KAT,N,PA,1.0,24827.19,02 - VAREJO,0,0,1,0,0,0,0,1,0,0,0,0,0,0,0,0,0,0,1,0,0,0.0,0.0,0,"[""SEG-SENIOR"", ""SEG-INVESTIDOR-INICIANTE"", ""SEG-PERFIL-FAMILIAR""]",0
107781,2023-05-28,N,BR,F,52,2007-02-23,0.0,195,1.0,,1.0,A,S,N,,KFC,N,AL,1.0,32010.15,01 - ALTA RENDA,0,0,0,0,1,0,0,0,0,0,0,0,1,0,1,0,0,0,1,0,0,1.0,1.0,1,"[""SEG-VIP"", ""SEG-INVESTIDOR-INICIANTE"", ""SEG-PERFIL-FAMILIAR"", ""SEG-PROPRIETARIO""]",0
142527,2023-05-28,N,BR,F,45,2006-09-14,0.0,200,1.0,,1.0,A,S,N,,KFC,N,RJ,1.0,83593.52,02 - VAREJO,0,0,1,0,0,0,0,0,1,0,0,0,0,0,0,0,0,0,0,0,0,0.0,0.0,0,"[""SEG-ALTA-RENDA"", ""SEG-CREDITO-ATIVO"", ""SEG-SEM-CARTAO"", ""SEG-INVESTIDOR-INICIANTE"", ""SEG-POUPADOR"", ""SEG-CONTRIBUINTE-IR"", ""SEG-PERFIL-FAMILIAR""]",0
63537,2022-06-28,N,BR,F,58,2004-05-08,0.0,218,1.0,,1.0,A,S,N,,KAT,N,AP,1.0,12467.81,02 - VAREJO,0,0,1,0,0,0,0,1,0,0,0,0,0,1,0,0,0,0,0,0,0,0.0,0.0,0,"[""SEG-SENIOR"", ""SEG-SEM-CARTAO"", ""SEG-INVESTIDOR-EXPERIENTE"", ""SEG-PERFIL-FAMILIAR""]",0
594427,2023-02-28,N,BR,F,62,2013-01-30,0.0,121,1.0,,1.0,A,S,N,,KFC,N,PA,1.0,37154.53,02 - VAREJO,0,0,1,0,0,0,0,1,0,0,0,1,0,0,0,0,0,0,0,0,0,0.0,0.0,0,"[""SEG-SENIOR"", ""SEG-CREDITO-ATIVO"", ""SEG-SEM-CARTAO"", ""SEG-INVESTIDOR-INICIANTE"", ""SEG-POUPADOR""]",0
1452221,2022-12-28,N,BR,F,18,2022-09-16,1.0,3,1.0,,1,A,S,N,,KHM,N,SP,1.0,57213.58,02 - VAREJO,0,0,1,0,0,0,0,0,0,0,0,0,0,0,0,0,0,0,0,0,0,0.0,0.0,0,"[""SEG-JOVEM"", ""SEG-SEM-CARTAO"", ""SEG-INVESTIDOR-INICIANTE"", ""SEG-POUPADOR""]",0
1358820,2023-02-28,N,BR,M,20,2021-11-21,0.0,15,1.0,,1,I,S,N,,KFC,N,AL,0.0,10104.61,02 - VAREJO,0,0,0,0,0,0,0,0,0,0,0,0,0,0,0,0,0,0,0,0,0,0.0,0.0,0,"[""SEG-JOVEM""]",0
846667,2023-01-28,N,BR,M,55,2016-07-14,0.0,78,1.0,,1,I,S,N,,KGV,N,BA,0.0,139802.4,02 - VAREJO,0,0,0,0,0,0,0,0,1,0,0,0,0,0,0,0,0,0,0,0,0,0.0,0.0,0,"[""SEG-SENIOR"", ""SEG-ALTA-RENDA"", ""SEG-POUPADOR"", ""SEG-CONTRIBUINTE-IR""]",0
403810,2023-04-28,N,BR,F,60,2010-01-28,0.0,159,1.0,,1.0,A,S,N,,KAT,N,SP,1.0,107805.7,02 - VAREJO,0,0,1,0,0,0,0,1,0,0,0,0,0,0,0,0,0,0,0,0,0,0.0,0.0,0,"[""SEG-SENIOR"", ""SEG-CREDITO-ATIVO"", ""SEG-SEM-CARTAO"", ""SEG-INVESTIDOR-INICIANTE"", ""SEG-POUPADOR"", ""SEG-CONTRIBUINTE-IR"", ""SEG-PERFIL-FAMILIAR""]",0
114211,2023-05-28,N,BR,F,50,2005-12-07,0.0,209,1.0,,1.0,A,S,N,,KFC,N,SP,1.0,121579.05,02 - VAREJO,0,0,1,0,0,0,0,0,0,0,0,0,0,0,0,0,0,0,0,0,0,0.0,0.0,1,"[""SEG-ALTA-RENDA"", ""SEG-CREDITO-ATIVO"", ""SEG-SEM-CARTAO"", ""SEG-INVESTIDOR-INICIANTE"", ""SEG-POUPADOR"", ""SEG-CONTRIBUINTE-IR"", ""SEG-PERFIL-FAMILIAR""]",0
1026993,2022-12-28,N,BR,M,22,2019-07-20,0.0,41,1.0,,1.0,I,S,N,,KHE,N,RJ,1.0,41581.42,03 - UNIVERSITARIO,0,0,1,0,0,0,0,0,0,0,0,0,0,0,0,0,0,0,0,0,0,0.0,0.0,0,"[""SEG-JOVEM"", ""SEG-CREDITO-ATIVO"", ""SEG-SEM-CARTAO"", ""SEG-INVESTIDOR-INICIANTE"", ""SEG-POUPADOR""]",0
611573,2023-01-28,N,BR,M,33,2013-05-06,0.0,116,1.0,,1.0,A,S,N,,KFC,N,AM,1.0,16350.37,02 - VAREJO,0,0,1,0,0,0,0,1,0,0,0,0,0,0,0,0,0,0,0,0,0,0.0,0.0,0,"[""SEG-SEM-CARTAO"", ""SEG-INVESTIDOR-INICIANTE"", ""SEG-PERFIL-FAMILIAR""]",0
874201,2023-05-28,N,BR,M,67,2017-04-28,0.0,73,1.0,,1.0,A,S,N,,KAT,N,RJ,1.0,567984.81,01 - ALTA RENDA,0,0,1,0,0,0,0,0,0,0,0,0,1,0,0,0,0,0,0,1,0,0.0,0.0,0,"[""SEG-VIP"", ""SEG-SENIOR"", ""SEG-CREDITO-ATIVO"", ""SEG-SEM-CARTAO"", ""SEG-INVESTIDOR-INICIANTE"", ""SEG-POUPADOR""]",0
1118720,2022-08-28,N,BR,F,31,2020-01-21,0.0,31,1.0,,1,A,S,N,,KFC,N,SP,1.0,54360.63,03 - UNIVERSITARIO,0,0,0,0,1,0,0,0,0,0,0,0,0,0,0,0,0,0,0,0,0,0.0,0.0,1,"[""SEG-CREDITO-ATIVO"", ""SEG-SEM-CARTAO"", ""SEG-INVESTIDOR-INICIANTE"", ""SEG-POUPADOR"", ""SEG-CONTRIBUINTE-IR"", ""SEG-PERFIL-FAMILIAR""]",0
1356662,2022-11-28,N,BR,M,28,2021-11-18,0.0,12,1.0,,1.0,I,S,N,,KHE,N,PE,0.0,39575.33,03 - UNIVERSITARIO,0,0,1,0,0,0,0,0,0,0,0,0,0,0,0,0,0,0,0,0,0,0.0,0.0,0,"[""SEG-JOVEM"", ""SEG-POUPADOR""]",0
402092,2023-03-28,N,BR,F,67,2010-01-20,0.0,158,1.0,,1.0,A,S,N,,KFC,N,SP,1.0,11973.85,01 - ALTA RENDA,0,0,1,0,0,0,0,1,0,0,0,0,0,0,0,0,0,0,0,0,0,0.0,0.0,0,"[""SEG-VIP"", ""SEG-SENIOR"", ""SEG-SEM-CARTAO"", ""SEG-INVESTIDOR-INICIANTE""]",0
1118534,2023-04-28,N,BR,F,38,2020-01-18,0.0,39,1.0,,1,A,S,N,,KAT,N,BA,1.0,46252.86,02 - VAREJO,0,0,1,0,0,0,0,0,0,0,0,0,1,0,0,0,0,0,0,0,0,0.0,0.0,1,"[""SEG-CREDITO-ATIVO"", ""SEG-SEM-CARTAO"", ""SEG-INVESTIDOR-INICIANTE"", ""SEG-POUPADOR"", ""SEG-CONTRIBUINTE-IR"", ""SEG-PERFIL-FAMILIAR""]",0
269325,2022-09-28,N,BR,F,41,2008-08-27,0.0,169,1.0,,1.0,I,S,N,,KFC,N,RJ,0.0,107318.35,02 - VAREJO,0,0,1,0,0,0,0,1,0,0,0,0,0,0,0,0,0,0,0,0,0,0.0,0.0,0,"[""SEG-ALTA-RENDA"", ""SEG-POUPADOR"", ""SEG-CONTRIBUINTE-IR""]",0
365346,2023-03-28,N,BR,F,87,2009-06-25,0.0,165,1.0,,1.0,A,S,N,,KAT,N,SP,1.0,14331.96,02 - VAREJO,0,0,1,0,0,0,0,1,0,0,0,1,0,0,0,0,0,0,0,0,0,0.0,0.0,0,"[""SEG-SENIOR"", ""SEG-SEM-CARTAO"", ""SEG-INVESTIDOR-INICIANTE""]",0
1204145,2022-07-28,N,BR,F,33,2020-10-22,0.0,21,1.0,,1.0,I,S,N,,KFC,N,RJ,0.0,62503.23,02 - VAREJO,0,0,0,0,0,0,0,0,0,0,0,0,0,0,0,0,0,0,0,0,0,0.0,0.0,0,"[""SEG-ALTA-RENDA"", ""SEG-POUPADOR"", ""SEG-CONTRIBUINTE-IR""]",0
1171743,2022-05-28,N,BR,F,23,2020-09-02,0.0,22,1.0,,1.0,A,S,N,,KFC,N,PR,1.0,34909.74,02 - VAREJO,0,0,1,0,0,0,0,0,0,0,0,0,1,0,0,0,0,0,0,0,0,0.0,0.0,0,"[""SEG-JOVEM"", ""SEG-CREDITO-ATIVO"", ""SEG-SEM-CARTAO"", ""SEG-INVESTIDOR-INICIANTE"", ""SEG-POUPADOR""]",0
386545,2023-02-28,N,BR,M,47,2010-04-15,0.0,139,1.0,,1.0,A,S,N,,013,N,MG,1.0,102469.36,02 - VAREJO,0,0,0,0,0,0,0,0,0,0,0,0,0,0,1,0,0,0,0,0,0,0.0,0.0,0,"[""SEG-ALTA-RENDA"", ""SEG-CREDITO-ATIVO"", ""SEG-SEM-CARTAO"", ""SEG-INVESTIDOR-INICIANTE"", ""SEG-POUPADOR"", ""SEG-CONTRIBUINTE-IR"", ""SEG-PERFIL-FAMILIAR"", ""SEG-PROPRIETARIO""]",0
251261,2023-01-28,N,BR,F,61,2008-06-05,0.0,175,1.0,,1.0,A,S,N,,KBO,N,SP,1.0,71929.58,02 - VAREJO,0,0,0,0,0,0,0,0,0,0,0,1,1,1,0,0,0,0,0,0,0,0.0,0.0,0,"[""SEG-SENIOR"", ""SEG-CREDITO-ATIVO"", ""SEG-SEM-CARTAO"", ""SEG-POUPADOR"", ""SEG-INVESTIDOR-EXPERIENTE"", ""SEG-VIAJANTE-EVENTO""]",1
1155393,2022-02-28,N,BR,M,26,2020-08-03,0.0,23,1.0,,1.0,A,S,N,,KAT,N,GO,1.0,31954.07,03 - UNIVERSITARIO,0,0,0,0,1,0,0,0,0,0,0,0,0,0,0,0,0,0,0,0,0,1.0,1.0,0,"[""SEG-JOVEM"", ""SEG-SEM-CARTAO"", ""SEG-INVESTIDOR-INICIANTE"", ""SEG-PERFIL-FAMILIAR""]",0
560507,2022-10-28,N,BR,M,60,2012-09-28,0.0,117,1.0,,1.0,A,S,N,,KFC,N,PA,1.0,60851.49,02 - VAREJO,0,0,1,0,0,0,0,0,0,0,0,0,0,0,0,0,0,0,0,0,0,0.0,0.0,1,"[""SEG-SENIOR"", ""SEG-CREDITO-ATIVO"", ""SEG-SEM-CARTAO"", ""SEG-INVESTIDOR-INICIANTE"", ""SEG-POUPADOR"", ""SEG-CONTRIBUINTE-IR"", ""SEG-PERFIL-FAMILIAR"", ""SEG-VIAJANTE-EVENTO""]",1
1138783,2022-08-28,N,BR,M,35,2020-06-28,0.0,10,1.0,,1.0,I,S,N,,KAT,N,RJ,0.0,58664.21,02 - VAREJO,0,0,0,0,0,0,0,0,0,0,0,0,0,0,0,0,0,0,0,0,0,0.0,0.0,0,"[""SEG-POUPADOR"", ""SEG-CONTRIBUINTE-IR""]",0
1284210,2022-06-28,N,BR,M,42,2021-07-30,0.0,12,1.0,,1.0,A,S,N,,KAT,N,MG,1.0,102820.94,02 - VAREJO,0,0,1,0,0,0,0,0,0,0,0,0,1,0,0,0,0,0,0,0,0,0.0,0.0,0,"[""SEG-ALTA-RENDA"", ""SEG-CREDITO-ATIVO"", ""SEG-SEM-CARTAO"", ""SEG-INVESTIDOR-INICIANTE"", ""SEG-POUPADOR"", ""SEG-CONTRIBUINTE-IR"", ""SEG-PERFIL-FAMILIAR""]",0
980237,2023-04-28,N,BR,M,29,2018-11-16,0.0,53,1.0,,1.0,I,S,N,,KHE,N,PE,0.0,40697.46,03 - UNIVERSITARIO,0,0,1,0,0,0,0,0,0,0,0,0,0,0,0,0,0,0,0,0,0,0.0,0.0,0,"[""SEG-JOVEM"", ""SEG-POUPADOR""]",0
486866,2022-11-28,N,BR,M,48,2011-08-11,0.0,129,1.0,,1.0,A,S,N,,KAT,N,PE,1.0,51161.39,02 - VAREJO,0,0,1,0,0,0,0,0,0,0,0,0,0,0,0,0,0,0,1,0,0,0.0,0.0,0,"[""SEG-CREDITO-ATIVO"", ""SEG-INVESTIDOR-INICIANTE"", ""SEG-POUPADOR"", ""SEG-CONTRIBUINTE-IR"", ""SEG-PERFIL-FAMILIAR""]",0
398617,2022-07-28,N,BR,M,89,2009-12-30,0.0,151,1.0,,1.0,A,S,N,,KFC,N,DF,0.0,18448.95,02 - VAREJO,0,0,1,0,0,0,0,1,0,0,0,0,0,1,0,0,0,0,0,0,0,0.0,0.0,0,"[""SEG-SENIOR"", ""SEG-INVESTIDOR-EXPERIENTE""]",0
855994,2022-05-28,N,BR,F,47,2016-11-12,0.0,68,1.0,,1.0,A,S,N,,KAT,N,RJ,1.0,85229.61,01 - ALTA RENDA,0,0,1,0,0,0,0,0,1,0,0,1,0,0,0,0,0,0,0,0,0,0.0,0.0,0,"[""SEG-VIP"", ""SEG-ALTA-RENDA"", ""SEG-CREDITO-ATIVO"", ""SEG-SEM-CARTAO"", ""SEG-INVESTIDOR-INICIANTE"", ""SEG-POUPADOR"", ""SEG-CONTRIBUINTE-IR"", ""SEG-PERFIL-FAMILIAR""]",0
657012,2022-06-28,N,BR,F,55,2014-01-29,0.0,104,1.0,,1.0,A,S,N,,KFC,N,BA,1.0,331228.34,02 - VAREJO,0,0,0,0,0,0,0,0,0,0,0,0,0,0,0,0,0,0,0,1,0,0.0,0.0,0,"[""SEG-SENIOR"", ""SEG-ALTA-RENDA"", ""SEG-CREDITO-ATIVO"", ""SEG-SEM-CARTAO"", ""SEG-INVESTIDOR-INICIANTE"", ""SEG-POUPADOR"", ""SEG-CONTRIBUINTE-IR"", ""SEG-PERFIL-FAMILIAR""]",0
1111802,2023-03-28,N,BR,F,50,2019-12-11,0.0,39,1.0,,1.0,A,S,N,,KFC,N,AP,1.0,15925.89,02 - VAREJO,0,0,0,0,1,0,0,0,0,0,0,0,0,0,0,0,0,0,0,0,0,0.0,1.0,0,"[""SEG-SEM-CARTAO"", ""SEG-INVESTIDOR-INICIANTE"", ""SEG-PERFIL-FAMILIAR"", ""SEG-VIAJANTE-EVENTO""]",1
1272601,2022-07-28,N,BR,M,20,2021-07-21,0.0,12,1.0,,1,A,S,N,,KHE,N,MG,1.0,21015.53,03 - UNIVERSITARIO,0,0,1,0,0,0,0,0,0,0,0,0,0,0,0,0,0,0,0,0,0,0.0,0.0,0,"[""SEG-JOVEM"", ""SEG-SEM-CARTAO"", ""SEG-INVESTIDOR-INICIANTE"", ""SEG-VIAJANTE-EVENTO""]",1
777321,2022-12-28,N,BR,F,57,2015-07-04,0.0,89,1.0,,1,A,S,N,,KCC,N,SP,1.0,97224.87,01 - ALTA RENDA,0,0,1,0,0,0,0,1,0,0,0,0,0,0,0,0,0,0,0,1,0,0.0,0.0,0,"[""SEG-VIP"", ""SEG-SENIOR"", ""SEG-CREDITO-ATIVO"", ""SEG-SEM-CARTAO"", ""SEG-INVESTIDOR-INICIANTE"", ""SEG-POUPADOR"", ""SEG-CONTRIBUINTE-IR"", ""SEG-PERFIL-FAMILIAR""]",0
60015,2022-01-28,N,BR,F,55,2004-03-18,0.0,220,1.0,,1.0,A,S,N,,KAT,N,RJ,1.0,129317.64,01 - ALTA RENDA,0,0,1,0,1,0,0,1,0,0,0,0,0,0,1,0,0,1,0,1,0,0.0,0.0,1,"[""SEG-VIP"", ""SEG-SENIOR"", ""SEG-ALTA-RENDA"", ""SEG-CREDITO-ATIVO"", ""SEG-SEM-CARTAO"", ""SEG-INVESTIDOR-INICIANTE"", ""SEG-POUPADOR"", ""SEG-CONTRIBUINTE-IR"", ""SEG-PERFIL-FAMILIAR"", ""SEG-PROPRIETARIO""]",0
1079681,2023-02-28,N,BR,F,32,2019-10-11,0.0,40,1.0,,1,I,S,N,,KHE,N,SP,0.0,69837.14,03 - UNIVERSITARIO,0,0,1,0,0,0,0,0,0,0,0,0,0,0,0,0,0,0,0,0,0,0.0,0.0,0,"[""SEG-ALTA-RENDA"", ""SEG-POUPADOR"", ""SEG-CONTRIBUINTE-IR""]",0
492374,2022-05-28,N,BR,F,42,2011-09-22,0.0,130,1.0,,1.0,A,S,N,,KFC,N,SP,1.0,23386.77,01 - ALTA RENDA,0,0,0,0,1,0,0,0,0,0,0,0,1,0,1,0,0,0,1,1,0,0.0,0.0,1,"[""SEG-VIP"", ""SEG-INVESTIDOR-INICIANTE"", ""SEG-PERFIL-FAMILIAR"", ""SEG-PROPRIETARIO""]",0
705271,2023-04-28,N,BR,M,44,2014-07-23,0.0,105,1.0,,1,A,S,N,,KAT,N,RJ,1.0,108282.16,02 - VAREJO,0,0,1,0,0,0,0,1,0,0,0,0,0,0,0,0,0,0,0,0,0,0.0,0.0,1,"[""SEG-ALTA-RENDA"", ""SEG-CREDITO-ATIVO"", ""SEG-SEM-CARTAO"", ""SEG-INVESTIDOR-INICIANTE"", ""SEG-POUPADOR"", ""SEG-CONTRIBUINTE-IR"", ""SEG-PERFIL-FAMILIAR""]",0
117431,2022-05-28,N,BR,M,45,2006-01-04,0.0,198,1.0,,1.0,A,S,N,,KAT,N,SP,1.0,67480.07,02 - VAREJO,0,0,1,0,0,0,0,1,0,0,0,0,0,0,0,0,0,0,1,0,0,0.0,0.0,1,"[""SEG-ALTA-RENDA"", ""SEG-CREDITO-ATIVO"", ""SEG-INVESTIDOR-INICIANTE"", ""SEG-POUPADOR"", ""SEG-CONTRIBUINTE-IR"", ""SEG-PERFIL-FAMILIAR"", ""SEG-VIAJANTE-EVENTO""]",1
217294,2022-11-28,N,BR,M,48,2008-01-23,0.0,178,1.0,,1.0,A,S,N,,KFC,N,SP,1.0,146405.5,01 - ALTA RENDA,0,0,0,0,0,0,0,1,0,0,0,1,0,0,0,0,0,0,1,0,0,0.0,0.0,0,"[""SEG-VIP"", ""SEG-ALTA-RENDA"", ""SEG-CREDITO-ATIVO"", ""SEG-INVESTIDOR-INICIANTE"", ""SEG-POUPADOR"", ""SEG-CONTRIBUINTE-IR"", ""SEG-PERFIL-FAMILIAR""]",0
1256658,2022-09-28,N,BR,F,53,2021-05-06,0.0,16,1.0,,1.0,A,S,N,,KFC,N,SP,1.0,81563.64,02 - VAREJO,0,0,1,0,0,0,0,0,0,0,0,0,0,0,0,0,0,0,0,0,0,0.0,0.0,0,"[""SEG-ALTA-RENDA"", ""SEG-CREDITO-ATIVO"", ""SEG-SEM-CARTAO"", ""SEG-INVESTIDOR-INICIANTE"", ""SEG-POUPADOR"", ""SEG-CONTRIBUINTE-IR"", ""SEG-PERFIL-FAMILIAR""]",0
1098362,2023-05-28,N,BR,F,26,2019-11-12,0.0,42,1.0,,1.0,I,S,N,,KHE,N,MG,0.0,86718.92,03 - UNIVERSITARIO,0,0,1,0,0,0,0,0,0,0,0,0,0,0,0,0,0,0,0,0,0,0.0,0.0,0,"[""SEG-JOVEM"", ""SEG-ALTA-RENDA"", ""SEG-POUPADOR""]",0
1158277,2023-02-28,N,BR,F,25,2020-08-06,0.0,30,1.0,,1.0,I,S,N,,KHE,N,SE,0.0,14474.19,03 - UNIVERSITARIO,0,0,1,0,0,0,0,0,0,0,0,0,0,0,0,0,0,0,0,0,0,0.0,0.0,0,"[""SEG-JOVEM""]",0
91036,2022-10-28,N,BR,M,45,2005-03-30,0.0,211,1.0,,1,A,S,N,,KAT,N,SP,1.0,81867.82,01 - ALTA RENDA,0,0,0,0,1,0,0,1,0,0,0,0,0,0,1,0,0,0,1,0,0,1.0,1.0,1,"[""SEG-VIP"", ""SEG-ALTA-RENDA"", ""SEG-CREDITO-ATIVO"", ""SEG-INVESTIDOR-INICIANTE"", ""SEG-POUPADOR"", ""SEG-CONTRIBUINTE-IR"", ""SEG-PERFIL-FAMILIAR"", ""SEG-PROPRIETARIO""]",0
197213,2023-03-28,N,BR,F,43,2007-10-13,0.0,185,1.0,,1.0,A,S,N,,KAT,N,RO,1.0,9349.61,02 - VAREJO,0,0,0,0,1,0,0,0,0,0,0,0,0,0,0,0,0,0,1,0,0,0.0,0.0,1,"[""SEG-INVESTIDOR-INICIANTE"", ""SEG-PERFIL-FAMILIAR""]",0
400440,2023-02-28,N,BR,F,42,2010-01-09,0.0,157,1.0,,1.0,A,S,N,,KAT,N,SP,1.0,10446.73,02 - VAREJO,0,0,1,0,0,0,0,0,0,0,0,0,1,0,0,0,0,1,1,1,0,0.0,0.0,0,"[""SEG-INVESTIDOR-INICIANTE"", ""SEG-PERFIL-FAMILIAR""]",0
1009006,2022-09-28,N,BR,F,49,2019-03-19,0.0,42,1.0,,1,A,S,N,,KFC,N,BA,1.0,44699.11,02 - VAREJO,0,0,0,0,1,0,0,0,0,0,0,0,0,0,0,0,0,0,0,0,0,0.0,0.0,1,"[""SEG-CREDITO-ATIVO"", ""SEG-SEM-CARTAO"", ""SEG-INVESTIDOR-INICIANTE"", ""SEG-POUPADOR"", ""SEG-CONTRIBUINTE-IR"", ""SEG-PERFIL-FAMILIAR""]",0
540699,2023-01-28,N,BR,M,47,2012-07-22,0.0,126,1.0,,1,A,S,N,,KAM,N,RJ,1.0,41860.09,02 - VAREJO,0,0,0,0,1,0,0,0,0,0,0,0,1,0,1,0,0,0,0,0,0,1.0,1.0,1,"[""SEG-CREDITO-ATIVO"", ""SEG-SEM-CARTAO"", ""SEG-INVESTIDOR-INICIANTE"", ""SEG-POUPADOR"", ""SEG-PERFIL-FAMILIAR"", ""SEG-PROPRIETARIO""]",0
1505565,2023-01-28,N,BR,M,20,2022-11-17,1.0,2,1.0,,1.0,I,S,N,,KHQ,N,PR,0.0,28132.74,03 - UNIVERSITARIO,0,0,1,0,0,0,0,0,0,0,0,0,0,0,0,0,0,0,0,0,0,0.0,0.0,0,"[""SEG-JOVEM"", ""SEG-VIAJANTE-EVENTO""]",1
276494,2022-10-28,N,BR,F,35,2008-10-01,0.0,169,1.0,,1.0,A,S,N,,KFC,N,SP,1.0,73572.23,01 - ALTA RENDA,0,0,0,0,1,0,0,0,0,0,0,1,1,0,1,0,0,0,0,1,0,0.0,0.0,1,"[""SEG-VIP"", ""SEG-ALTA-RENDA"", ""SEG-CREDITO-ATIVO"", ""SEG-SEM-CARTAO"", ""SEG-INVESTIDOR-INICIANTE"", ""SEG-POUPADOR"", ""SEG-CONTRIBUINTE-IR"", ""SEG-PERFIL-FAMILIAR"", ""SEG-PROPRIETARIO""]",0
416685,2023-05-28,N,BR,M,41,2010-04-28,0.0,157,1.0,,1.0,A,S,N,,KFC,N,SP,1.0,89937.97,02 - VAREJO,0,0,1,0,0,0,0,1,0,0,0,0,0,0,0,0,0,0,0,0,0,0.0,0.0,0,"[""SEG-ALTA-RENDA"", ""SEG-CREDITO-ATIVO"", ""SEG-SEM-CARTAO"", ""SEG-INVESTIDOR-INICIANTE"", ""SEG-POUPADOR"", ""SEG-CONTRIBUINTE-IR"", ""SEG-PERFIL-FAMILIAR""]",0
661290,2023-03-28,N,BR,M,72,2013-12-04,0.0,111,1.0,,1.0,A,S,N,,KAT,N,SP,1.0,99316.84,02 - VAREJO,0,0,1,0,0,0,0,0,0,0,0,0,0,1,0,0,0,0,0,0,0,0.0,0.0,0,"[""SEG-SENIOR"", ""SEG-CREDITO-ATIVO"", ""SEG-SEM-CARTAO"", ""SEG-POUPADOR"", ""SEG-INVESTIDOR-EXPERIENTE""]",0
283549,2022-07-28,N,BR,F,35,2008-10-18,0.0,165,1.0,,1.0,A,S,N,,KAT,N,SP,1.0,65217.4,01 - ALTA RENDA,0,0,1,0,1,0,0,0,1,0,0,0,0,0,1,1,0,0,1,0,0,1.0,1.0,1,"[""SEG-VIP"", ""SEG-ALTA-RENDA"", ""SEG-CREDITO-ATIVO"", ""SEG-INVESTIDOR-INICIANTE"", ""SEG-POUPADOR"", ""SEG-PERFIL-FAMILIAR"", ""SEG-PROPRIETARIO""]",0
906735,2023-04-28,N,BR,M,42,2018-03-14,0.0,61,1.0,,1,I,S,N,,KFC,N,SP,0.0,69719.93,02 - VAREJO,0,0,0,0,0,0,0,0,0,0,0,0,0,0,0,0,0,0,0,0,0,0.0,0.0,0,"[""SEG-ALTA-RENDA"", ""SEG-POUPADOR"", ""SEG-CONTRIBUINTE-IR""]",0
128876,2022-02-28,N,BR,M,83,2011-05-24,0.0,134,1.0,,1.0,A,S,N,,KFC,S,SP,1.0,29445.99,01 - ALTA RENDA,0,0,0,0,0,0,0,0,0,0,0,1,0,0,0,0,0,0,0,0,0,0.0,0.0,0,"[""SEG-VIP"", ""SEG-SENIOR"", ""SEG-SEM-CARTAO"", ""SEG-INVESTIDOR-INICIANTE"", ""SEG-VIAJANTE-EVENTO""]",1
75731,2022-10-28,N,BR,F,60,2004-11-07,0.0,57,1.0,,1.0,A,S,N,,KAT,N,SP,1.0,348938.62,02 - VAREJO,0,0,1,0,0,0,1,0,0,0,0,0,0,0,0,0,0,0,0,0,0,0.0,0.0,0,"[""SEG-SENIOR"", ""SEG-CREDITO-ATIVO"", ""SEG-SEM-CARTAO"", ""SEG-INVESTIDOR-INICIANTE"", ""SEG-POUPADOR"", ""SEG-CONTRIBUINTE-IR"", ""SEG-PERFIL-FAMILIAR""]",0
211577,2023-04-28,N,BR,M,71,2011-12-21,0.0,53,1.0,,1.0,A,S,N,,KFA,N,SP,1.0,40679.87,02 - VAREJO,0,0,1,0,0,0,0,0,0,0,0,0,1,0,0,0,0,0,1,0,0,0.0,0.0,1,"[""SEG-SENIOR"", ""SEG-CREDITO-ATIVO"", ""SEG-INVESTIDOR-INICIANTE"", ""SEG-POUPADOR""]",0
1521084,2023-01-28,N,BR,F,39,2023-01-04,1.0,0,1.0,,,,S,N,,,N,PE,1.0,24897.95,,0,0,1,0,0,0,0,0,0,0,0,0,0,0,0,0,0,0,0,0,0,0.0,0.0,0,"[""SEG-INVESTIDOR-INICIANTE"", ""SEG-PERFIL-FAMILIAR"", ""SEG-VIAJANTE-EVENTO""]",1
798130,2023-05-28,N,BR,M,79,2015-09-29,0.0,92,1.0,,1.0,I,S,N,,KAT,N,GO,0.0,8907.92,02 - VAREJO,0,0,0,0,0,0,0,0,0,0,0,0,0,0,0,0,0,0,0,0,0,0.0,0.0,0,"[""SEG-SENIOR""]",0
496180,2022-10-28,N,BR,M,38,2011-10-14,0.0,132,1.0,,1.0,A,S,N,,KFC,N,SP,1.0,96582.89,02 - VAREJO,0,0,1,0,0,0,0,1,1,0,0,0,0,0,0,0,0,1,1,0,0,1.0,1.0,0,"[""SEG-ALTA-RENDA"", ""SEG-CREDITO-ATIVO"", ""SEG-INVESTIDOR-INICIANTE"", ""SEG-POUPADOR"", ""SEG-CONTRIBUINTE-IR"", ""SEG-PERFIL-FAMILIAR"", ""SEG-VIAJANTE-EVENTO""]",1
1160645,2022-06-28,N,BR,M,22,2020-08-09,0.0,23,1.0,,1.0,I,S,N,,KHE,N,AL,0.0,48814.02,03 - UNIVERSITARIO,0,0,1,0,0,0,0,0,0,0,0,0,0,0,0,0,0,0,0,0,0,0.0,0.0,0,"[""SEG-JOVEM"", ""SEG-POUPADOR""]",0
474497,2023-05-28,N,BR,M,69,2011-05-17,0.0,144,1.0,,1.0,I,S,N,,KFC,N,RJ,0.0,86412.89,02 - VAREJO,0,0,0,0,0,0,0,0,0,0,0,0,0,0,0,0,0,0,0,0,0,0.0,0.0,0,"[""SEG-SENIOR"", ""SEG-POUPADOR""]",0
1018972,2023-04-28,N,BR,M,30,2019-06-07,0.0,46,1.0,,1.0,A,S,N,,KFA,N,SP,1.0,43123.71,03 - UNIVERSITARIO,0,0,0,0,1,0,0,0,0,0,0,0,1,0,0,0,0,1,0,0,0,0.0,0.0,1,"[""SEG-CREDITO-ATIVO"", ""SEG-SEM-CARTAO"", ""SEG-INVESTIDOR-INICIANTE"", ""SEG-POUPADOR"", ""SEG-PERFIL-FAMILIAR""]",0
890854,2023-05-28,N,BR,M,20,2017-09-07,0.0,68,1.0,,1.0,A,S,N,,KAT,N,BA,1.0,9138.64,02 - VAREJO,0,0,0,0,0,1,0,0,0,0,0,0,0,0,0,0,0,0,0,0,0,0.0,0.0,0,"[""SEG-JOVEM"", ""SEG-SEM-CARTAO"", ""SEG-INVESTIDOR-INICIANTE""]",0
175782,2023-04-28,N,BR,F,50,2007-05-11,0.0,191,1.0,,1.0,A,S,N,,KAY,N,TO,1.0,25292.31,01 - ALTA RENDA,0,0,1,0,1,0,0,0,0,0,0,0,1,0,1,1,0,0,0,1,0,1.0,1.0,1,"[""SEG-VIP"", ""SEG-SEM-CARTAO"", ""SEG-INVESTIDOR-INICIANTE"", ""SEG-PERFIL-FAMILIAR"", ""SEG-PROPRIETARIO"", ""SEG-VIAJANTE-EVENTO""]",1
1312101,2023-05-28,N,BR,F,20,2021-09-22,0.0,20,1.0,,1.0,A,S,N,,KHE,N,GO,1.0,99400.45,03 - UNIVERSITARIO,0,0,1,0,0,0,0,0,0,0,0,0,0,0,0,0,0,0,0,0,0,0.0,0.0,0,"[""SEG-JOVEM"", ""SEG-CREDITO-ATIVO"", ""SEG-SEM-CARTAO"", ""SEG-INVESTIDOR-INICIANTE"", ""SEG-POUPADOR""]",0
1382662,2022-05-28,N,BR,F,25,2022-02-16,1.0,5,1.0,,1.0,A,S,S,,KHF,N,SC,1.0,23120.12,03 - UNIVERSITARIO,0,0,1,0,0,0,0,0,0,0,0,0,0,0,0,0,0,0,0,0,0,0.0,0.0,0,"[""SEG-JOVEM"", ""SEG-SEM-CARTAO"", ""SEG-INVESTIDOR-INICIANTE"", ""SEG-PERFIL-FAMILIAR"", ""SEG-VIAJANTE-EVENTO""]",1
438866,2022-06-28,N,BR,F,49,2010-10-08,0.0,141,1.0,,1.0,A,S,N,,KFC,N,RJ,1.0,23356.42,02 - VAREJO,0,0,1,0,0,0,0,1,0,0,0,0,0,0,0,0,0,0,0,0,0,0.0,0.0,0,"[""SEG-SEM-CARTAO"", ""SEG-INVESTIDOR-INICIANTE"", ""SEG-PERFIL-FAMILIAR""]",0
111906,2023-04-28,N,BR,M,92,2009-11-12,0.0,101,1.0,,1.0,A,S,N,,KFC,N,SP,1.0,29905.24,01 - ALTA RENDA,0,0,1,0,0,0,0,1,0,0,1,0,0,1,0,0,0,0,0,0,0,0.0,0.0,0,"[""SEG-VIP"", ""SEG-SENIOR"", ""SEG-SEM-CARTAO"", ""SEG-INVESTIDOR-EXPERIENTE"", ""SEG-VIAJANTE-EVENTO""]",1
482505,2023-04-28,N,BR,M,82,2011-07-08,0.0,141,1.0,,1.0,A,S,N,,KAT,N,SP,1.0,175403.19,01 - ALTA RENDA,0,0,1,0,0,0,0,0,0,0,0,1,0,0,0,0,0,0,0,0,0,0.0,0.0,0,"[""SEG-VIP"", ""SEG-SENIOR"", ""SEG-CREDITO-ATIVO"", ""SEG-SEM-CARTAO"", ""SEG-INVESTIDOR-INICIANTE"", ""SEG-POUPADOR""]",0
182842,2022-09-28,N,BR,F,59,2007-07-17,0.0,182,1.0,,1.0,A,S,N,,KFC,N,SP,1.0,85178.63,02 - VAREJO,0,0,0,1,0,0,0,1,0,0,0,0,0,0,0,0,0,0,0,0,0,0.0,0.0,0,"[""SEG-SENIOR"", ""SEG-CREDITO-ATIVO"", ""SEG-SEM-CARTAO"", ""SEG-INVESTIDOR-INICIANTE"", ""SEG-POUPADOR"", ""SEG-CONTRIBUINTE-IR"", ""SEG-PERFIL-FAMILIAR""]",0
1182731,2023-01-28,N,BR,M,21,2020-09-24,0.0,28,1.0,,1.0,I,S,N,,KHE,N,MG,0.0,17873.28,03 - UNIVERSITARIO,0,0,1,0,0,0,0,0,0,0,0,0,0,0,0,0,0,0,0,0,0,0.0,0.0,0,"[""SEG-JOVEM"", ""SEG-VIAJANTE-EVENTO""]",1
861185,2022-05-28,N,BR,M,23,2017-01-13,0.0,66,1.0,,1.0,A,S,N,,KAT,N,RS,1.0,49341.88,03 - UNIVERSITARIO,0,0,1,0,0,0,0,0,1,0,0,0,0,0,0,0,0,0,0,0,0,0.0,0.0,1,"[""SEG-JOVEM"", ""SEG-CREDITO-ATIVO"", ""SEG-SEM-CARTAO"", ""SEG-INVESTIDOR-INICIANTE"", ""SEG-POUPADOR""]",0
1110847,2022-03-28,N,BR,M,18,2019-12-07,0.0,31,1.0,,1.0,A,S,N,,KAT,N,SP,1.0,86030.53,02 - VAREJO,0,0,0,0,0,1,0,0,0,0,0,0,0,0,0,0,0,0,0,0,0,0.0,0.0,0,"[""SEG-JOVEM"", ""SEG-CREDITO-ATIVO"", ""SEG-SEM-CARTAO"", ""SEG-INVESTIDOR-INICIANTE"", ""SEG-POUPADOR""]",0
150330,2023-04-28,N,BR,F,44,2006-11-23,0.0,197,1.0,,1,A,S,N,,KAT,N,SP,1.0,252962.68,02 - VAREJO,0,0,0,0,1,0,0,1,0,0,0,0,0,0,1,0,0,0,0,0,0,1.0,1.0,1,"[""SEG-ALTA-RENDA"", ""SEG-CREDITO-ATIVO"", ""SEG-SEM-CARTAO"", ""SEG-INVESTIDOR-INICIANTE"", ""SEG-POUPADOR"", ""SEG-CONTRIBUINTE-IR"", ""SEG-PERFIL-FAMILIAR"", ""SEG-PROPRIETARIO""]",0
872686,2023-01-28,N,BR,F,44,2017-04-12,0.0,69,1.0,,1,A,S,N,,KFC,N,SP,1.0,197736.67,02 - VAREJO,0,0,1,0,0,0,0,0,1,0,0,0,0,0,0,0,0,0,0,0,0,0.0,0.0,0,"[""SEG-ALTA-RENDA"", ""SEG-CREDITO-ATIVO"", ""SEG-SEM-CARTAO"", ""SEG-INVESTIDOR-INICIANTE"", ""SEG-POUPADOR"", ""SEG-CONTRIBUINTE-IR"", ""SEG-PERFIL-FAMILIAR""]",0
530991,2023-03-28,N,BR,F,53,2012-04-28,0.0,131,1.0,,1.0,I,S,N,,KBZ,N,SP,0.0,89772.42,02 - VAREJO,0,0,1,0,0,0,0,0,0,0,0,0,0,0,0,0,0,0,0,0,0,0.0,0.0,0,"[""SEG-ALTA-RENDA"", ""SEG-POUPADOR"", ""SEG-CONTRIBUINTE-IR""]",0
29179,2022-10-28,N,BR,M,54,2003-05-15,0.0,233,1.0,,1.0,A,S,N,,KAT,N,SP,1.0,582570.3,01 - ALTA RENDA,0,0,0,0,1,0,0,1,1,0,0,1,1,1,0,1,0,1,1,1,0,0.0,0.0,1,"[""SEG-VIP"", ""SEG-ALTA-RENDA"", ""SEG-CREDITO-ATIVO"", ""SEG-POUPADOR"", ""SEG-PERFIL-FAMILIAR"", ""SEG-VIAJANTE-EVENTO""]",1
1460939,2023-03-28,N,BR,F,21,2022-09-25,0.0,6,1.0,,1.0,I,S,N,,KHQ,N,PE,0.0,14360.78,03 - UNIVERSITARIO,0,0,1,0,0,0,0,0,0,0,0,0,0,0,0,0,0,0,0,0,0,0.0,0.0,0,"[""SEG-JOVEM"", ""SEG-VIAJANTE-EVENTO""]",1
868624,2023-01-28,N,BR,F,40,2017-03-18,0.0,70,1.0,,1,A,S,N,,KAQ,N,SP,1.0,58766.71,02 - VAREJO,0,0,1,0,0,0,0,0,0,0,0,0,0,0,0,0,0,0,0,0,0,0.0,0.0,0,"[""SEG-CREDITO-ATIVO"", ""SEG-SEM-CARTAO"", ""SEG-INVESTIDOR-INICIANTE"", ""SEG-POUPADOR"", ""SEG-CONTRIBUINTE-IR"", ""SEG-PERFIL-FAMILIAR"", ""SEG-VIAJANTE-EVENTO""]",1
184963,2022-09-28,N,BR,F,81,2007-07-25,0.0,182,1.0,,1,A,S,N,,KAT,N,MG,1.0,110681.55,01 - ALTA RENDA,0,0,1,1,0,0,0,1,0,0,0,0,0,0,0,0,0,1,1,1,0,0.0,0.0,1,"[""SEG-VIP"", ""SEG-SENIOR"", ""SEG-CREDITO-ATIVO"", ""SEG-INVESTIDOR-INICIANTE"", ""SEG-POUPADOR""]",0
954863,2022-10-28,N,BR,F,22,2018-10-05,0.0,48,1.0,,1.0,I,S,N,,KHE,N,DF,1.0,21824.21,03 - UNIVERSITARIO,0,0,1,0,0,0,0,0,0,0,0,0,0,0,0,0,0,0,0,0,0,0.0,0.0,0,"[""SEG-JOVEM"", ""SEG-SEM-CARTAO"", ""SEG-INVESTIDOR-INICIANTE"", ""SEG-VIAJANTE-EVENTO""]",1
1141210,2022-10-28,N,BR,F,28,2020-07-15,0.0,27,1.0,,1.0,A,S,N,,KFC,N,PE,1.0,8765.44,02 - VAREJO,0,0,0,0,1,0,0,0,0,0,0,0,0,0,0,0,0,0,0,0,0,0.0,0.0,0,"[""SEG-JOVEM"", ""SEG-SEM-CARTAO"", ""SEG-INVESTIDOR-INICIANTE"", ""SEG-PERFIL-FAMILIAR"", ""SEG-VIAJANTE-EVENTO""]",1
631007,2023-01-28,N,BR,M,45,2022-06-17,0.0,7,1.0,,1,A,S,N,,KAT,N,SP,1.0,107600.31,02 - VAREJO,0,0,1,0,0,0,0,0,0,0,0,1,0,0,0,0,0,0,0,0,0,0.0,0.0,0,"[""SEG-ALTA-RENDA"", ""SEG-CREDITO-ATIVO"", ""SEG-SEM-CARTAO"", ""SEG-INVESTIDOR-INICIANTE"", ""SEG-POUPADOR"", ""SEG-CONTRIBUINTE-IR"", ""SEG-PERFIL-FAMILIAR"", ""SEG-VIAJANTE-EVENTO""]",1
1085438,2023-04-28,N,BR,M,23,2019-10-22,0.0,42,1.0,,1.0,I,S,N,,KHE,N,MS,1.0,59098.39,03 - UNIVERSITARIO,0,0,1,0,0,0,0,0,0,0,0,0,0,0,0,0,0,0,0,0,0,0.0,0.0,0,"[""SEG-JOVEM"", ""SEG-CREDITO-ATIVO"", ""SEG-SEM-CARTAO"", ""SEG-INVESTIDOR-INICIANTE"", ""SEG-POUPADOR""]",0
83662,2023-02-28,N,BR,F,50,2005-01-27,0.0,131,1.0,,1.0,A,S,N,,KAT,N,SP,1.0,67480.07,02 - VAREJO,0,0,0,0,0,0,0,1,0,0,0,0,0,0,0,0,0,0,0,0,0,0.0,0.0,0,"[""SEG-ALTA-RENDA"", ""SEG-CREDITO-ATIVO"", ""SEG-SEM-CARTAO"", ""SEG-INVESTIDOR-INICIANTE"", ""SEG-POUPADOR"", ""SEG-CONTRIBUINTE-IR"", ""SEG-PERFIL-FAMILIAR""]",0
1244153,2023-03-28,N,BR,F,23,2021-02-18,0.0,25,1.0,,1.0,A,S,N,,KFC,N,SP,1.0,272616.49,03 - UNIVERSITARIO,0,0,1,0,0,0,0,0,0,0,0,0,0,1,0,0,0,0,0,0,0,0.0,0.0,0,"[""SEG-JOVEM"", ""SEG-CREDITO-ATIVO"", ""SEG-SEM-CARTAO"", ""SEG-POUPADOR"", ""SEG-INVESTIDOR-EXPERIENTE""]",0
1025019,2022-08-28,N,BR,F,62,2019-07-18,0.0,37,1.0,,1.0,A,S,N,,KFC,N,MS,1.0,29872.43,02 - VAREJO,0,0,1,0,0,0,0,0,0,0,0,0,1,1,0,0,0,0,0,0,0,0.0,0.0,0,"[""SEG-SENIOR"", ""SEG-SEM-CARTAO"", ""SEG-INVESTIDOR-EXPERIENTE""]",0
291502,2023-04-28,N,BR,M,47,2008-11-06,0.0,173,1.0,,1.0,A,S,N,,KFC,N,SP,1.0,198329.35,02 - VAREJO,0,0,0,0,1,0,0,0,0,0,0,0,1,0,0,0,0,0,0,0,0,0.0,0.0,0,"[""SEG-ALTA-RENDA"", ""SEG-CREDITO-ATIVO"", ""SEG-SEM-CARTAO"", ""SEG-INVESTIDOR-INICIANTE"", ""SEG-POUPADOR"", ""SEG-CONTRIBUINTE-IR"", ""SEG-PERFIL-FAMILIAR""]",0
1030065,2022-06-28,N,BR,M,26,2019-07-24,0.0,36,1.0,,1.0,I,S,N,,KHE,N,RJ,0.0,37103.75,03 - UNIVERSITARIO,0,0,1,0,0,0,0,0,0,0,0,0,0,0,0,0,0,0,0,0,0,0.0,0.0,0,"[""SEG-JOVEM"", ""SEG-POUPADOR""]",0
1021528,2023-03-28,N,BR,F,74,2019-06-29,0.0,45,1.0,,1.0,A,S,N,,KFC,N,SP,1.0,38366.93,02 - VAREJO,0,0,0,0,1,0,0,0,0,0,0,0,0,0,0,0,0,0,0,0,0,0.0,1.0,1,"[""SEG-SENIOR"", ""SEG-CREDITO-ATIVO"", ""SEG-SEM-CARTAO"", ""SEG-INVESTIDOR-INICIANTE"", ""SEG-POUPADOR"", ""SEG-VIAJANTE-EVENTO""]",1
145503,2022-12-28,N,BR,M,45,2008-01-12,0.0,179,1.0,,1.0,A,S,N,,KAT,N,SP,1.0,80374.23,02 - VAREJO,0,0,0,0,1,0,0,0,1,0,0,1,1,0,1,0,0,0,1,0,0,1.0,1.0,1,"[""SEG-ALTA-RENDA"", ""SEG-CREDITO-ATIVO"", ""SEG-INVESTIDOR-INICIANTE"", ""SEG-POUPADOR"", ""SEG-CONTRIBUINTE-IR"", ""SEG-PERFIL-FAMILIAR"", ""SEG-PROPRIETARIO""]",0
439985,2022-09-28,N,BR,F,63,2010-10-15,0.0,143,1.0,,1.0,A,S,N,,KAT,N,SP,1.0,101073.88,01 - ALTA RENDA,0,0,0,0,1,0,0,0,0,0,0,1,1,0,0,0,0,0,1,0,0,1.0,1.0,0,"[""SEG-VIP"", ""SEG-SENIOR"", ""SEG-CREDITO-ATIVO"", ""SEG-INVESTIDOR-INICIANTE"", ""SEG-POUPADOR""]",0
488997,2022-08-28,N,BR,M,43,2011-08-31,0.0,130,1.0,,1.0,A,S,N,,013,N,SP,1.0,9508.04,01 - ALTA RENDA,0,0,0,0,1,0,0,0,1,0,0,0,0,0,1,0,0,0,1,0,0,1.0,1.0,1,"[""SEG-VIP"", ""SEG-INVESTIDOR-INICIANTE"", ""SEG-PERFIL-FAMILIAR"", ""SEG-PROPRIETARIO""]",0
590534,2022-07-28,N,BR,M,50,2013-01-10,0.0,114,1.0,,1.0,A,S,N,,KAT,N,SP,1.0,283597.71,02 - VAREJO,0,0,1,0,0,0,0,0,0,0,0,1,0,0,0,0,0,0,0,0,0,0.0,0.0,0,"[""SEG-ALTA-RENDA"", ""SEG-CREDITO-ATIVO"", ""SEG-SEM-CARTAO"", ""SEG-INVESTIDOR-INICIANTE"", ""SEG-POUPADOR"", ""SEG-CONTRIBUINTE-IR"", ""SEG-PERFIL-FAMILIAR""]",0
181078,2022-09-28,N,BR,F,56,2007-07-07,0.0,182,1.0,,1.0,A,S,N,,KAT,N,RO,1.0,81814.05,02 - VAREJO,0,0,0,0,1,0,0,1,0,0,0,0,1,0,0,0,0,0,0,1,0,1.0,1.0,0,"[""SEG-SENIOR"", ""SEG-CREDITO-ATIVO"", ""SEG-SEM-CARTAO"", ""SEG-INVESTIDOR-INICIANTE"", ""SEG-POUPADOR"", ""SEG-CONTRIBUINTE-IR"", ""SEG-PERFIL-FAMILIAR""]",0
1544021,2023-04-28,N,BR,F,39,2023-04-06,1.0,0,1.0,,,,S,N,,,N,PA,1.0,24547.07,,0,0,1,0,0,0,0,0,0,0,0,0,0,0,0,0,0,0,0,0,0,0.0,0.0,0,"[""SEG-INVESTIDOR-INICIANTE"", ""SEG-PERFIL-FAMILIAR""]",0
827509,2022-11-28,N,BR,F,60,2016-01-21,0.0,82,1.0,,1.0,A,S,N,,KFA,N,SP,1.0,30343.82,02 - VAREJO,0,0,1,0,0,0,0,0,0,0,0,0,0,0,0,0,0,0,1,0,0,0.0,0.0,0,"[""SEG-SENIOR"", ""SEG-INVESTIDOR-INICIANTE"", ""SEG-PERFIL-FAMILIAR""]",0
154519,2022-12-28,N,BR,M,45,2006-12-28,0.0,192,1.0,,1.0,A,S,N,,KAT,N,PR,1.0,110137.89,01 - ALTA RENDA,0,0,0,0,1,0,0,1,1,0,0,0,0,0,0,0,0,0,0,1,1,1.0,1.0,0,"[""SEG-VIP"", ""SEG-ALTA-RENDA"", ""SEG-CREDITO-ATIVO"", ""SEG-SEM-CARTAO"", ""SEG-INVESTIDOR-INICIANTE"", ""SEG-POUPADOR"", ""SEG-CONTRIBUINTE-IR"", ""SEG-PERFIL-FAMILIAR""]",0
272688,2023-03-28,N,BR,M,69,2008-09-27,0.0,174,1.0,,1.0,A,S,N,,KAT,N,MG,1.0,29867.71,01 - ALTA RENDA,0,0,1,0,0,0,0,1,0,0,0,1,0,0,0,0,0,0,0,0,0,0.0,0.0,0,"[""SEG-VIP"", ""SEG-SENIOR"", ""SEG-SEM-CARTAO"", ""SEG-INVESTIDOR-INICIANTE""]",0
100088,2023-04-28,N,BR,F,68,2007-01-26,0.0,106,1.0,,1.0,A,S,N,,KAT,N,PI,1.0,17857.22,02 - VAREJO,0,0,1,0,0,0,0,0,0,0,0,0,0,0,0,0,0,0,0,0,0,0.0,0.0,0,"[""SEG-SENIOR"", ""SEG-SEM-CARTAO"", ""SEG-INVESTIDOR-INICIANTE""]",0
217152,2023-02-28,N,BR,F,47,2008-01-22,0.0,181,1.0,,1.0,A,S,N,,KAS,N,SP,1.0,79821.2,01 - ALTA RENDA,0,0,1,0,0,0,0,1,0,0,0,1,0,0,0,0,0,0,0,0,0,0.0,0.0,0,"[""SEG-VIP"", ""SEG-ALTA-RENDA"", ""SEG-CREDITO-ATIVO"", ""SEG-SEM-CARTAO"", ""SEG-INVESTIDOR-INICIANTE"", ""SEG-POUPADOR"", ""SEG-CONTRIBUINTE-IR"", ""SEG-PERFIL-FAMILIAR""]",0
691652,2022-09-28,N,BR,M,80,2014-05-18,0.0,100,1.0,,1,I,S,N,,KAT,N,PR,0.0,84473.26,02 - VAREJO,0,0,1,0,0,0,0,0,0,0,0,0,0,0,0,0,0,0,0,0,0,0.0,0.0,0,"[""SEG-SENIOR"", ""SEG-POUPADOR""]",0
232540,2023-04-28,N,BR,F,51,2008-03-23,0.0,181,1.0,,1.0,I,S,N,,KAT,N,CE,0.0,50823.61,02 - VAREJO,0,0,1,0,0,0,0,0,0,0,0,0,0,0,0,0,0,0,0,0,0,0.0,0.0,0,"[""SEG-POUPADOR"", ""SEG-CONTRIBUINTE-IR""]",0
747733,2022-09-28,N,BR,F,100,2015-02-12,0.0,91,1.0,,1.0,I,S,S,,KFC,S,SP,1.0,84768.46,02 - VAREJO,0,0,1,0,0,0,0,0,1,0,0,0,0,0,0,0,0,1,0,0,0,0.0,0.0,0,"[""SEG-SENIOR"", ""SEG-CREDITO-ATIVO"", ""SEG-SEM-CARTAO"", ""SEG-INVESTIDOR-INICIANTE"", ""SEG-POUPADOR""]",0
182898,2022-03-28,N,BR,M,59,2007-07-17,0.0,180,1.0,,1.0,A,S,S,,KAT,N,BA,1.0,58230.87,02 - VAREJO,0,0,1,0,0,0,0,1,1,0,0,1,0,0,0,0,0,0,0,0,0,0.0,0.0,0,"[""SEG-SENIOR"", ""SEG-CREDITO-ATIVO"", ""SEG-SEM-CARTAO"", ""SEG-INVESTIDOR-INICIANTE"", ""SEG-POUPADOR"", ""SEG-CONTRIBUINTE-IR"", ""SEG-PERFIL-FAMILIAR""]",0
476713,2022-09-28,N,BR,F,49,2011-06-21,0.0,135,1.0,,1.0,A,S,N,,KAT,N,RS,1.0,45538.74,02 - VAREJO,0,0,1,0,0,0,0,0,0,0,0,0,0,0,1,0,0,0,0,0,0,0.0,0.0,1,"[""SEG-CREDITO-ATIVO"", ""SEG-SEM-CARTAO"", ""SEG-INVESTIDOR-INICIANTE"", ""SEG-POUPADOR"", ""SEG-CONTRIBUINTE-IR"", ""SEG-PERFIL-FAMILIAR"", ""SEG-PROPRIETARIO""]",0
645289,2023-01-28,N,BR,M,79,2013-10-02,0.0,39,1.0,,1.0,I,S,N,,KAT,N,PA,0.0,40525.69,02 - VAREJO,0,0,1,0,0,0,0,0,0,0,0,0,0,0,0,0,0,0,0,0,0,0.0,0.0,0,"[""SEG-SENIOR"", ""SEG-POUPADOR""]",0
569633,2022-08-28,N,BR,F,44,2012-10-19,0.0,118,1.0,,1.0,A,S,N,,KFC,N,GO,0.0,349928.86,02 - VAREJO,0,0,1,0,0,0,0,0,0,0,0,0,0,0,0,0,0,0,0,0,0,0.0,0.0,0,"[""SEG-ALTA-RENDA"", ""SEG-POUPADOR"", ""SEG-CONTRIBUINTE-IR""]",0
43097,2023-05-28,N,BR,M,45,2003-07-11,0.0,238,1.0,,1.0,I,S,S,,KAT,N,SP,0.0,34318.17,02 - VAREJO,0,0,1,0,0,0,0,0,0,0,0,0,0,0,0,0,0,0,0,0,0,0.0,0.0,0,"[""SEG-POUPADOR""]",0
1369345,2023-03-28,N,BR,M,45,2021-12-15,0.0,15,1.0,,1.0,I,S,N,,KHK,N,SP,0.0,65227.46,02 - VAREJO,0,0,0,0,0,0,0,0,0,0,0,0,0,0,0,0,0,0,0,0,0,0.0,0.0,0,"[""SEG-ALTA-RENDA"", ""SEG-POUPADOR"", ""SEG-CONTRIBUINTE-IR""]",0
275802,2022-10-28,N,BR,F,86,2008-09-27,0.0,169,1.0,,1.0,A,S,S,,KAT,N,SP,1.0,450873.59,02 - VAREJO,0,0,1,0,0,0,0,0,1,0,0,0,0,0,0,0,0,0,0,0,0,0.0,0.0,1,"[""SEG-SENIOR"", ""SEG-CREDITO-ATIVO"", ""SEG-SEM-CARTAO"", ""SEG-INVESTIDOR-INICIANTE"", ""SEG-POUPADOR""]",0
963243,2022-10-28,N,BR,M,24,2018-10-17,0.0,48,1.0,,1.0,A,S,N,,KHE,N,PE,1.0,63816.57,03 - UNIVERSITARIO,0,0,1,0,0,0,0,0,0,0,0,0,0,0,0,0,0,0,0,0,0,0.0,0.0,0,"[""SEG-JOVEM"", ""SEG-CREDITO-ATIVO"", ""SEG-SEM-CARTAO"", ""SEG-INVESTIDOR-INICIANTE"", ""SEG-POUPADOR""]",0
1346344,2023-04-28,N,BR,F,21,2021-11-03,0.0,17,1.0,,1.0,A,S,N,,KHE,N,RS,1.0,127622.69,03 - UNIVERSITARIO,0,0,1,0,0,0,0,0,0,0,0,0,0,0,0,0,0,0,0,0,0,0.0,0.0,0,"[""SEG-JOVEM"", ""SEG-CREDITO-ATIVO"", ""SEG-SEM-CARTAO"", ""SEG-INVESTIDOR-INICIANTE"", ""SEG-POUPADOR"", ""SEG-VIAJANTE-EVENTO""]",1
97103,2023-04-28,N,BR,M,73,2005-05-22,0.0,217,1.0,,1.0,A,S,N,,KAT,N,SP,1.0,73957.42,02 - VAREJO,0,0,0,0,0,0,0,0,0,0,0,0,0,0,0,0,0,0,1,0,0,0.0,0.0,0,"[""SEG-SENIOR"", ""SEG-CREDITO-ATIVO"", ""SEG-INVESTIDOR-INICIANTE"", ""SEG-POUPADOR"", ""SEG-VIAJANTE-EVENTO""]",1
106431,2023-05-28,N,BR,F,73,2009-12-27,0.0,212,1.0,,1.0,A,S,N,,KAT,N,SP,1.0,546483.39,02 - VAREJO,0,0,0,0,0,0,0,0,0,0,0,0,0,0,0,1,0,0,0,0,0,0.0,0.0,0,"[""SEG-SENIOR"", ""SEG-CREDITO-ATIVO"", ""SEG-SEM-CARTAO"", ""SEG-INVESTIDOR-INICIANTE"", ""SEG-POUPADOR""]",0
653048,2022-06-28,N,BR,F,60,2013-11-01,0.0,104,1.0,,1.0,A,S,N,,KFC,N,SP,1.0,305087.91,01 - ALTA RENDA,0,0,1,0,0,0,0,0,0,0,0,1,0,0,0,0,0,0,0,0,0,0.0,0.0,0,"[""SEG-VIP"", ""SEG-SENIOR"", ""SEG-CREDITO-ATIVO"", ""SEG-SEM-CARTAO"", ""SEG-INVESTIDOR-INICIANTE"", ""SEG-POUPADOR"", ""SEG-CONTRIBUINTE-IR"", ""SEG-PERFIL-FAMILIAR""]",0
209720,2023-05-28,N,BR,M,46,2009-12-30,0.0,161,1.0,,1.0,A,S,S,,KFA,N,SP,1.0,15950.46,02 - VAREJO,0,0,0,0,1,0,0,0,0,0,0,0,0,0,1,0,0,0,0,0,0,1.0,1.0,1,"[""SEG-SEM-CARTAO"", ""SEG-INVESTIDOR-INICIANTE"", ""SEG-PERFIL-FAMILIAR"", ""SEG-PROPRIETARIO""]",0
206703,2022-11-28,N,BR,M,57,2011-12-03,0.0,180,1.0,,1.0,A,S,N,,KAT,N,SP,1.0,138921.42,01 - ALTA RENDA,0,0,0,0,1,0,0,0,0,0,0,1,1,0,0,1,0,0,0,0,0,1.0,1.0,1,"[""SEG-VIP"", ""SEG-SENIOR"", ""SEG-CREDITO-ATIVO"", ""SEG-SEM-CARTAO"", ""SEG-INVESTIDOR-INICIANTE"", ""SEG-POUPADOR"", ""SEG-PERFIL-FAMILIAR""]",0
426671,2023-03-28,N,BR,M,41,2010-07-08,0.0,152,1.0,,1.0,A,S,S,,KAE,N,MG,1.0,61152.36,02 - VAREJO,0,0,1,0,0,0,0,0,1,0,0,0,1,0,0,0,0,0,0,1,1,1.0,1.0,1,"[""SEG-ALTA-RENDA"", ""SEG-CREDITO-ATIVO"", ""SEG-SEM-CARTAO"", ""SEG-INVESTIDOR-INICIANTE"", ""SEG-POUPADOR"", ""SEG-CONTRIBUINTE-IR"", ""SEG-PERFIL-FAMILIAR""]",0
293100,2022-08-28,N,BR,M,49,2008-11-08,0.0,165,1.0,,1.0,I,S,N,,KCL,N,PR,0.0,93194.2,02 - VAREJO,0,0,0,0,0,0,0,0,0,0,0,0,0,0,0,0,0,0,0,0,0,0.0,0.0,0,"[""SEG-ALTA-RENDA"", ""SEG-POUPADOR"", ""SEG-CONTRIBUINTE-IR""]",0
877625,2023-02-28,N,BR,F,56,2017-05-10,0.0,69,1.0,,1.0,I,S,N,,KAA,N,RJ,1.0,51260.81,02 - VAREJO,0,0,0,0,0,0,0,0,0,0,0,0,0,0,0,0,0,1,0,0,0,0.0,0.0,0,"[""SEG-SENIOR"", ""SEG-CREDITO-ATIVO"", ""SEG-SEM-CARTAO"", ""SEG-INVESTIDOR-INICIANTE"", ""SEG-POUPADOR"", ""SEG-CONTRIBUINTE-IR"", ""SEG-PERFIL-FAMILIAR""]",0
407782,2023-01-28,N,BR,M,49,2010-02-19,0.0,146,1.0,,1.0,A,S,N,,KAT,N,MG,1.0,93649.44,02 - VAREJO,0,0,1,0,0,0,0,0,0,0,0,0,0,0,0,0,0,0,0,0,0,0.0,0.0,1,"[""SEG-ALTA-RENDA"", ""SEG-CREDITO-ATIVO"", ""SEG-SEM-CARTAO"", ""SEG-INVESTIDOR-INICIANTE"", ""SEG-POUPADOR"", ""SEG-CONTRIBUINTE-IR"", ""SEG-PERFIL-FAMILIAR""]",0
140012,2023-05-28,N,BR,M,49,2006-08-12,0.0,201,1.0,,1.0,A,S,N,,KFC,N,SP,1.0,136888.42,01 - ALTA RENDA,0,0,0,0,1,0,0,0,0,0,0,0,1,0,0,0,0,1,0,0,0,1.0,1.0,1,"[""SEG-VIP"", ""SEG-ALTA-RENDA"", ""SEG-CREDITO-ATIVO"", ""SEG-SEM-CARTAO"", ""SEG-INVESTIDOR-INICIANTE"", ""SEG-POUPADOR"", ""SEG-CONTRIBUINTE-IR"", ""SEG-PERFIL-FAMILIAR""]",0
895066,2023-05-28,N,BR,M,57,2017-10-25,0.0,67,1.0,,1.0,A,S,N,,KFC,N,PA,1.0,35031.97,02 - VAREJO,0,0,1,0,0,0,0,0,0,0,0,0,1,0,0,0,0,0,0,0,0,0.0,0.0,0,"[""SEG-SENIOR"", ""SEG-CREDITO-ATIVO"", ""SEG-SEM-CARTAO"", ""SEG-INVESTIDOR-INICIANTE"", ""SEG-POUPADOR"", ""SEG-PERFIL-FAMILIAR""]",0
1267031,2023-02-28,N,BR,M,29,2021-07-03,0.0,19,1.0,,1,A,S,N,,KAT,N,MG,1.0,8353.8,02 - VAREJO,0,0,0,0,0,0,0,0,0,0,0,0,0,0,0,0,0,0,0,0,0,0.0,0.0,1,"[""SEG-JOVEM"", ""SEG-SEM-CARTAO"", ""SEG-INVESTIDOR-INICIANTE"", ""SEG-PERFIL-FAMILIAR""]",0
846049,2022-10-28,N,BR,F,55,2016-07-08,0.0,75,1.0,,1.0,A,S,N,,KAT,N,RJ,1.0,18283.31,01 - ALTA RENDA,0,0,1,0,0,0,0,0,1,0,0,0,0,0,0,0,0,0,1,0,0,0.0,0.0,0,"[""SEG-VIP"", ""SEG-SENIOR"", ""SEG-INVESTIDOR-INICIANTE"", ""SEG-PERFIL-FAMILIAR""]",0
477716,2023-03-28,N,BR,F,62,2011-06-30,0.0,141,1.0,,1.0,A,S,N,,KAA,N,RJ,1.0,44327.45,02 - VAREJO,0,0,1,0,0,0,0,1,0,0,0,0,0,0,1,0,0,0,0,0,0,0.0,0.0,1,"[""SEG-SENIOR"", ""SEG-CREDITO-ATIVO"", ""SEG-SEM-CARTAO"", ""SEG-INVESTIDOR-INICIANTE"", ""SEG-POUPADOR"", ""SEG-PROPRIETARIO""]",0
47006,2022-12-28,N,BR,F,71,2004-02-14,0.0,226,1.0,,1.0,A,S,N,,KAT,N,GO,1.0,47772.13,01 - ALTA RENDA,0,0,1,0,0,0,0,1,0,0,0,1,0,1,0,0,0,0,0,0,0,0.0,0.0,1,"[""SEG-VIP"", ""SEG-SENIOR"", ""SEG-CREDITO-ATIVO"", ""SEG-SEM-CARTAO"", ""SEG-POUPADOR"", ""SEG-INVESTIDOR-EXPERIENTE""]",0
1436051,2023-01-28,N,BR,F,21,2022-08-18,1.0,5,1.0,,1,A,S,N,,KHQ,N,ES,1.0,89412.65,03 - UNIVERSITARIO,0,0,1,0,0,0,0,0,0,0,0,0,0,0,0,0,0,0,0,0,0,0.0,0.0,0,"[""SEG-JOVEM"", ""SEG-SEM-CARTAO"", ""SEG-INVESTIDOR-INICIANTE"", ""SEG-POUPADOR""]",0
259278,2022-07-28,N,BR,F,51,2008-07-04,0.0,168,1.0,,1.0,A,S,S,,KFC,N,SP,1.0,173548.09,02 - VAREJO,0,0,1,0,0,0,0,1,0,0,0,0,0,1,0,0,0,0,0,0,0,0.0,0.0,0,"[""SEG-ALTA-RENDA"", ""SEG-CREDITO-ATIVO"", ""SEG-SEM-CARTAO"", ""SEG-POUPADOR"", ""SEG-CONTRIBUINTE-IR"", ""SEG-INVESTIDOR-EXPERIENTE"", ""SEG-PERFIL-FAMILIAR""]",0
74705,2022-11-28,N,BR,F,74,2004-10-27,0.0,217,1.0,,1.0,A,S,N,,KAT,N,SP,1.0,172820.59,02 - VAREJO,0,0,0,0,1,0,0,0,0,0,0,0,1,0,0,0,0,1,0,0,0,0.0,1.0,1,"[""SEG-SENIOR"", ""SEG-CREDITO-ATIVO"", ""SEG-SEM-CARTAO"", ""SEG-INVESTIDOR-INICIANTE"", ""SEG-POUPADOR""]",0
904429,2022-06-28,N,BR,F,52,2018-02-18,0.0,53,1.0,,1.0,A,S,N,,KFC,N,SP,1.0,130077.91,01 - ALTA RENDA,0,0,0,0,1,0,1,0,0,0,0,0,1,0,0,0,0,0,0,0,0,1.0,1.0,0,"[""SEG-VIP"", ""SEG-ALTA-RENDA"", ""SEG-CREDITO-ATIVO"", ""SEG-SEM-CARTAO"", ""SEG-INVESTIDOR-INICIANTE"", ""SEG-POUPADOR"", ""SEG-CONTRIBUINTE-IR"", ""SEG-PERFIL-FAMILIAR""]",0
1309835,2022-10-28,N,BR,M,23,2021-09-17,0.0,13,1.0,,1.0,A,S,N,,KHE,N,RS,1.0,32870.16,03 - UNIVERSITARIO,0,0,1,0,0,0,0,0,0,0,0,0,0,0,0,0,0,0,0,0,0,0.0,0.0,0,"[""SEG-JOVEM"", ""SEG-SEM-CARTAO"", ""SEG-INVESTIDOR-INICIANTE""]",0
217189,2023-05-28,N,BR,F,55,2008-01-22,0.0,184,1.0,,1.0,A,S,N,,KAT,N,AM,1.0,33747.71,02 - VAREJO,0,0,0,0,1,0,0,0,0,0,0,0,0,0,0,0,0,1,1,0,0,1.0,1.0,1,"[""SEG-SENIOR"", ""SEG-CREDITO-ATIVO"", ""SEG-INVESTIDOR-INICIANTE"", ""SEG-POUPADOR"", ""SEG-PERFIL-FAMILIAR""]",0
893868,2023-03-28,N,BR,M,38,2017-10-11,0.0,65,1.0,,1.0,A,S,N,,KFA,N,SP,1.0,278737.77,02 - VAREJO,0,0,0,0,1,0,1,0,0,0,0,0,0,0,0,0,0,0,0,0,0,1.0,1.0,1,"[""SEG-ALTA-RENDA"", ""SEG-CREDITO-ATIVO"", ""SEG-SEM-CARTAO"", ""SEG-INVESTIDOR-INICIANTE"", ""SEG-POUPADOR"", ""SEG-CONTRIBUINTE-IR"", ""SEG-PERFIL-FAMILIAR""]",0
1518639,2023-04-28,N,BR,F,30,2022-12-23,1.0,4,1.0,,1,A,S,S,,KHM,N,SP,1.0,77865.2,02 - VAREJO,0,0,1,0,0,0,0,0,0,0,0,0,0,0,0,0,0,0,0,0,0,0.0,0.0,0,"[""SEG-ALTA-RENDA"", ""SEG-SEM-CARTAO"", ""SEG-INVESTIDOR-INICIANTE"", ""SEG-POUPADOR"", ""SEG-CONTRIBUINTE-IR"", ""SEG-PERFIL-FAMILIAR""]",0
106694,2022-04-28,N,BR,F,44,2006-04-05,0.0,195,1.0,,1.0,A,S,N,,KAT,N,RO,1.0,76174.82,01 - ALTA RENDA,0,0,1,0,1,0,0,1,0,0,0,1,0,0,1,0,0,0,0,0,0,1.0,1.0,1,"[""SEG-VIP"", ""SEG-ALTA-RENDA"", ""SEG-CREDITO-ATIVO"", ""SEG-SEM-CARTAO"", ""SEG-INVESTIDOR-INICIANTE"", ""SEG-POUPADOR"", ""SEG-CONTRIBUINTE-IR"", ""SEG-PERFIL-FAMILIAR"", ""SEG-PROPRIETARIO""]",0
870274,2023-02-28,N,BR,F,55,2017-03-29,0.0,71,1.0,,1,A,S,N,,KFC,N,SP,1.0,89530.84,01 - ALTA RENDA,0,0,1,0,0,0,0,0,1,0,0,1,0,0,0,0,0,0,0,0,0,0.0,0.0,1,"[""SEG-VIP"", ""SEG-SENIOR"", ""SEG-ALTA-RENDA"", ""SEG-CREDITO-ATIVO"", ""SEG-SEM-CARTAO"", ""SEG-INVESTIDOR-INICIANTE"", ""SEG-POUPADOR"", ""SEG-CONTRIBUINTE-IR"", ""SEG-PERFIL-FAMILIAR""]",0
1295957,2022-12-28,N,BR,F,67,2021-08-11,0.0,16,1.0,,1,A,S,N,,KFC,N,SP,1.0,32180.26,01 - ALTA RENDA,0,0,1,0,0,0,0,0,0,0,0,1,0,1,0,0,0,0,0,0,0,0.0,0.0,0,"[""SEG-VIP"", ""SEG-SENIOR"", ""SEG-SEM-CARTAO"", ""SEG-INVESTIDOR-EXPERIENTE""]",0
930140,2022-10-28,N,BR,M,29,2018-08-08,0.0,50,1.0,,1,I,S,N,,KHE,N,MG,0.0,33245.36,03 - UNIVERSITARIO,0,0,1,0,0,0,0,0,0,0,0,0,0,0,0,0,0,0,0,0,0,0.0,0.0,0,"[""SEG-JOVEM""]",0
1415269,2023-04-28,N,BR,M,26,2022-07-25,0.0,9,1.0,,1,A,S,N,,KHQ,N,MG,1.0,8002.02,03 - UNIVERSITARIO,0,0,1,0,0,0,0,0,0,0,0,0,0,0,0,0,0,0,0,0,0,0.0,0.0,0,"[""SEG-JOVEM"", ""SEG-SEM-CARTAO"", ""SEG-INVESTIDOR-INICIANTE"", ""SEG-PERFIL-FAMILIAR""]",0
690293,2022-08-28,N,BR,M,47,2014-05-10,0.0,99,1.0,,1.0,A,S,N,,KFC,N,SP,1.0,608916.59,02 - VAREJO,0,0,0,0,0,0,0,0,0,0,0,1,0,0,0,0,0,0,0,0,0,0.0,0.0,0,"[""SEG-ALTA-RENDA"", ""SEG-CREDITO-ATIVO"", ""SEG-SEM-CARTAO"", ""SEG-INVESTIDOR-INICIANTE"", ""SEG-POUPADOR"", ""SEG-CONTRIBUINTE-IR"", ""SEG-PERFIL-FAMILIAR""]",0
591319,2023-01-28,N,BR,F,35,2013-01-13,0.0,120,1.0,,1.0,A,S,N,,KFC,N,SP,1.0,89258.6,01 - ALTA RENDA,0,0,1,0,0,0,0,0,1,0,0,0,1,1,0,0,0,0,1,0,0,0.0,0.0,1,"[""SEG-VIP"", ""SEG-ALTA-RENDA"", ""SEG-CREDITO-ATIVO"", ""SEG-POUPADOR"", ""SEG-CONTRIBUINTE-IR"", ""SEG-INVESTIDOR-EXPERIENTE"", ""SEG-PERFIL-FAMILIAR""]",0
1264186,2023-02-28,N,BR,M,53,2021-06-18,0.0,20,1.0,,1,A,S,N,,KFC,N,PR,1.0,34634.09,02 - VAREJO,0,0,1,0,0,0,0,0,0,0,0,0,0,0,0,0,0,0,0,0,0,0.0,0.0,0,"[""SEG-CREDITO-ATIVO"", ""SEG-SEM-CARTAO"", ""SEG-INVESTIDOR-INICIANTE"", ""SEG-POUPADOR"", ""SEG-PERFIL-FAMILIAR""]",0
46382,2022-01-28,N,BR,F,44,2003-10-25,0.0,225,1.0,,1.0,A,S,N,,KAT,N,SP,1.0,220278.08,01 - ALTA RENDA,0,0,0,0,1,0,0,0,0,0,0,1,1,0,1,0,0,1,1,1,0,1.0,1.0,1,"[""SEG-VIP"", ""SEG-ALTA-RENDA"", ""SEG-CREDITO-ATIVO"", ""SEG-INVESTIDOR-INICIANTE"", ""SEG-POUPADOR"", ""SEG-CONTRIBUINTE-IR"", ""SEG-PERFIL-FAMILIAR"", ""SEG-PROPRIETARIO""]",0
271993,2023-01-28,N,BR,F,49,2008-09-13,0.0,172,1.0,,1.0,A,S,N,,KFC,N,RJ,1.0,53305.95,01 - ALTA RENDA,0,0,0,0,1,0,0,0,0,0,0,1,0,1,0,0,0,1,1,0,0,1.0,1.0,1,"[""SEG-VIP"", ""SEG-CREDITO-ATIVO"", ""SEG-POUPADOR"", ""SEG-CONTRIBUINTE-IR"", ""SEG-INVESTIDOR-EXPERIENTE"", ""SEG-PERFIL-FAMILIAR""]",0
815505,2022-04-28,N,BR,M,46,2015-11-12,0.0,17,1.0,,1.0,A,S,S,,KFC,N,GO,1.0,34809.38,02 - VAREJO,0,0,0,0,1,0,0,0,0,0,0,0,1,1,0,0,0,0,1,0,0,1.0,1.0,1,"[""SEG-CREDITO-ATIVO"", ""SEG-POUPADOR"", ""SEG-INVESTIDOR-EXPERIENTE"", ""SEG-PERFIL-FAMILIAR""]",0
769752,2022-12-28,N,BR,M,40,2015-05-24,0.0,66,1.0,,1.0,A,S,N,,KAH,N,SP,1.0,42192.26,02 - VAREJO,0,0,1,0,0,0,0,0,1,0,0,0,0,0,0,0,0,0,0,0,0,0.0,0.0,0,"[""SEG-CREDITO-ATIVO"", ""SEG-SEM-CARTAO"", ""SEG-INVESTIDOR-INICIANTE"", ""SEG-POUPADOR"", ""SEG-PERFIL-FAMILIAR""]",0
126211,2023-03-28,N,BR,F,48,2006-03-23,0.0,204,1.0,,1.0,A,S,N,,KAT,N,MG,1.0,80714.9,02 - VAREJO,0,0,1,0,0,0,0,1,1,0,0,0,0,0,0,0,0,0,1,0,0,0.0,0.0,1,"[""SEG-ALTA-RENDA"", ""SEG-CREDITO-ATIVO"", ""SEG-INVESTIDOR-INICIANTE"", ""SEG-POUPADOR"", ""SEG-CONTRIBUINTE-IR"", ""SEG-PERFIL-FAMILIAR""]",0
240650,2023-05-28,N,BR,F,51,2008-04-17,0.0,181,1.0,,1.0,I,S,N,,KAT,N,PE,1.0,9068.46,02 - VAREJO,0,0,1,0,0,0,0,1,0,0,0,0,0,0,0,0,0,0,0,0,0,0.0,0.0,0,"[""SEG-SEM-CARTAO"", ""SEG-INVESTIDOR-INICIANTE"", ""SEG-PERFIL-FAMILIAR""]",0
998199,2023-03-28,N,BR,F,37,2018-12-22,0.0,51,1.0,,1,A,S,N,,KAT,N,SP,1.0,45590.54,02 - VAREJO,0,0,0,0,1,0,0,0,0,0,0,0,1,0,0,0,0,1,0,0,0,1.0,1.0,1,"[""SEG-CREDITO-ATIVO"", ""SEG-SEM-CARTAO"", ""SEG-INVESTIDOR-INICIANTE"", ""SEG-POUPADOR"", ""SEG-CONTRIBUINTE-IR"", ""SEG-PERFIL-FAMILIAR""]",0
1356859,2022-04-28,N,BR,F,24,2021-11-18,0.0,16,1.0,,1.0,I,S,N,,RED,N,MG,1.0,8363.22,03 - UNIVERSITARIO,0,0,1,0,0,0,0,0,0,0,0,0,0,0,0,0,0,0,0,0,0,0.0,0.0,0,"[""SEG-JOVEM"", ""SEG-SEM-CARTAO"", ""SEG-INVESTIDOR-INICIANTE""]",0
1450859,2023-04-28,N,BR,M,18,2022-09-16,0.0,7,1.0,,1.0,A,S,N,,KHQ,N,SP,1.0,51201.51,03 - UNIVERSITARIO,0,0,1,0,0,0,0,0,0,0,0,0,0,0,0,0,0,0,0,0,0,0.0,0.0,0,"[""SEG-JOVEM"", ""SEG-CREDITO-ATIVO"", ""SEG-SEM-CARTAO"", ""SEG-INVESTIDOR-INICIANTE"", ""SEG-POUPADOR""]",0
69016,2022-04-28,N,BR,M,47,2004-07-21,0.0,216,1.0,,1.0,A,S,N,,KAT,N,SP,1.0,183947.07,02 - VAREJO,0,0,1,0,0,0,0,1,0,0,0,0,0,1,0,0,0,1,0,1,0,0.0,0.0,0,"[""SEG-ALTA-RENDA"", ""SEG-CREDITO-ATIVO"", ""SEG-SEM-CARTAO"", ""SEG-POUPADOR"", ""SEG-CONTRIBUINTE-IR"", ""SEG-PERFIL-FAMILIAR"", ""SEG-VIAJANTE-EVENTO""]",1
986250,2022-12-28,N,BR,F,30,2018-11-28,0.0,49,1.0,,1.0,I,S,N,,KHE,N,PR,0.0,77214.77,03 - UNIVERSITARIO,0,0,1,0,0,0,0,0,0,0,0,0,0,0,0,0,0,0,0,0,0,0.0,0.0,0,"[""SEG-ALTA-RENDA"", ""SEG-POUPADOR"", ""SEG-CONTRIBUINTE-IR""]",0
612818,2023-03-28,N,BR,F,73,2013-05-12,0.0,118,1.0,,1.0,I,S,N,,KAL,N,MG,0.0,15588.95,02 - VAREJO,0,0,1,0,0,0,0,0,0,0,0,0,0,0,0,0,0,0,0,0,0,0.0,0.0,0,"[""SEG-SENIOR""]",0
142578,2022-12-28,N,BR,F,49,2006-10-06,0.0,194,1.0,,1.0,A,S,N,,KAT,N,SP,1.0,189676.57,02 - VAREJO,0,0,0,0,1,0,0,1,0,0,0,0,0,0,1,0,0,1,0,0,0,0.0,0.0,1,"[""SEG-ALTA-RENDA"", ""SEG-CREDITO-ATIVO"", ""SEG-SEM-CARTAO"", ""SEG-INVESTIDOR-INICIANTE"", ""SEG-POUPADOR"", ""SEG-CONTRIBUINTE-IR"", ""SEG-PERFIL-FAMILIAR"", ""SEG-PROPRIETARIO""]",0
1392955,2023-02-28,N,BR,F,54,2022-04-20,0.0,10,1.0,,1.0,A,S,N,,KHM,N,SP,1.0,47484.95,01 - ALTA RENDA,0,0,1,0,0,0,0,0,0,0,0,0,1,0,0,0,0,0,0,0,0,0.0,0.0,0,"[""SEG-VIP"", ""SEG-CREDITO-ATIVO"", ""SEG-SEM-CARTAO"", ""SEG-INVESTIDOR-INICIANTE"", ""SEG-POUPADOR"", ""SEG-CONTRIBUINTE-IR"", ""SEG-PERFIL-FAMILIAR""]",0
273673,2022-12-28,N,BR,F,48,2008-09-24,0.0,171,1.0,,1.0,A,S,S,,KFC,N,BA,1.0,41656.86,02 - VAREJO,0,0,1,0,0,0,0,1,0,0,0,0,0,0,0,0,0,0,0,0,0,0.0,0.0,0,"[""SEG-CREDITO-ATIVO"", ""SEG-SEM-CARTAO"", ""SEG-INVESTIDOR-INICIANTE"", ""SEG-POUPADOR"", ""SEG-PERFIL-FAMILIAR""]",0
520165,2022-04-28,N,BR,M,45,2012-04-12,0.0,123,1.0,,1.0,A,S,N,,KAT,N,RJ,1.0,17980.27,02 - VAREJO,0,0,1,0,0,0,0,0,0,0,0,0,0,0,1,0,0,0,0,0,0,0.0,0.0,1,"[""SEG-SEM-CARTAO"", ""SEG-INVESTIDOR-INICIANTE"", ""SEG-PERFIL-FAMILIAR"", ""SEG-PROPRIETARIO""]",0
457393,2022-01-28,N,BR,F,56,2011-02-04,0.0,137,1.0,,1.0,A,S,N,,KAT,N,RJ,1.0,101518.43,02 - VAREJO,0,0,1,0,0,0,0,1,0,0,0,1,0,0,0,0,0,0,0,0,0,0.0,0.0,0,"[""SEG-SENIOR"", ""SEG-CREDITO-ATIVO"", ""SEG-SEM-CARTAO"", ""SEG-INVESTIDOR-INICIANTE"", ""SEG-POUPADOR"", ""SEG-CONTRIBUINTE-IR"", ""SEG-PERFIL-FAMILIAR""]",0
1071077,2023-04-28,N,BR,F,54,2019-10-01,0.0,42,1.0,,1,A,S,N,,KAT,N,MG,1.0,89803.16,02 - VAREJO,0,0,1,0,0,0,0,0,0,0,0,0,1,0,0,0,0,0,0,0,0,0.0,0.0,0,"[""SEG-ALTA-RENDA"", ""SEG-CREDITO-ATIVO"", ""SEG-SEM-CARTAO"", ""SEG-INVESTIDOR-INICIANTE"", ""SEG-POUPADOR"", ""SEG-CONTRIBUINTE-IR"", ""SEG-PERFIL-FAMILIAR""]",0
115570,2022-12-28,N,BR,F,59,2005-12-18,0.0,204,1.0,,1.0,A,S,N,,KAT,N,SP,1.0,87688.2,01 - ALTA RENDA,0,0,1,0,0,0,0,0,0,0,0,0,1,1,0,0,0,0,0,0,0,0.0,0.0,0,"[""SEG-VIP"", ""SEG-SENIOR"", ""SEG-CREDITO-ATIVO"", ""SEG-SEM-CARTAO"", ""SEG-POUPADOR"", ""SEG-CONTRIBUINTE-IR"", ""SEG-INVESTIDOR-EXPERIENTE"", ""SEG-PERFIL-FAMILIAR""]",0
174582,2022-12-28,N,BR,M,54,2007-05-03,0.0,188,1.0,,1.0,A,S,N,,KAY,N,RS,1.0,595452.21,01 - ALTA RENDA,0,0,1,0,0,0,0,0,0,0,0,0,0,1,0,0,1,0,0,0,0,0.0,0.0,0,"[""SEG-VIP"", ""SEG-ALTA-RENDA"", ""SEG-SEM-CARTAO"", ""SEG-POUPADOR"", ""SEG-CONTRIBUINTE-IR"", ""SEG-INVESTIDOR-EXPERIENTE"", ""SEG-PERFIL-FAMILIAR""]",0
1331367,2022-07-28,N,BR,F,21,2021-10-13,0.0,9,1.0,,1.0,I,S,N,,KHE,N,MG,0.0,40593.19,03 - UNIVERSITARIO,0,0,1,0,0,0,0,0,0,0,0,0,0,0,0,0,0,0,0,0,0,0.0,0.0,0,"[""SEG-JOVEM"", ""SEG-POUPADOR"", ""SEG-VIAJANTE-EVENTO""]",1
183355,2023-02-28,N,BR,F,63,2007-07-18,0.0,187,1.0,,1.0,A,S,N,,KAT,N,PA,0.0,75477.51,02 - VAREJO,0,0,0,0,0,0,0,0,0,0,0,0,0,1,0,0,0,0,0,0,0,0.0,0.0,0,"[""SEG-SENIOR"", ""SEG-POUPADOR"", ""SEG-INVESTIDOR-EXPERIENTE""]",0
48912,2022-09-28,N,BR,M,59,2003-10-31,0.0,64,1.0,,1.0,A,S,N,,KAE,N,MG,1.0,150699.73,02 - VAREJO,0,0,1,0,0,0,0,0,0,0,0,1,1,0,0,0,0,0,0,0,0,0.0,0.0,0,"[""SEG-SENIOR"", ""SEG-CREDITO-ATIVO"", ""SEG-SEM-CARTAO"", ""SEG-INVESTIDOR-INICIANTE"", ""SEG-POUPADOR"", ""SEG-CONTRIBUINTE-IR"", ""SEG-PERFIL-FAMILIAR""]",0
1222339,2023-02-28,N,BR,M,24,2020-11-19,0.0,27,1.0,,1.0,I,S,N,,KHE,N,RS,0.0,22837.03,03 - UNIVERSITARIO,0,0,0,0,0,0,0,0,0,0,0,0,0,0,0,0,0,0,0,0,0,0.0,0.0,0,"[""SEG-JOVEM"", ""SEG-VIAJANTE-EVENTO""]",1
1089460,2023-02-28,N,BR,M,23,2019-10-26,0.0,40,1.0,,1,I,S,N,,KHE,N,RJ,0.0,358560.22,03 - UNIVERSITARIO,0,0,1,0,0,0,0,0,0,0,0,0,0,0,0,0,0,0,0,0,0,0.0,0.0,0,"[""SEG-JOVEM"", ""SEG-POUPADOR"", ""SEG-VIAJANTE-EVENTO""]",1
1045503,2023-03-28,N,BR,F,30,2019-08-07,0.0,43,1.0,,1.0,I,S,N,,KHE,N,RJ,0.0,96285.38,03 - UNIVERSITARIO,0,0,1,0,0,0,0,0,0,0,0,0,0,0,0,0,0,0,0,0,0,0.0,0.0,0,"[""SEG-ALTA-RENDA"", ""SEG-POUPADOR"", ""SEG-CONTRIBUINTE-IR""]",0
1421986,2022-11-28,N,BR,F,18,2022-07-30,1.0,4,1.0,,1.0,A,S,N,,KHQ,N,RJ,1.0,556432.51,03 - UNIVERSITARIO,0,0,1,0,0,0,0,0,0,0,0,0,0,0,0,0,0,0,0,0,0,0.0,0.0,0,"[""SEG-JOVEM"", ""SEG-SEM-CARTAO"", ""SEG-INVESTIDOR-INICIANTE"", ""SEG-POUPADOR""]",0
890773,2022-08-28,N,BR,F,24,2017-09-06,0.0,59,1.0,,1.0,A,S,N,,KFC,N,RJ,1.0,89813.83,02 - VAREJO,0,0,0,0,1,0,0,0,0,0,0,0,0,0,0,0,0,0,0,0,0,0.0,0.0,0,"[""SEG-JOVEM"", ""SEG-CREDITO-ATIVO"", ""SEG-SEM-CARTAO"", ""SEG-INVESTIDOR-INICIANTE"", ""SEG-POUPADOR""]",0
268867,2022-09-28,N,BR,F,45,2008-08-21,0.0,169,1.0,,1.0,A,S,N,,KFC,N,SP,1.0,56337.3,02 - VAREJO,0,0,0,0,1,0,0,0,0,0,0,0,1,0,1,0,0,1,0,0,0,1.0,1.0,1,"[""SEG-CREDITO-ATIVO"", ""SEG-SEM-CARTAO"", ""SEG-INVESTIDOR-INICIANTE"", ""SEG-POUPADOR"", ""SEG-CONTRIBUINTE-IR"", ""SEG-PERFIL-FAMILIAR"", ""SEG-PROPRIETARIO""]",0
752051,2023-02-28,N,BR,F,46,2015-03-04,0.0,95,1.0,,1,A,S,N,,KFC,N,SP,1.0,68745.81,02 - VAREJO,0,0,1,0,0,0,0,0,0,0,0,0,0,0,0,0,0,1,0,0,0,0.0,0.0,1,"[""SEG-ALTA-RENDA"", ""SEG-CREDITO-ATIVO"", ""SEG-SEM-CARTAO"", ""SEG-INVESTIDOR-INICIANTE"", ""SEG-POUPADOR"", ""SEG-CONTRIBUINTE-IR"", ""SEG-PERFIL-FAMILIAR""]",0
524705,2023-05-28,N,BR,F,47,2012-03-22,0.0,134,1.0,,1.0,A,S,N,,KCC,N,SP,1.0,178145.56,01 - ALTA RENDA,0,0,0,0,1,0,0,0,0,0,0,0,1,0,0,0,0,1,0,0,0,0.0,0.0,1,"[""SEG-VIP"", ""SEG-ALTA-RENDA"", ""SEG-CREDITO-ATIVO"", ""SEG-SEM-CARTAO"", ""SEG-INVESTIDOR-INICIANTE"", ""SEG-POUPADOR"", ""SEG-CONTRIBUINTE-IR"", ""SEG-PERFIL-FAMILIAR""]",0
269664,2023-01-28,N,BR,M,45,2008-08-30,0.0,173,1.0,,1.0,A,S,N,,KFC,N,SP,1.0,156030.46,02 - VAREJO,0,0,1,0,0,0,0,0,1,0,0,0,1,1,0,0,0,0,0,0,0,0.0,0.0,1,"[""SEG-ALTA-RENDA"", ""SEG-CREDITO-ATIVO"", ""SEG-SEM-CARTAO"", ""SEG-POUPADOR"", ""SEG-CONTRIBUINTE-IR"", ""SEG-INVESTIDOR-EXPERIENTE"", ""SEG-PERFIL-FAMILIAR""]",0
1167975,2023-02-28,N,BR,F,22,2020-08-20,0.0,30,1.0,,1.0,I,S,N,,KHE,N,RJ,0.0,140750.83,03 - UNIVERSITARIO,0,0,0,0,0,0,0,0,0,0,0,0,0,0,0,0,0,0,0,0,0,0.0,0.0,0,"[""SEG-JOVEM"", ""SEG-POUPADOR""]",0
857054,2022-02-28,N,BR,M,72,2017-03-10,0.0,64,1.0,,1.0,A,S,N,,KAB,N,PR,1.0,87071.73,02 - VAREJO,0,0,0,0,1,0,0,0,0,0,0,0,0,0,0,0,0,0,0,0,0,0.0,1.0,1,"[""SEG-SENIOR"", ""SEG-CREDITO-ATIVO"", ""SEG-SEM-CARTAO"", ""SEG-INVESTIDOR-INICIANTE"", ""SEG-POUPADOR""]",0
78854,2022-12-28,N,BR,F,79,2004-12-10,0.0,216,1.0,,1.0,A,S,N,,KAT,S,SP,1.0,39817.96,02 - VAREJO,0,0,0,0,0,0,0,0,0,0,0,0,0,1,0,0,0,0,0,0,0,0.0,0.0,0,"[""SEG-SENIOR"", ""SEG-CREDITO-ATIVO"", ""SEG-SEM-CARTAO"", ""SEG-POUPADOR"", ""SEG-INVESTIDOR-EXPERIENTE"", ""SEG-VIAJANTE-EVENTO""]",1
195169,2022-10-28,N,BR,F,78,2007-09-28,0.0,181,1.0,,1.0,I,S,N,,KAT,N,SP,0.0,48345.39,02 - VAREJO,0,0,0,0,0,0,0,0,0,0,0,0,0,0,0,0,0,0,0,0,0,0.0,0.0,0,"[""SEG-SENIOR"", ""SEG-POUPADOR""]",0
635701,2022-09-28,N,BR,F,39,2013-08-21,0.0,109,1.0,,1.0,A,S,N,,KFC,N,MG,1.0,210950.82,02 - VAREJO,0,0,1,0,0,0,0,1,0,0,0,0,0,0,0,0,0,0,0,0,0,0.0,0.0,0,"[""SEG-ALTA-RENDA"", ""SEG-CREDITO-ATIVO"", ""SEG-SEM-CARTAO"", ""SEG-INVESTIDOR-INICIANTE"", ""SEG-POUPADOR"", ""SEG-CONTRIBUINTE-IR"", ""SEG-PERFIL-FAMILIAR""]",0
352808,2022-10-28,N,BR,F,23,2009-04-22,0.0,162,1.0,,1.0,A,S,N,,KAT,N,SP,1.0,41031.16,02 - VAREJO,0,0,1,0,0,0,0,1,0,0,0,0,0,0,0,0,0,0,0,0,0,0.0,0.0,1,"[""SEG-JOVEM"", ""SEG-CREDITO-ATIVO"", ""SEG-SEM-CARTAO"", ""SEG-INVESTIDOR-INICIANTE"", ""SEG-POUPADOR""]",0
869264,2023-01-28,N,BR,F,60,2017-03-23,0.0,70,1.0,,1,A,S,N,,KAT,N,SP,1.0,75472.74,01 - ALTA RENDA,0,0,0,0,1,0,0,0,0,0,0,1,1,0,0,0,0,1,1,0,0,0.0,0.0,1,"[""SEG-VIP"", ""SEG-SENIOR"", ""SEG-CREDITO-ATIVO"", ""SEG-INVESTIDOR-INICIANTE"", ""SEG-POUPADOR"", ""SEG-CONTRIBUINTE-IR"", ""SEG-PERFIL-FAMILIAR""]",0
533859,2023-03-28,N,BR,M,49,2013-01-23,0.0,122,1.0,,1.0,A,S,N,,KFC,N,GO,1.0,80109.71,02 - VAREJO,0,0,0,0,1,0,0,0,0,0,0,0,0,0,0,0,0,1,1,0,0,0.0,0.0,1,"[""SEG-ALTA-RENDA"", ""SEG-CREDITO-ATIVO"", ""SEG-INVESTIDOR-INICIANTE"", ""SEG-POUPADOR"", ""SEG-CONTRIBUINTE-IR"", ""SEG-PERFIL-FAMILIAR""]",0
1292384,2022-09-28,N,BR,M,22,2021-08-05,0.0,13,1.0,,1.0,I,S,N,,KHE,N,SP,0.0,14066.85,03 - UNIVERSITARIO,0,0,1,0,0,0,0,0,0,0,0,0,0,0,0,0,0,0,0,0,0,0.0,0.0,0,"[""SEG-JOVEM""]",0
203272,2023-05-28,N,BR,F,50,2007-11-06,0.0,186,1.0,,1.0,A,S,N,,KAT,N,RJ,1.0,13501.93,02 - VAREJO,0,0,1,0,0,0,0,1,0,0,0,0,0,1,0,0,0,0,0,0,0,0.0,0.0,0,"[""SEG-SEM-CARTAO"", ""SEG-INVESTIDOR-EXPERIENTE"", ""SEG-PERFIL-FAMILIAR""]",0
222080,2022-01-28,N,BR,M,38,2008-02-12,0.0,173,1.0,,1.0,A,S,N,,KAS,N,SP,1.0,55436.14,01 - ALTA RENDA,0,0,0,0,1,0,0,1,1,0,0,0,1,0,0,0,0,1,1,0,0,1.0,1.0,1,"[""SEG-VIP"", ""SEG-CREDITO-ATIVO"", ""SEG-INVESTIDOR-INICIANTE"", ""SEG-POUPADOR"", ""SEG-CONTRIBUINTE-IR"", ""SEG-PERFIL-FAMILIAR"", ""SEG-VIAJANTE-EVENTO""]",1
1477902,2023-03-28,N,BR,F,24,2022-10-13,1.0,5,1.0,,1.0,I,S,N,,KHQ,N,SP,0.0,63438.16,03 - UNIVERSITARIO,0,0,0,0,0,0,0,0,0,0,0,0,0,0,0,0,0,0,0,0,0,0.0,0.0,0,"[""SEG-JOVEM"", ""SEG-POUPADOR""]",0
277793,2023-03-28,N,BR,M,44,2008-10-02,0.0,174,1.0,,1.0,A,S,N,,KAB,N,PR,1.0,78061.31,02 - VAREJO,0,0,1,0,0,0,0,0,0,0,0,0,0,0,0,0,0,0,0,0,0,0.0,0.0,0,"[""SEG-ALTA-RENDA"", ""SEG-CREDITO-ATIVO"", ""SEG-SEM-CARTAO"", ""SEG-INVESTIDOR-INICIANTE"", ""SEG-POUPADOR"", ""SEG-CONTRIBUINTE-IR"", ""SEG-PERFIL-FAMILIAR""]",0
299938,2022-05-28,N,BR,M,41,2008-11-22,0.0,164,1.0,,1.0,I,S,N,,KAT,N,ES,0.0,45650.93,02 - VAREJO,0,0,1,0,0,0,0,0,0,0,0,0,0,0,0,0,0,0,0,0,0,0.0,0.0,0,"[""SEG-POUPADOR"", ""SEG-CONTRIBUINTE-IR"", ""SEG-VIAJANTE-EVENTO""]",1
183271,2023-04-28,N,BR,F,52,2007-07-18,0.0,189,1.0,,1.0,I,S,N,,KAT,N,RJ,0.0,562093.79,02 - VAREJO,0,0,1,0,0,0,0,1,0,0,0,0,0,0,0,0,0,0,0,0,0,0.0,0.0,0,"[""SEG-ALTA-RENDA"", ""SEG-POUPADOR"", ""SEG-CONTRIBUINTE-IR"", ""SEG-VIAJANTE-EVENTO""]",1
201935,2023-01-28,N,BR,F,49,2007-10-30,0.0,183,1.0,,1.0,A,S,N,,KFC,N,RJ,1.0,125536.33,01 - ALTA RENDA,0,0,1,0,0,0,0,1,0,0,0,0,0,0,0,0,0,0,0,1,0,0.0,0.0,0,"[""SEG-VIP"", ""SEG-ALTA-RENDA"", ""SEG-CREDITO-ATIVO"", ""SEG-SEM-CARTAO"", ""SEG-INVESTIDOR-INICIANTE"", ""SEG-POUPADOR"", ""SEG-CONTRIBUINTE-IR"", ""SEG-PERFIL-FAMILIAR""]",0
192450,2022-07-28,N,BR,M,45,2007-09-15,0.0,178,1.0,,1.0,A,S,N,,KFC,N,RS,1.0,49369.52,01 - ALTA RENDA,0,0,0,0,1,0,0,0,1,0,0,0,0,0,0,0,0,1,1,0,0,1.0,1.0,1,"[""SEG-VIP"", ""SEG-CREDITO-ATIVO"", ""SEG-INVESTIDOR-INICIANTE"", ""SEG-POUPADOR"", ""SEG-CONTRIBUINTE-IR"", ""SEG-PERFIL-FAMILIAR""]",0
86015,2022-10-28,N,BR,M,55,2007-02-02,0.0,189,1.0,,1.0,A,S,N,,KAT,N,SP,1.0,348471.1,02 - VAREJO,0,0,1,0,0,0,0,1,0,0,0,0,0,0,0,0,0,0,0,1,0,0.0,0.0,0,"[""SEG-SENIOR"", ""SEG-ALTA-RENDA"", ""SEG-CREDITO-ATIVO"", ""SEG-SEM-CARTAO"", ""SEG-INVESTIDOR-INICIANTE"", ""SEG-POUPADOR"", ""SEG-CONTRIBUINTE-IR"", ""SEG-PERFIL-FAMILIAR""]",0
173196,2023-03-28,N,BR,M,49,2007-04-18,0.0,191,1.0,,1.0,A,S,N,,KFC,N,MG,1.0,9050.81,01 - ALTA RENDA,0,0,1,0,1,0,0,0,0,0,0,0,0,0,0,0,0,0,0,0,0,0.0,0.0,1,"[""SEG-VIP"", ""SEG-SEM-CARTAO"", ""SEG-INVESTIDOR-INICIANTE"", ""SEG-PERFIL-FAMILIAR""]",0
1436132,2022-11-28,N,BR,M,21,2022-08-18,1.0,3,1.0,,1,I,S,N,,KHQ,N,PE,1.0,28015.68,03 - UNIVERSITARIO,0,0,1,0,0,0,0,0,0,0,0,0,0,0,0,0,0,0,0,0,0,0.0,0.0,0,"[""SEG-JOVEM"", ""SEG-SEM-CARTAO"", ""SEG-INVESTIDOR-INICIANTE""]",0
1308344,2022-07-28,N,BR,F,38,2021-09-16,0.0,10,1.0,,1,A,S,N,,KFC,N,SE,1.0,12076.54,02 - VAREJO,0,0,0,0,0,0,0,0,0,0,0,1,1,1,0,0,0,0,0,0,0,0.0,0.0,0,"[""SEG-SEM-CARTAO"", ""SEG-INVESTIDOR-EXPERIENTE"", ""SEG-PERFIL-FAMILIAR""]",0
1189722,2022-10-28,N,BR,M,20,2020-10-04,0.0,24,1.0,,1.0,I,S,N,,KHE,N,RJ,0.0,24529.49,03 - UNIVERSITARIO,0,0,1,0,0,0,0,0,0,0,0,0,0,0,0,0,0,0,0,0,0,0.0,0.0,0,"[""SEG-JOVEM""]",0
87507,2022-08-28,N,BR,M,52,2005-02-27,0.0,210,1.0,,1.0,A,S,N,,KAT,N,SP,1.0,96706.48,01 - ALTA RENDA,0,0,0,0,1,0,0,1,0,0,0,1,0,0,0,0,0,0,0,0,0,1.0,1.0,1,"[""SEG-VIP"", ""SEG-ALTA-RENDA"", ""SEG-CREDITO-ATIVO"", ""SEG-SEM-CARTAO"", ""SEG-INVESTIDOR-INICIANTE"", ""SEG-POUPADOR"", ""SEG-CONTRIBUINTE-IR"", ""SEG-PERFIL-FAMILIAR""]",0
430800,2022-04-28,N,BR,F,18,2010-08-07,0.0,143,1.0,,1.0,A,S,N,,KFC,N,SP,1.0,496695.14,02 - VAREJO,0,0,0,0,0,1,0,0,0,0,0,0,0,0,0,0,0,0,0,0,0,0.0,0.0,0,"[""SEG-JOVEM"", ""SEG-CREDITO-ATIVO"", ""SEG-SEM-CARTAO"", ""SEG-INVESTIDOR-INICIANTE"", ""SEG-POUPADOR""]",0
40134,2023-04-28,N,BR,F,96,2003-05-29,0.0,239,1.0,,1.0,I,S,N,,KAT,N,SP,0.0,234233.9,02 - VAREJO,0,0,0,0,0,0,0,0,0,0,0,0,0,0,0,0,0,0,0,0,0,0.0,0.0,0,"[""SEG-SENIOR"", ""SEG-POUPADOR""]",0
313852,2022-08-28,N,BR,F,67,2009-01-09,0.0,163,1.0,,1.0,A,S,N,,KAT,N,RN,1.0,49599.72,02 - VAREJO,0,0,1,0,0,0,0,1,0,0,0,0,0,0,0,0,0,0,0,1,0,0.0,0.0,0,"[""SEG-SENIOR"", ""SEG-CREDITO-ATIVO"", ""SEG-SEM-CARTAO"", ""SEG-INVESTIDOR-INICIANTE"", ""SEG-POUPADOR""]",0
518700,2022-11-28,N,BR,F,52,2012-02-19,0.0,129,1.0,,1.0,A,S,N,,KBZ,N,SP,1.0,117469.53,02 - VAREJO,0,0,1,0,0,0,0,1,0,0,0,0,0,0,0,0,0,0,0,0,0,0.0,0.0,0,"[""SEG-ALTA-RENDA"", ""SEG-CREDITO-ATIVO"", ""SEG-SEM-CARTAO"", ""SEG-INVESTIDOR-INICIANTE"", ""SEG-POUPADOR"", ""SEG-CONTRIBUINTE-IR"", ""SEG-PERFIL-FAMILIAR""]",0
39166,2022-09-28,N,BR,F,58,2003-05-09,0.0,232,1.0,,1.0,A,S,N,,KAT,N,SP,1.0,128182.51,02 - VAREJO,0,0,1,0,1,0,0,0,0,0,0,0,0,0,1,0,0,1,0,0,0,0.0,0.0,1,"[""SEG-SENIOR"", ""SEG-CREDITO-ATIVO"", ""SEG-SEM-CARTAO"", ""SEG-INVESTIDOR-INICIANTE"", ""SEG-POUPADOR"", ""SEG-CONTRIBUINTE-IR"", ""SEG-PERFIL-FAMILIAR"", ""SEG-PROPRIETARIO""]",0
393301,2022-11-28,N,BR,F,52,2009-11-28,0.0,156,1.0,,1.0,A,S,N,,KAT,N,RJ,1.0,329106.26,02 - VAREJO,0,0,1,0,0,0,0,0,0,0,0,0,1,0,1,0,0,0,0,0,0,0.0,0.0,1,"[""SEG-ALTA-RENDA"", ""SEG-CREDITO-ATIVO"", ""SEG-SEM-CARTAO"", ""SEG-INVESTIDOR-INICIANTE"", ""SEG-POUPADOR"", ""SEG-CONTRIBUINTE-IR"", ""SEG-PERFIL-FAMILIAR"", ""SEG-PROPRIETARIO""]",0
1125458,2022-07-28,N,BR,F,55,2020-03-25,0.0,28,1.0,,1.0,A,S,N,,KFA,N,SP,1.0,41789.55,02 - VAREJO,0,0,1,0,0,0,0,0,0,0,0,1,0,0,0,0,0,0,0,0,0,0.0,0.0,0,"[""SEG-SENIOR"", ""SEG-CREDITO-ATIVO"", ""SEG-SEM-CARTAO"", ""SEG-INVESTIDOR-INICIANTE"", ""SEG-POUPADOR"", ""SEG-PERFIL-FAMILIAR""]",0
368187,2022-11-28,N,BR,F,78,2009-07-22,0.0,88,1.0,,1.0,I,S,N,,KFH,N,PA,0.0,13374.28,02 - VAREJO,0,0,0,0,0,0,0,0,0,0,0,0,0,0,0,0,0,0,0,0,0,0.0,0.0,0,"[""SEG-SENIOR""]",0
1082372,2023-04-28,N,BR,F,25,2019-10-17,0.0,42,1.0,,1.0,I,S,N,,KHE,N,AC,0.0,29479.78,03 - UNIVERSITARIO,0,0,1,0,0,0,0,0,0,0,0,0,0,0,0,0,0,0,0,0,0,0.0,0.0,0,"[""SEG-JOVEM""]",0
27903,2022-06-28,N,BR,F,71,2002-11-25,0.0,33,1.0,,1.0,A,S,S,,KAT,N,MG,1.0,8691.43,01 - ALTA RENDA,0,0,0,0,0,0,0,0,0,0,0,1,0,0,0,0,0,0,0,0,0,0.0,0.0,0,"[""SEG-VIP"", ""SEG-SENIOR"", ""SEG-SEM-CARTAO"", ""SEG-INVESTIDOR-INICIANTE""]",0
275862,2023-01-28,N,BR,F,34,2008-09-28,0.0,172,1.0,,1.0,A,S,S,,KAT,N,SP,1.0,64022.76,02 - VAREJO,0,0,1,0,0,0,0,0,0,0,0,1,1,0,0,0,0,0,0,0,0,0.0,0.0,0,"[""SEG-ALTA-RENDA"", ""SEG-CREDITO-ATIVO"", ""SEG-SEM-CARTAO"", ""SEG-INVESTIDOR-INICIANTE"", ""SEG-POUPADOR"", ""SEG-CONTRIBUINTE-IR"", ""SEG-PERFIL-FAMILIAR""]",0
1380223,2022-11-28,N,BR,F,40,2022-02-04,0.0,9,1.0,,1.0,A,S,N,,KHK,N,MG,1.0,9743.43,02 - VAREJO,0,0,1,0,0,0,0,0,0,0,0,0,0,0,0,0,0,0,0,0,0,0.0,0.0,0,"[""SEG-SEM-CARTAO"", ""SEG-INVESTIDOR-INICIANTE"", ""SEG-PERFIL-FAMILIAR""]",0
1287522,2022-01-28,N,BR,M,22,2021-08-01,0.0,12,1.0,,1.0,A,S,N,,KHE,N,RS,1.0,48764.56,03 - UNIVERSITARIO,0,0,1,0,0,0,0,0,0,0,0,0,0,0,0,0,0,0,0,0,0,0.0,0.0,0,"[""SEG-JOVEM"", ""SEG-CREDITO-ATIVO"", ""SEG-SEM-CARTAO"", ""SEG-INVESTIDOR-INICIANTE"", ""SEG-POUPADOR""]",0
1253629,2022-09-28,N,BR,M,61,2021-04-14,0.0,17,1.0,,1.0,I,S,N,,KFC,N,SP,0.0,10856.81,02 - VAREJO,0,0,0,0,0,0,0,0,0,0,0,0,0,0,0,0,0,0,0,0,0,0.0,0.0,0,"[""SEG-SENIOR"", ""SEG-VIAJANTE-EVENTO""]",1
158719,2022-10-28,N,BR,F,63,2007-02-02,0.0,189,1.0,,1,A,S,S,,KAT,N,SP,1.0,110641.84,01 - ALTA RENDA,0,0,1,0,1,0,0,0,0,0,0,0,1,1,0,0,0,0,1,1,0,0.0,1.0,1,"[""SEG-VIP"", ""SEG-SENIOR"", ""SEG-CREDITO-ATIVO"", ""SEG-POUPADOR""]",0
1010283,2023-02-28,N,BR,M,32,2019-03-29,0.0,47,1.0,,1.0,I,S,N,,KHD,N,BA,0.0,246818.33,03 - UNIVERSITARIO,0,0,1,0,0,0,0,0,0,0,0,0,0,0,0,0,0,0,0,0,0,0.0,0.0,0,"[""SEG-ALTA-RENDA"", ""SEG-POUPADOR"", ""SEG-CONTRIBUINTE-IR""]",0
1383758,2022-07-28,N,BR,F,30,2022-02-20,1.0,5,1.0,,1,A,S,N,,KHK,N,SP,1.0,29909.5,02 - VAREJO,0,0,1,0,0,0,0,0,0,0,0,0,0,0,0,0,0,0,0,0,0,0.0,0.0,1,"[""SEG-SEM-CARTAO"", ""SEG-INVESTIDOR-INICIANTE"", ""SEG-PERFIL-FAMILIAR""]",0
1403786,2023-02-28,N,BR,F,71,2022-06-30,0.0,8,1.0,,1,A,S,N,,KHN,N,SP,1.0,26721.31,01 - ALTA RENDA,0,0,0,0,0,0,0,0,0,0,0,0,1,0,0,0,0,0,0,0,0,0.0,0.0,0,"[""SEG-VIP"", ""SEG-SENIOR"", ""SEG-SEM-CARTAO"", ""SEG-INVESTIDOR-INICIANTE"", ""SEG-VIAJANTE-EVENTO""]",1
705148,2023-02-28,N,BR,F,47,2014-07-23,1.0,3,1.0,,1,I,S,N,,KHM,N,SP,1.0,65522.67,02 - VAREJO,0,0,1,0,0,0,0,0,0,0,0,0,0,0,0,0,0,0,0,0,0,0.0,0.0,0,"[""SEG-ALTA-RENDA"", ""SEG-SEM-CARTAO"", ""SEG-INVESTIDOR-INICIANTE"", ""SEG-POUPADOR"", ""SEG-CONTRIBUINTE-IR"", ""SEG-PERFIL-FAMILIAR""]",0
332271,2022-05-28,N,BR,F,70,2009-02-19,0.0,161,1.0,,1.0,I,S,N,,KFC,N,SP,0.0,138088.08,02 - VAREJO,0,0,1,0,0,0,0,1,0,0,0,0,0,0,0,0,0,0,0,0,0,0.0,0.0,0,"[""SEG-SENIOR"", ""SEG-POUPADOR""]",0
1285215,2023-01-28,N,BR,M,54,2021-07-30,0.0,18,1.0,,1.0,I,S,N,,KHE,N,RJ,0.0,148843.01,02 - VAREJO,0,0,1,0,0,0,0,0,0,0,0,0,0,0,0,0,0,0,0,0,0,0.0,0.0,0,"[""SEG-ALTA-RENDA"", ""SEG-POUPADOR"", ""SEG-CONTRIBUINTE-IR""]",0
833355,2023-03-28,N,BR,F,36,2016-02-09,0.0,85,1.0,,1.0,A,S,N,,KFC,N,GO,1.0,43642.41,01 - ALTA RENDA,0,0,1,0,0,0,0,0,1,0,0,1,0,0,0,0,0,0,0,0,0,0.0,0.0,0,"[""SEG-VIP"", ""SEG-CREDITO-ATIVO"", ""SEG-SEM-CARTAO"", ""SEG-INVESTIDOR-INICIANTE"", ""SEG-POUPADOR"", ""SEG-PERFIL-FAMILIAR""]",0
367406,2023-05-28,N,BR,M,50,2009-07-02,0.0,167,1.0,,1.0,I,S,N,,KAT,N,SP,0.0,46384.22,02 - VAREJO,0,0,0,0,0,0,0,0,0,0,0,0,0,0,0,0,0,0,0,0,0,0.0,0.0,0,"[""SEG-POUPADOR"", ""SEG-CONTRIBUINTE-IR"", ""SEG-VIAJANTE-EVENTO""]",1
108993,2023-04-28,N,BR,F,72,2005-10-30,0.0,210,1.0,,1.0,A,S,N,,KAT,N,SP,1.0,273855.31,03 - UNIVERSITARIO,0,0,1,0,1,0,0,0,0,0,0,0,1,1,1,0,0,0,1,0,0,1.0,1.0,1,"[""SEG-SENIOR"", ""SEG-CREDITO-ATIVO"", ""SEG-POUPADOR"", ""SEG-INVESTIDOR-EXPERIENTE"", ""SEG-PROPRIETARIO""]",0
635892,2023-05-28,N,BR,F,47,2013-08-22,0.0,117,1.0,,1.0,I,S,N,,KAT,N,MG,0.0,54931.01,02 - VAREJO,0,0,0,0,0,0,0,0,0,0,0,0,0,0,0,0,0,0,0,0,0,0.0,0.0,0,"[""SEG-POUPADOR"", ""SEG-CONTRIBUINTE-IR""]",0
272753,2022-09-28,N,BR,M,52,2008-11-13,0.0,166,1.0,,1.0,A,S,N,,KFC,N,RS,1.0,483425.43,02 - VAREJO,0,0,1,0,0,0,0,1,0,0,0,0,0,0,0,0,0,0,0,0,0,0.0,0.0,0,"[""SEG-ALTA-RENDA"", ""SEG-CREDITO-ATIVO"", ""SEG-SEM-CARTAO"", ""SEG-INVESTIDOR-INICIANTE"", ""SEG-POUPADOR"", ""SEG-CONTRIBUINTE-IR"", ""SEG-PERFIL-FAMILIAR""]",0
1269011,2022-08-28,N,BR,M,34,2021-07-14,0.0,13,1.0,,1,A,S,N,,KHE,N,SP,1.0,33991.87,02 - VAREJO,0,0,0,0,1,0,0,0,0,0,0,0,0,0,0,0,0,0,0,0,0,0.0,0.0,1,"[""SEG-CREDITO-ATIVO"", ""SEG-SEM-CARTAO"", ""SEG-INVESTIDOR-INICIANTE"", ""SEG-POUPADOR"", ""SEG-PERFIL-FAMILIAR""]",0
607037,2023-02-28,N,BR,F,68,2013-04-10,0.0,118,1.0,,1.0,A,S,N,,KFC,N,MG,1.0,62393.82,01 - ALTA RENDA,0,0,1,0,0,0,0,1,0,0,0,0,0,0,0,0,0,0,0,1,0,0.0,0.0,0,"[""SEG-VIP"", ""SEG-SENIOR"", ""SEG-CREDITO-ATIVO"", ""SEG-SEM-CARTAO"", ""SEG-INVESTIDOR-INICIANTE"", ""SEG-POUPADOR""]",0
152309,2022-07-28,N,BR,F,52,2006-12-09,0.0,187,1.0,,1.0,A,S,N,,KAT,N,AM,1.0,9999.32,02 - VAREJO,0,0,0,0,1,0,0,1,0,0,0,0,0,0,1,0,0,0,0,0,0,1.0,1.0,1,"[""SEG-SEM-CARTAO"", ""SEG-INVESTIDOR-INICIANTE"", ""SEG-PERFIL-FAMILIAR"", ""SEG-PROPRIETARIO""]",0
1351889,2023-04-28,N,BR,F,26,2021-11-11,0.0,17,1.0,,1.0,A,S,N,,KHK,N,PE,1.0,18992.91,03 - UNIVERSITARIO,0,0,1,0,0,0,0,0,0,0,0,0,0,0,0,0,0,0,0,0,0,0.0,0.0,1,"[""SEG-JOVEM"", ""SEG-SEM-CARTAO"", ""SEG-INVESTIDOR-INICIANTE"", ""SEG-PERFIL-FAMILIAR""]",0
1159958,2022-02-28,N,BR,F,19,2020-08-08,0.0,23,1.0,,1.0,I,S,N,,KHE,N,MS,0.0,8436.81,03 - UNIVERSITARIO,0,0,1,0,0,0,0,0,0,0,0,0,0,0,0,0,0,0,0,0,0,0.0,0.0,0,"[""SEG-JOVEM""]",0
940836,2023-03-28,N,BR,M,22,2018-09-12,0.0,54,1.0,,1,I,S,N,,KHD,N,PI,0.0,28023.48,03 - UNIVERSITARIO,0,0,1,0,0,0,0,0,0,0,0,0,0,0,0,0,0,0,0,0,0,0.0,0.0,0,"[""SEG-JOVEM"", ""SEG-VIAJANTE-EVENTO""]",1
1337233,2023-03-28,N,BR,F,24,2021-10-20,0.0,17,1.0,,1.0,I,S,N,,KHE,N,AP,0.0,12758.11,03 - UNIVERSITARIO,0,0,1,0,0,0,0,0,0,0,0,0,0,0,0,0,0,0,0,0,0,0.0,0.0,0,"[""SEG-JOVEM"", ""SEG-VIAJANTE-EVENTO""]",1
800961,2023-03-28,N,BR,F,56,2019-07-13,0.0,44,1.0,,1.0,A,S,N,,KAT,N,AL,1.0,37541.03,01 - ALTA RENDA,0,0,0,0,0,0,0,0,0,0,0,1,1,0,0,0,0,0,0,0,0,0.0,0.0,0,"[""SEG-VIP"", ""SEG-SENIOR"", ""SEG-CREDITO-ATIVO"", ""SEG-SEM-CARTAO"", ""SEG-INVESTIDOR-INICIANTE"", ""SEG-POUPADOR"", ""SEG-PERFIL-FAMILIAR""]",0
1259316,2022-05-28,N,BR,M,20,2021-05-22,0.0,14,1.0,,1.0,A,S,N,,KFA,N,SP,1.0,601111.65,03 - UNIVERSITARIO,0,0,1,0,0,0,0,0,0,0,0,0,0,1,0,0,0,0,0,0,0,1.0,1.0,0,"[""SEG-JOVEM"", ""SEG-CREDITO-ATIVO"", ""SEG-SEM-CARTAO"", ""SEG-POUPADOR"", ""SEG-INVESTIDOR-EXPERIENTE"", ""SEG-VIAJANTE-EVENTO""]",1
797359,2022-04-28,N,BR,M,42,2015-09-26,0.0,82,1.0,,1.0,A,S,N,,KAT,N,MG,1.0,95421.3,01 - ALTA RENDA,0,0,1,0,0,0,0,0,0,0,0,1,0,0,0,0,0,0,1,0,0,0.0,0.0,0,"[""SEG-VIP"", ""SEG-ALTA-RENDA"", ""SEG-CREDITO-ATIVO"", ""SEG-INVESTIDOR-INICIANTE"", ""SEG-POUPADOR"", ""SEG-CONTRIBUINTE-IR"", ""SEG-PERFIL-FAMILIAR""]",0
417639,2023-04-28,N,BR,F,40,2010-05-05,0.0,155,1.0,,1.0,A,S,N,,KFC,N,SC,1.0,156313.5,02 - VAREJO,0,0,1,0,0,0,0,0,0,0,0,0,1,0,0,0,0,0,0,0,0,0.0,0.0,1,"[""SEG-ALTA-RENDA"", ""SEG-CREDITO-ATIVO"", ""SEG-SEM-CARTAO"", ""SEG-INVESTIDOR-INICIANTE"", ""SEG-POUPADOR"", ""SEG-CONTRIBUINTE-IR"", ""SEG-PERFIL-FAMILIAR""]",0
1190713,2022-09-28,N,BR,F,26,2020-10-07,0.0,23,1.0,,1.0,I,S,N,,KHE,N,MG,0.0,78704.39,03 - UNIVERSITARIO,0,0,1,0,0,0,0,0,0,0,0,0,0,0,0,0,0,0,0,0,0,0.0,0.0,0,"[""SEG-JOVEM"", ""SEG-ALTA-RENDA"", ""SEG-POUPADOR"", ""SEG-VIAJANTE-EVENTO""]",1
956611,2023-04-28,N,BR,F,51,2018-10-07,0.0,54,1.0,,1.0,A,S,S,,KAT,N,RS,1.0,36470.01,02 - VAREJO,0,0,1,0,0,0,0,0,0,0,0,0,1,0,0,0,0,0,0,0,0,0.0,0.0,0,"[""SEG-CREDITO-ATIVO"", ""SEG-SEM-CARTAO"", ""SEG-INVESTIDOR-INICIANTE"", ""SEG-POUPADOR"", ""SEG-PERFIL-FAMILIAR""]",0
389582,2023-02-28,N,BR,F,54,2009-11-07,0.0,159,1.0,,1.0,A,S,N,,KFC,N,SP,1.0,80708.97,01 - ALTA RENDA,0,0,1,0,0,0,0,1,1,0,0,1,0,1,0,1,0,0,0,0,0,0.0,0.0,1,"[""SEG-VIP"", ""SEG-ALTA-RENDA"", ""SEG-CREDITO-ATIVO"", ""SEG-SEM-CARTAO"", ""SEG-POUPADOR"", ""SEG-INVESTIDOR-EXPERIENTE"", ""SEG-PERFIL-FAMILIAR""]",0
1179361,2023-04-28,N,BR,M,26,2020-09-19,0.0,31,1.0,,1.0,I,S,N,,KHE,N,SP,0.0,65724.16,03 - UNIVERSITARIO,0,0,1,0,0,0,0,0,0,0,0,0,0,0,0,0,0,0,0,0,0,0.0,0.0,0,"[""SEG-JOVEM"", ""SEG-ALTA-RENDA"", ""SEG-POUPADOR"", ""SEG-VIAJANTE-EVENTO""]",1
1375137,2022-10-28,N,BR,F,55,2022-01-09,0.0,9,1.0,,1,A,S,N,,KHK,N,SP,1.0,34254.67,02 - VAREJO,0,0,1,0,0,0,0,0,0,0,0,0,0,0,0,0,0,0,0,0,0,0.0,0.0,1,"[""SEG-SENIOR"", ""SEG-CREDITO-ATIVO"", ""SEG-SEM-CARTAO"", ""SEG-INVESTIDOR-INICIANTE"", ""SEG-POUPADOR"", ""SEG-PERFIL-FAMILIAR""]",0
1138681,2023-02-28,N,BR,M,38,2020-06-27,0.0,32,1.0,,1.0,A,S,N,,KFC,N,SP,1.0,19868.55,02 - VAREJO,0,0,1,0,0,0,0,0,0,0,0,0,0,0,0,0,0,0,0,0,0,0.0,0.0,1,"[""SEG-SEM-CARTAO"", ""SEG-INVESTIDOR-INICIANTE"", ""SEG-PERFIL-FAMILIAR""]",0
1383514,2023-01-28,N,BR,F,56,2022-02-19,0.0,11,1.0,,1.0,A,S,N,,KHL,N,SP,1.0,80630.85,01 - ALTA RENDA,0,0,1,0,0,0,0,0,0,0,0,0,1,0,0,0,0,0,1,0,0,0.0,0.0,1,"[""SEG-VIP"", ""SEG-SENIOR"", ""SEG-CREDITO-ATIVO"", ""SEG-INVESTIDOR-INICIANTE"", ""SEG-POUPADOR"", ""SEG-CONTRIBUINTE-IR"", ""SEG-PERFIL-FAMILIAR""]",0
1315924,2022-05-28,N,BR,M,44,2021-09-24,0.0,10,1.0,,1.0,A,S,N,,KFC,N,MG,1.0,38865.32,02 - VAREJO,0,0,0,0,0,0,0,0,0,0,0,1,1,1,0,0,0,0,0,0,0,0.0,0.0,0,"[""SEG-CREDITO-ATIVO"", ""SEG-SEM-CARTAO"", ""SEG-POUPADOR"", ""SEG-INVESTIDOR-EXPERIENTE"", ""SEG-PERFIL-FAMILIAR""]",0
814223,2022-10-28,N,BR,M,36,2015-11-05,0.0,83,1.0,,1.0,I,S,N,,KFG,N,CE,0.0,57698.65,02 - VAREJO,0,0,0,0,0,0,0,0,0,0,0,0,0,0,0,0,0,0,0,0,0,0.0,0.0,0,"[""SEG-POUPADOR"", ""SEG-CONTRIBUINTE-IR""]",0
954251,2023-01-28,N,BR,M,25,2018-10-04,0.0,51,1.0,,1,I,S,N,,KHE,N,RS,0.0,15799.12,03 - UNIVERSITARIO,0,0,1,0,0,0,0,0,0,0,0,0,0,0,0,0,0,0,0,0,0,0.0,0.0,0,"[""SEG-JOVEM"", ""SEG-VIAJANTE-EVENTO""]",1
1516419,2023-02-28,N,BR,F,18,2022-12-15,1.0,2,1.0,,1,I,S,N,,KHQ,N,PA,1.0,16190.05,03 - UNIVERSITARIO,0,0,1,0,0,0,0,0,0,0,0,0,0,0,0,0,0,0,0,0,0,0.0,0.0,0,"[""SEG-JOVEM"", ""SEG-INVESTIDOR-INICIANTE"", ""SEG-VIAJANTE-EVENTO""]",1
1446500,2023-01-28,N,BR,M,33,2022-09-10,1.0,4,1.0,,1.0,A,S,N,,KHM,N,SC,1.0,7803.86,02 - VAREJO,0,0,1,0,0,0,0,0,0,0,0,0,0,0,0,0,0,0,0,0,0,0.0,0.0,0,"[""SEG-SEM-CARTAO"", ""SEG-INVESTIDOR-INICIANTE"", ""SEG-PERFIL-FAMILIAR""]",0
68881,2022-01-28,N,BR,M,81,2006-08-31,0.0,191,1.0,,1.0,A,S,N,,KAT,N,SP,1.0,221468.06,01 - ALTA RENDA,0,0,1,0,0,0,0,0,0,0,0,1,1,1,0,0,0,0,0,0,0,0.0,0.0,0,"[""SEG-VIP"", ""SEG-SENIOR"", ""SEG-CREDITO-ATIVO"", ""SEG-SEM-CARTAO"", ""SEG-POUPADOR"", ""SEG-INVESTIDOR-EXPERIENTE""]",0
1069583,2022-09-28,N,BR,M,23,2019-09-27,0.0,36,1.0,,1,A,S,N,,KHE,N,SC,1.0,55138.29,03 - UNIVERSITARIO,0,0,1,0,0,0,0,0,0,0,0,0,0,0,0,0,0,0,0,0,0,0.0,0.0,0,"[""SEG-JOVEM"", ""SEG-CREDITO-ATIVO"", ""SEG-SEM-CARTAO"", ""SEG-INVESTIDOR-INICIANTE"", ""SEG-POUPADOR""]",0
291128,2022-04-28,N,BR,F,39,2008-11-05,0.0,164,1.0,,1.0,A,S,N,,KFC,N,AC,1.0,24886.95,02 - VAREJO,0,0,1,0,0,0,0,1,0,0,0,0,0,0,0,0,0,0,0,0,0,0.0,0.0,0,"[""SEG-SEM-CARTAO"", ""SEG-INVESTIDOR-INICIANTE"", ""SEG-PERFIL-FAMILIAR""]",0
174193,2022-09-28,N,BR,M,47,2007-04-27,0.0,101,1.0,,1.0,A,S,N,,KAT,N,SP,1.0,16657.16,02 - VAREJO,0,0,0,0,1,0,0,0,0,0,0,0,0,0,0,0,0,0,1,0,0,1.0,1.0,1,"[""SEG-INVESTIDOR-INICIANTE"", ""SEG-PERFIL-FAMILIAR""]",0
375383,2023-01-28,N,BR,F,50,2009-08-27,0.0,161,1.0,,1.0,A,S,N,,KAF,N,BA,1.0,42374.75,02 - VAREJO,0,0,0,0,1,0,1,0,0,0,0,0,1,0,1,0,0,1,0,0,0,1.0,1.0,1,"[""SEG-CREDITO-ATIVO"", ""SEG-SEM-CARTAO"", ""SEG-INVESTIDOR-INICIANTE"", ""SEG-POUPADOR"", ""SEG-PERFIL-FAMILIAR"", ""SEG-PROPRIETARIO""]",0
1030806,2023-05-28,N,BR,M,27,2019-07-25,0.0,46,1.0,,1.0,I,S,N,,KHE,N,RJ,1.0,15133.8,03 - UNIVERSITARIO,0,0,1,0,0,0,0,0,0,0,0,0,0,0,0,0,0,0,0,0,0,0.0,0.0,0,"[""SEG-JOVEM"", ""SEG-SEM-CARTAO"", ""SEG-INVESTIDOR-INICIANTE"", ""SEG-PERFIL-FAMILIAR""]",0
892931,2023-02-28,N,BR,M,37,2017-09-29,0.0,65,1.0,,1.0,A,S,N,,KAT,N,SP,1.0,87042.62,02 - VAREJO,0,0,1,0,0,0,0,0,0,0,0,0,0,0,0,0,0,0,0,0,0,0.0,0.0,1,"[""SEG-ALTA-RENDA"", ""SEG-CREDITO-ATIVO"", ""SEG-SEM-CARTAO"", ""SEG-INVESTIDOR-INICIANTE"", ""SEG-POUPADOR"", ""SEG-CONTRIBUINTE-IR"", ""SEG-PERFIL-FAMILIAR""]",0
211259,2023-01-28,N,BR,M,51,2007-12-27,0.0,181,1.0,,1.0,I,S,N,,KFA,N,SP,0.0,50973.38,02 - VAREJO,0,0,1,0,0,0,0,1,0,0,0,0,0,0,0,0,0,0,0,0,0,0.0,0.0,0,"[""SEG-POUPADOR"", ""SEG-CONTRIBUINTE-IR""]",0
914862,2023-03-28,N,BR,M,49,2018-06-09,0.0,57,1.0,,1.0,A,S,N,,KFC,N,RJ,1.0,290788.33,02 - VAREJO,0,0,1,0,0,0,1,0,0,0,0,0,0,0,0,0,0,0,0,0,0,0.0,0.0,0,"[""SEG-ALTA-RENDA"", ""SEG-CREDITO-ATIVO"", ""SEG-SEM-CARTAO"", ""SEG-INVESTIDOR-INICIANTE"", ""SEG-POUPADOR"", ""SEG-CONTRIBUINTE-IR"", ""SEG-PERFIL-FAMILIAR""]",0
149031,2022-11-28,N,BR,F,53,2006-11-12,0.0,192,1.0,,1.0,A,S,N,,KFC,N,SP,1.0,102715.44,01 - ALTA RENDA,0,0,0,0,1,0,0,0,0,0,0,1,1,1,0,0,0,1,1,1,0,1.0,1.0,1,"[""SEG-VIP"", ""SEG-ALTA-RENDA"", ""SEG-CREDITO-ATIVO"", ""SEG-POUPADOR"", ""SEG-CONTRIBUINTE-IR"", ""SEG-PERFIL-FAMILIAR""]",0
1033137,2022-01-28,N,BR,M,22,2019-07-26,0.0,36,1.0,,1.0,A,S,N,,KHE,N,SP,1.0,91885.06,03 - UNIVERSITARIO,0,0,1,0,0,0,0,0,0,0,0,0,0,0,0,0,0,0,0,0,0,0.0,0.0,0,"[""SEG-JOVEM"", ""SEG-CREDITO-ATIVO"", ""SEG-SEM-CARTAO"", ""SEG-INVESTIDOR-INICIANTE"", ""SEG-POUPADOR""]",0
133601,2023-01-28,N,BR,M,47,2006-06-04,0.0,199,1.0,,1.0,A,S,N,,KFC,N,SP,1.0,34924.32,01 - ALTA RENDA,0,0,1,0,0,0,0,1,0,0,0,0,0,1,0,0,0,0,0,0,0,0.0,0.0,0,"[""SEG-VIP"", ""SEG-CREDITO-ATIVO"", ""SEG-SEM-CARTAO"", ""SEG-POUPADOR"", ""SEG-INVESTIDOR-EXPERIENTE"", ""SEG-PERFIL-FAMILIAR""]",0
981073,2022-08-28,N,BR,F,37,2018-11-17,0.0,45,1.0,,1.0,I,S,N,,KFC,N,SP,0.0,96698.94,02 - VAREJO,0,0,0,0,0,0,0,0,0,0,0,0,0,0,0,0,0,0,0,0,0,0.0,0.0,0,"[""SEG-ALTA-RENDA"", ""SEG-POUPADOR"", ""SEG-CONTRIBUINTE-IR""]",0
1093310,2023-04-28,N,BR,M,22,2019-10-31,0.0,41,1.0,,1.0,I,S,N,,KHE,N,PE,0.0,25918.82,03 - UNIVERSITARIO,0,0,1,0,0,0,0,0,0,0,0,0,0,0,0,0,0,0,0,0,0,0.0,0.0,0,"[""SEG-JOVEM""]",0
315851,2022-07-28,N,BR,F,39,2009-01-15,0.0,162,1.0,,1.0,A,S,N,,KAT,N,SP,1.0,8760.43,02 - VAREJO,0,0,1,0,0,0,0,0,0,0,0,0,1,0,1,0,0,0,0,0,0,0.0,0.0,1,"[""SEG-SEM-CARTAO"", ""SEG-INVESTIDOR-INICIANTE"", ""SEG-PERFIL-FAMILIAR"", ""SEG-PROPRIETARIO""]",0
950255,2022-08-28,N,BR,M,21,2018-09-28,0.0,47,1.0,,1.0,A,S,S,,KHE,N,MA,1.0,8671.41,03 - UNIVERSITARIO,0,0,1,0,0,0,0,0,0,0,0,0,0,0,0,0,0,0,0,0,0,0.0,0.0,0,"[""SEG-JOVEM"", ""SEG-SEM-CARTAO"", ""SEG-INVESTIDOR-INICIANTE""]",0
620330,2022-08-28,N,BR,F,38,2013-06-09,0.0,110,1.0,,1.0,A,S,N,,KFC,N,SP,1.0,68838.5,02 - VAREJO,0,0,1,0,0,0,0,0,0,0,0,0,0,0,0,0,0,0,0,0,0,0.0,0.0,0,"[""SEG-ALTA-RENDA"", ""SEG-CREDITO-ATIVO"", ""SEG-SEM-CARTAO"", ""SEG-INVESTIDOR-INICIANTE"", ""SEG-POUPADOR"", ""SEG-CONTRIBUINTE-IR"", ""SEG-PERFIL-FAMILIAR""]",0
103890,2022-01-28,N,BR,F,52,2005-08-19,0.0,203,1.0,,1.0,A,S,N,,KAT,N,PR,1.0,37560.11,02 - VAREJO,0,0,1,0,0,0,0,0,0,0,0,0,0,0,0,0,0,0,0,0,0,0.0,0.0,0,"[""SEG-CREDITO-ATIVO"", ""SEG-SEM-CARTAO"", ""SEG-INVESTIDOR-INICIANTE"", ""SEG-POUPADOR"", ""SEG-PERFIL-FAMILIAR""]",0
1178339,2023-04-28,N,BR,M,25,2020-09-18,0.0,31,1.0,,1,A,S,N,,KHE,N,PA,1.0,14761.68,03 - UNIVERSITARIO,0,0,1,0,0,0,0,0,0,0,0,0,0,0,0,0,0,0,0,0,0,0.0,0.0,0,"[""SEG-JOVEM"", ""SEG-SEM-CARTAO"", ""SEG-INVESTIDOR-INICIANTE"", ""SEG-PERFIL-FAMILIAR""]",0
1118526,2022-10-28,N,BR,M,41,2020-01-18,0.0,33,1.0,,1,A,S,N,,KAT,N,SP,1.0,103326.34,02 - VAREJO,0,0,1,0,0,0,0,0,0,0,0,0,0,0,0,0,0,0,0,0,0,0.0,0.0,1,"[""SEG-ALTA-RENDA"", ""SEG-CREDITO-ATIVO"", ""SEG-SEM-CARTAO"", ""SEG-INVESTIDOR-INICIANTE"", ""SEG-POUPADOR"", ""SEG-CONTRIBUINTE-IR"", ""SEG-PERFIL-FAMILIAR""]",0
510309,2022-08-28,N,BR,F,43,2012-01-07,0.0,127,1.0,,1.0,I,S,N,,KFA,N,GO,1.0,84629.61,02 - VAREJO,0,0,1,0,0,0,0,0,0,0,0,0,1,0,0,0,0,0,0,0,0,0.0,0.0,1,"[""SEG-ALTA-RENDA"", ""SEG-CREDITO-ATIVO"", ""SEG-SEM-CARTAO"", ""SEG-INVESTIDOR-INICIANTE"", ""SEG-POUPADOR"", ""SEG-CONTRIBUINTE-IR"", ""SEG-PERFIL-FAMILIAR""]",0
52298,2023-01-28,N,BR,M,64,2003-12-19,0.0,229,1.0,,1.0,A,S,N,,KAT,N,SP,1.0,43213.76,02 - VAREJO,0,0,1,0,0,0,0,0,0,0,0,0,0,0,0,0,0,0,0,0,0,0.0,0.0,1,"[""SEG-SENIOR"", ""SEG-CREDITO-ATIVO"", ""SEG-SEM-CARTAO"", ""SEG-INVESTIDOR-INICIANTE"", ""SEG-POUPADOR"", ""SEG-VIAJANTE-EVENTO""]",1
1254454,2023-01-28,N,BR,F,38,2021-04-22,0.0,21,1.0,,1.0,A,S,N,,KFC,N,RJ,1.0,66234.27,02 - VAREJO,0,0,1,0,0,0,0,0,0,0,0,0,0,0,0,0,0,0,0,0,0,0.0,0.0,0,"[""SEG-ALTA-RENDA"", ""SEG-CREDITO-ATIVO"", ""SEG-SEM-CARTAO"", ""SEG-INVESTIDOR-INICIANTE"", ""SEG-POUPADOR"", ""SEG-CONTRIBUINTE-IR"", ""SEG-PERFIL-FAMILIAR""]",0
118813,2022-08-28,N,BR,F,46,2006-01-14,0.0,199,1.0,,1,A,S,N,,KAT,N,SP,1.0,19322.11,02 - VAREJO,0,0,1,0,0,0,0,1,0,0,0,1,1,1,0,0,0,0,0,0,1,0.0,0.0,0,"[""SEG-SEM-CARTAO"", ""SEG-INVESTIDOR-EXPERIENTE"", ""SEG-PERFIL-FAMILIAR""]",0
1078589,2023-03-28,N,BR,M,29,2019-10-10,0.0,41,1.0,,1.0,I,S,N,,KHE,N,RS,1.0,27006.34,03 - UNIVERSITARIO,0,0,1,0,0,0,0,0,0,0,0,0,0,0,0,0,0,0,0,0,0,0.0,0.0,0,"[""SEG-JOVEM"", ""SEG-SEM-CARTAO"", ""SEG-INVESTIDOR-INICIANTE"", ""SEG-PERFIL-FAMILIAR""]",0
128850,2023-04-28,N,BR,F,59,2006-04-30,0.0,204,1.0,,1.0,A,S,N,,KAT,N,SP,1.0,67336.58,02 - VAREJO,0,0,0,0,1,0,0,0,0,0,0,0,0,0,1,0,0,1,0,0,0,0.0,0.0,1,"[""SEG-SENIOR"", ""SEG-CREDITO-ATIVO"", ""SEG-SEM-CARTAO"", ""SEG-INVESTIDOR-INICIANTE"", ""SEG-POUPADOR"", ""SEG-CONTRIBUINTE-IR"", ""SEG-PERFIL-FAMILIAR"", ""SEG-PROPRIETARIO"", ""SEG-VIAJANTE-EVENTO""]",1
422760,2023-03-28,N,BR,F,45,2010-06-11,0.0,153,1.0,,1.0,A,S,N,,KAT,N,RS,1.0,52112.86,02 - VAREJO,0,0,0,0,1,0,0,0,0,0,0,0,0,0,1,0,0,0,0,0,0,1.0,1.0,1,"[""SEG-CREDITO-ATIVO"", ""SEG-SEM-CARTAO"", ""SEG-INVESTIDOR-INICIANTE"", ""SEG-POUPADOR"", ""SEG-CONTRIBUINTE-IR"", ""SEG-PERFIL-FAMILIAR"", ""SEG-PROPRIETARIO""]",0
311707,2023-01-28,N,BR,F,58,2009-02-14,0.0,167,1.0,,1,A,S,N,,KAT,N,SC,1.0,14031.88,02 - VAREJO,0,0,1,0,0,0,0,0,0,0,0,0,0,0,1,0,0,0,0,0,0,0.0,0.0,1,"[""SEG-SENIOR"", ""SEG-SEM-CARTAO"", ""SEG-INVESTIDOR-INICIANTE"", ""SEG-PERFIL-FAMILIAR"", ""SEG-PROPRIETARIO""]",0
176911,2023-03-28,N,BR,F,55,2007-05-24,0.0,190,1.0,,1.0,A,S,N,,KAT,N,SP,1.0,65681.73,02 - VAREJO,0,0,1,0,0,0,0,1,0,0,0,0,0,1,0,0,0,0,0,0,0,0.0,0.0,0,"[""SEG-SENIOR"", ""SEG-ALTA-RENDA"", ""SEG-CREDITO-ATIVO"", ""SEG-SEM-CARTAO"", ""SEG-POUPADOR"", ""SEG-CONTRIBUINTE-IR"", ""SEG-INVESTIDOR-EXPERIENTE"", ""SEG-PERFIL-FAMILIAR""]",0
197431,2022-05-28,N,BR,F,42,2008-08-06,0.0,137,1.0,,1.0,A,S,N,,KFC,N,SP,1.0,31978.7,02 - VAREJO,0,0,1,0,1,0,0,1,0,0,0,0,1,0,0,0,0,0,0,0,0,1.0,1.0,1,"[""SEG-SEM-CARTAO"", ""SEG-INVESTIDOR-INICIANTE"", ""SEG-PERFIL-FAMILIAR"", ""SEG-VIAJANTE-EVENTO""]",1
1065526,2023-01-28,N,BR,M,22,2019-09-24,0.0,40,1.0,,1,I,S,N,,KHE,N,SP,0.0,88000.98,03 - UNIVERSITARIO,0,0,1,0,0,0,0,0,0,0,0,0,0,0,0,0,0,0,0,0,0,0.0,0.0,0,"[""SEG-JOVEM"", ""SEG-POUPADOR"", ""SEG-VIAJANTE-EVENTO""]",1
1198379,2022-08-28,N,BR,M,30,2020-10-14,0.0,22,1.0,,1.0,A,S,N,,KHE,N,BA,1.0,50589.06,03 - UNIVERSITARIO,0,0,1,0,0,0,0,0,0,0,0,0,0,0,0,0,0,0,0,0,0,0.0,0.0,0,"[""SEG-CREDITO-ATIVO"", ""SEG-SEM-CARTAO"", ""SEG-INVESTIDOR-INICIANTE"", ""SEG-POUPADOR"", ""SEG-CONTRIBUINTE-IR"", ""SEG-PERFIL-FAMILIAR""]",0
1450929,2023-03-28,N,BR,F,20,2022-09-16,0.0,6,1.0,,1.0,A,S,N,,KHQ,N,GO,1.0,225385.61,03 - UNIVERSITARIO,0,0,1,0,0,0,0,0,0,0,0,0,0,0,0,0,0,0,0,0,0,0.0,0.0,0,"[""SEG-JOVEM"", ""SEG-CREDITO-ATIVO"", ""SEG-SEM-CARTAO"", ""SEG-INVESTIDOR-INICIANTE"", ""SEG-POUPADOR""]",0
592961,2023-04-28,N,BR,F,39,2013-01-22,0.0,123,1.0,,1.0,A,S,N,,KFC,N,SP,1.0,135699.41,02 - VAREJO,0,0,1,0,0,0,0,0,1,0,0,0,0,0,0,0,0,0,0,0,0,0.0,0.0,0,"[""SEG-ALTA-RENDA"", ""SEG-CREDITO-ATIVO"", ""SEG-SEM-CARTAO"", ""SEG-INVESTIDOR-INICIANTE"", ""SEG-POUPADOR"", ""SEG-CONTRIBUINTE-IR"", ""SEG-PERFIL-FAMILIAR"", ""SEG-VIAJANTE-EVENTO""]",1
414606,2023-01-28,N,BR,F,48,2010-06-12,0.0,151,1.0,,1,I,S,N,,KAT,N,ES,1.0,82222.71,02 - VAREJO,0,0,1,0,0,0,0,0,0,0,0,0,0,0,0,0,0,1,0,0,0,0.0,0.0,0,"[""SEG-ALTA-RENDA"", ""SEG-CREDITO-ATIVO"", ""SEG-SEM-CARTAO"", ""SEG-INVESTIDOR-INICIANTE"", ""SEG-POUPADOR"", ""SEG-CONTRIBUINTE-IR"", ""SEG-PERFIL-FAMILIAR""]",0
1522568,2023-05-28,N,BR,M,38,2023-01-10,1.0,4,1.0,,1,I,S,N,,KHM,N,RJ,0.0,57323.19,02 - VAREJO,0,0,1,0,0,0,0,0,0,0,0,0,0,0,0,0,0,0,0,0,0,0.0,0.0,0,"[""SEG-POUPADOR"", ""SEG-CONTRIBUINTE-IR"", ""SEG-VIAJANTE-EVENTO""]",1
1404877,2022-09-28,N,BR,M,28,2022-07-07,1.0,2,1.0,,1,I,S,N,,KHM,N,SP,0.0,90254.4,02 - VAREJO,0,0,0,0,0,0,0,0,0,0,0,0,0,0,0,0,0,0,0,0,0,0.0,0.0,0,"[""SEG-JOVEM"", ""SEG-ALTA-RENDA"", ""SEG-POUPADOR""]",0
126097,2023-01-28,N,BR,F,62,2006-03-23,0.0,96,1.0,,1.0,I,S,N,,KAT,N,SP,0.0,220733.31,02 - VAREJO,0,0,0,0,0,0,0,0,0,0,0,0,0,0,0,0,0,0,0,0,0,0.0,0.0,0,"[""SEG-SENIOR"", ""SEG-POUPADOR""]",0
1123221,2023-05-28,N,BR,F,45,2020-02-28,0.0,39,1.0,,1.0,I,S,S,,KHC,N,RJ,0.0,41585.37,02 - VAREJO,0,0,0,0,0,0,0,0,0,0,0,0,0,0,0,0,0,0,0,0,0,0.0,0.0,0,"[""SEG-POUPADOR""]",0
372763,2022-12-28,N,BR,M,40,2009-07-16,0.0,161,1.0,,1.0,A,S,N,,KAG,N,SP,1.0,10053.62,02 - VAREJO,0,0,1,0,0,0,0,1,0,0,0,0,0,0,1,0,0,0,0,0,0,0.0,0.0,1,"[""SEG-SEM-CARTAO"", ""SEG-INVESTIDOR-INICIANTE"", ""SEG-PERFIL-FAMILIAR"", ""SEG-PROPRIETARIO""]",0
1323412,2023-02-28,N,BR,M,21,2021-10-03,0.0,16,1.0,,1.0,A,S,N,,KHE,N,DF,1.0,24374.83,03 - UNIVERSITARIO,0,0,1,0,0,0,0,0,0,0,0,0,0,0,0,0,0,0,0,0,0,0.0,0.0,0,"[""SEG-JOVEM"", ""SEG-SEM-CARTAO"", ""SEG-INVESTIDOR-INICIANTE""]",0
509491,2023-05-28,N,BR,M,54,2012-01-03,0.0,85,1.0,,1.0,A,S,N,,KFA,N,SP,1.0,69621.21,02 - VAREJO,0,0,1,0,0,0,0,0,0,0,0,0,1,0,0,0,0,0,0,0,0,0.0,0.0,0,"[""SEG-ALTA-RENDA"", ""SEG-CREDITO-ATIVO"", ""SEG-SEM-CARTAO"", ""SEG-INVESTIDOR-INICIANTE"", ""SEG-POUPADOR"", ""SEG-CONTRIBUINTE-IR"", ""SEG-PERFIL-FAMILIAR""]",0
22405,2023-03-28,N,BR,M,74,2002-09-15,0.0,216,1.0,,1.0,A,S,N,,007,N,SP,1.0,326425.78,01 - ALTA RENDA,0,0,1,0,0,0,0,0,0,0,0,0,1,0,0,0,0,0,0,0,0,0.0,0.0,0,"[""SEG-VIP"", ""SEG-SENIOR"", ""SEG-CREDITO-ATIVO"", ""SEG-SEM-CARTAO"", ""SEG-INVESTIDOR-INICIANTE"", ""SEG-POUPADOR""]",0
659176,2023-03-28,N,BR,F,37,2013-11-24,0.0,112,1.0,,1.0,A,S,N,,KAJ,N,SP,1.0,43908.31,01 - ALTA RENDA,0,0,0,0,1,0,0,0,0,0,0,1,1,0,0,0,0,1,0,0,0,1.0,1.0,1,"[""SEG-VIP"", ""SEG-CREDITO-ATIVO"", ""SEG-SEM-CARTAO"", ""SEG-INVESTIDOR-INICIANTE"", ""SEG-POUPADOR"", ""SEG-PERFIL-FAMILIAR"", ""SEG-VIAJANTE-EVENTO""]",1
1442547,2022-12-28,N,BR,F,36,2022-09-30,1.0,3,1.0,,1,A,S,N,,KFC,N,SP,1.0,71684.45,02 - VAREJO,0,0,0,0,0,0,0,0,0,0,0,0,0,0,0,0,0,0,0,0,0,0.0,0.0,0,"[""SEG-ALTA-RENDA"", ""SEG-SEM-CARTAO"", ""SEG-INVESTIDOR-INICIANTE"", ""SEG-POUPADOR"", ""SEG-CONTRIBUINTE-IR"", ""SEG-PERFIL-FAMILIAR""]",0
701756,2023-01-28,N,BR,F,57,2014-07-06,0.0,102,1.0,,1.0,A,S,N,,KFA,N,SP,1.0,244609.34,02 - VAREJO,0,0,1,0,0,0,0,1,0,0,0,1,0,0,0,0,0,0,0,0,0,0.0,0.0,0,"[""SEG-SENIOR"", ""SEG-CREDITO-ATIVO"", ""SEG-SEM-CARTAO"", ""SEG-INVESTIDOR-INICIANTE"", ""SEG-POUPADOR"", ""SEG-CONTRIBUINTE-IR"", ""SEG-PERFIL-FAMILIAR"", ""SEG-VIAJANTE-EVENTO""]",1
546511,2022-12-28,N,BR,F,70,2012-08-08,0.0,124,1.0,,1,A,S,N,,KFC,N,SP,1.0,67553.35,02 - VAREJO,0,0,0,0,0,0,0,0,0,0,0,0,0,0,1,0,0,0,0,0,0,0.0,0.0,1,"[""SEG-SENIOR"", ""SEG-CREDITO-ATIVO"", ""SEG-SEM-CARTAO"", ""SEG-INVESTIDOR-INICIANTE"", ""SEG-POUPADOR"", ""SEG-PROPRIETARIO""]",0
1462278,2022-12-28,N,BR,F,47,2022-09-28,1.0,3,1.0,,1.0,A,S,N,,KHM,N,SP,1.0,63291.48,02 - VAREJO,0,0,1,0,0,0,0,0,0,0,0,0,0,0,0,0,0,0,0,0,0,0.0,0.0,1,"[""SEG-ALTA-RENDA"", ""SEG-SEM-CARTAO"", ""SEG-INVESTIDOR-INICIANTE"", ""SEG-POUPADOR"", ""SEG-CONTRIBUINTE-IR"", ""SEG-PERFIL-FAMILIAR""]",0
364498,2023-03-28,N,BR,M,50,2009-06-24,0.0,165,1.0,,1.0,I,S,S,,KAT,N,SP,1.0,186984.36,02 - VAREJO,0,0,1,0,0,0,0,1,0,0,0,0,0,0,0,0,0,0,0,0,0,0.0,0.0,0,"[""SEG-ALTA-RENDA"", ""SEG-CREDITO-ATIVO"", ""SEG-SEM-CARTAO"", ""SEG-INVESTIDOR-INICIANTE"", ""SEG-POUPADOR"", ""SEG-CONTRIBUINTE-IR"", ""SEG-PERFIL-FAMILIAR"", ""SEG-VIAJANTE-EVENTO""]",1
400264,2022-07-28,N,BR,M,45,2010-01-08,0.0,150,1.0,,1.0,I,S,N,,KAT,N,SP,1.0,28333.36,02 - VAREJO,0,0,1,0,0,0,0,0,0,0,0,0,0,0,0,0,0,0,0,0,0,0.0,0.0,0,"[""SEG-SEM-CARTAO"", ""SEG-INVESTIDOR-INICIANTE"", ""SEG-PERFIL-FAMILIAR""]",0
1517779,2023-03-28,N,BR,F,22,2022-12-21,1.0,3,1.0,,1,I,S,N,,KHQ,N,MG,0.0,17349.3,03 - UNIVERSITARIO,0,0,0,0,0,0,0,0,0,0,0,0,0,0,0,0,0,0,0,0,0,0.0,0.0,0,"[""SEG-JOVEM""]",0
896402,2023-04-28,N,BR,M,40,2017-11-08,0.0,65,1.0,,1.0,A,S,N,,KAT,N,SP,1.0,73803.04,01 - ALTA RENDA,0,0,1,0,0,0,0,0,0,0,0,0,1,0,0,0,0,0,0,0,0,0.0,0.0,0,"[""SEG-VIP"", ""SEG-ALTA-RENDA"", ""SEG-CREDITO-ATIVO"", ""SEG-SEM-CARTAO"", ""SEG-INVESTIDOR-INICIANTE"", ""SEG-POUPADOR"", ""SEG-CONTRIBUINTE-IR"", ""SEG-PERFIL-FAMILIAR""]",0
1079975,2022-09-28,N,BR,F,27,2019-10-15,0.0,35,1.0,,1.0,I,S,N,,KHE,N,SE,1.0,28665.32,03 - UNIVERSITARIO,0,0,1,0,0,0,0,0,0,0,0,0,0,0,0,0,0,0,0,0,0,0.0,0.0,0,"[""SEG-JOVEM"", ""SEG-SEM-CARTAO"", ""SEG-INVESTIDOR-INICIANTE"", ""SEG-PERFIL-FAMILIAR""]",0
1382016,2022-08-28,N,BR,F,71,2022-02-11,0.0,6,1.0,,1.0,A,S,N,,KHL,N,SP,1.0,114073.99,02 - VAREJO,0,0,1,0,0,0,0,0,0,0,0,1,0,0,0,0,0,0,0,0,0,0.0,0.0,0,"[""SEG-SENIOR"", ""SEG-CREDITO-ATIVO"", ""SEG-SEM-CARTAO"", ""SEG-INVESTIDOR-INICIANTE"", ""SEG-POUPADOR""]",0
777864,2023-04-28,N,BR,F,57,2015-07-08,0.0,93,1.0,,1.0,A,S,N,,KFT,N,SP,1.0,48221.91,02 - VAREJO,0,0,1,0,0,0,0,0,0,0,0,0,0,1,0,0,0,0,0,0,0,0.0,0.0,0,"[""SEG-SENIOR"", ""SEG-CREDITO-ATIVO"", ""SEG-SEM-CARTAO"", ""SEG-POUPADOR"", ""SEG-CONTRIBUINTE-IR"", ""SEG-INVESTIDOR-EXPERIENTE"", ""SEG-PERFIL-FAMILIAR""]",0
103442,2022-03-28,N,BR,F,49,2005-08-06,0.0,203,1.0,,1.0,A,S,N,,KAT,N,SP,1.0,38120.34,01 - ALTA RENDA,0,0,0,0,1,0,0,0,0,0,1,1,1,0,0,0,0,1,1,0,0,1.0,1.0,1,"[""SEG-VIP"", ""SEG-CREDITO-ATIVO"", ""SEG-INVESTIDOR-INICIANTE"", ""SEG-POUPADOR"", ""SEG-PERFIL-FAMILIAR""]",0
269528,2023-01-28,N,BR,F,53,2008-08-28,0.0,173,1.0,,1.0,A,S,N,,KAT,N,SP,1.0,56098.81,02 - VAREJO,0,0,1,0,0,0,0,1,0,0,0,0,0,1,0,0,0,0,0,0,0,0.0,0.0,0,"[""SEG-CREDITO-ATIVO"", ""SEG-SEM-CARTAO"", ""SEG-POUPADOR"", ""SEG-CONTRIBUINTE-IR"", ""SEG-INVESTIDOR-EXPERIENTE"", ""SEG-PERFIL-FAMILIAR""]",0
316450,2022-06-28,N,BR,F,68,2009-01-16,0.0,162,1.0,,1.0,A,S,N,,KAG,N,SP,1.0,156447.12,02 - VAREJO,0,0,1,0,0,0,0,1,0,0,0,0,0,0,0,0,0,0,0,0,0,0.0,0.0,0,"[""SEG-SENIOR"", ""SEG-CREDITO-ATIVO"", ""SEG-SEM-CARTAO"", ""SEG-INVESTIDOR-INICIANTE"", ""SEG-POUPADOR""]",0
995004,2023-05-28,N,BR,F,26,2018-12-16,0.0,53,1.0,,1.0,I,S,N,,KHE,N,SP,0.0,66935.52,03 - UNIVERSITARIO,0,0,1,0,0,0,0,0,0,0,0,0,0,0,0,0,0,0,0,0,0,0.0,0.0,0,"[""SEG-JOVEM"", ""SEG-ALTA-RENDA"", ""SEG-POUPADOR""]",0
134575,2023-01-28,N,BR,M,53,2006-06-14,0.0,199,1.0,,1.0,A,S,N,,KAT,N,RJ,1.0,15947.0,01 - ALTA RENDA,0,0,1,0,0,0,0,1,0,0,0,1,0,0,0,1,0,0,0,0,0,0.0,0.0,1,"[""SEG-VIP"", ""SEG-SEM-CARTAO"", ""SEG-INVESTIDOR-INICIANTE"", ""SEG-PERFIL-FAMILIAR""]",0
1036800,2022-12-28,N,BR,F,22,2019-07-31,0.0,41,1.0,,1.0,A,S,N,,KHE,N,RS,1.0,53943.04,03 - UNIVERSITARIO,0,0,1,0,0,0,0,0,0,0,0,0,0,0,0,0,0,0,0,0,0,0.0,0.0,0,"[""SEG-JOVEM"", ""SEG-CREDITO-ATIVO"", ""SEG-SEM-CARTAO"", ""SEG-INVESTIDOR-INICIANTE"", ""SEG-POUPADOR""]",0
390314,2022-06-28,N,BR,F,49,2009-11-12,0.0,152,1.0,,1.0,A,S,N,,KAT,N,RJ,1.0,87595.96,02 - VAREJO,0,0,0,0,0,0,0,0,0,0,0,0,0,0,1,0,0,0,0,0,0,0.0,0.0,0,"[""SEG-ALTA-RENDA"", ""SEG-CREDITO-ATIVO"", ""SEG-SEM-CARTAO"", ""SEG-INVESTIDOR-INICIANTE"", ""SEG-POUPADOR"", ""SEG-CONTRIBUINTE-IR"", ""SEG-PERFIL-FAMILIAR"", ""SEG-PROPRIETARIO""]",0
375880,2023-01-28,N,BR,M,41,2009-07-29,0.0,162,1.0,,1,I,S,N,,KFC,N,SP,0.0,225731.62,02 - VAREJO,0,0,0,0,0,0,0,0,0,0,0,0,0,0,0,0,0,0,0,0,0,0.0,0.0,0,"[""SEG-ALTA-RENDA"", ""SEG-POUPADOR"", ""SEG-CONTRIBUINTE-IR""]",0
307631,2023-04-28,N,BR,F,71,2008-12-14,0.0,172,1.0,,1,A,S,N,,KBO,N,MG,1.0,21126.75,02 - VAREJO,0,0,1,0,0,0,0,0,0,0,0,0,0,1,0,0,0,0,0,0,0,0.0,0.0,0,"[""SEG-SENIOR"", ""SEG-SEM-CARTAO"", ""SEG-INVESTIDOR-EXPERIENTE""]",0
149550,2022-12-28,N,BR,F,64,2006-11-17,0.0,193,1.0,,1.0,I,S,N,,KAT,N,SC,0.0,13304.62,02 - VAREJO,0,0,1,0,0,0,0,0,0,0,0,0,0,0,0,0,0,0,0,0,0,0.0,0.0,0,"[""SEG-SENIOR""]",0
461494,2023-05-28,N,BR,F,57,2011-02-26,0.0,147,1.0,,1.0,A,S,N,,KAT,N,RJ,1.0,12682.79,02 - VAREJO,0,0,0,0,1,0,0,0,1,0,0,0,1,0,0,0,0,0,1,0,0,0.0,0.0,0,"[""SEG-SENIOR"", ""SEG-INVESTIDOR-INICIANTE"", ""SEG-PERFIL-FAMILIAR""]",0
412506,2023-05-28,N,BR,F,54,2010-04-25,0.0,157,1.0,,1.0,A,S,N,,013,N,SP,1.0,182089.96,02 - VAREJO,0,0,0,0,0,0,0,0,0,0,0,0,0,0,1,0,0,0,0,0,0,0.0,0.0,0,"[""SEG-ALTA-RENDA"", ""SEG-CREDITO-ATIVO"", ""SEG-SEM-CARTAO"", ""SEG-INVESTIDOR-INICIANTE"", ""SEG-POUPADOR"", ""SEG-CONTRIBUINTE-IR"", ""SEG-PERFIL-FAMILIAR"", ""SEG-PROPRIETARIO""]",0
458740,2023-03-28,N,BR,F,56,2011-02-10,0.0,145,1.0,,1.0,I,S,N,,KFC,N,PE,1.0,26659.28,02 - VAREJO,0,0,1,0,0,0,0,0,0,0,0,0,0,0,0,0,0,0,0,0,0,0.0,0.0,0,"[""SEG-SENIOR"", ""SEG-SEM-CARTAO"", ""SEG-INVESTIDOR-INICIANTE"", ""SEG-PERFIL-FAMILIAR""]",0
331500,2023-02-28,N,BR,F,60,2009-02-18,0.0,168,1.0,,1.0,A,S,N,,KFC,N,RO,1.0,28543.14,02 - VAREJO,0,0,1,0,0,0,0,1,0,0,0,0,0,0,0,0,0,0,0,0,0,0.0,0.0,0,"[""SEG-SENIOR"", ""SEG-SEM-CARTAO"", ""SEG-INVESTIDOR-INICIANTE"", ""SEG-PERFIL-FAMILIAR""]",0
729328,2023-02-28,N,BR,M,53,2014-10-29,0.0,100,1.0,,1.0,A,S,N,,KAT,N,SP,1.0,216296.09,02 - VAREJO,0,0,1,0,0,0,0,0,0,0,0,0,0,0,0,0,0,0,0,0,0,0.0,0.0,0,"[""SEG-ALTA-RENDA"", ""SEG-CREDITO-ATIVO"", ""SEG-SEM-CARTAO"", ""SEG-INVESTIDOR-INICIANTE"", ""SEG-POUPADOR"", ""SEG-CONTRIBUINTE-IR"", ""SEG-PERFIL-FAMILIAR""]",0
477234,2023-04-28,N,BR,M,43,2011-06-01,0.0,143,1.0,,1.0,A,S,N,,KAG,N,SP,1.0,602309.39,01 - ALTA RENDA,0,0,1,0,0,0,0,1,0,0,0,0,0,0,0,0,0,1,0,0,0,0.0,0.0,1,"[""SEG-VIP"", ""SEG-ALTA-RENDA"", ""SEG-CREDITO-ATIVO"", ""SEG-SEM-CARTAO"", ""SEG-INVESTIDOR-INICIANTE"", ""SEG-POUPADOR"", ""SEG-CONTRIBUINTE-IR"", ""SEG-PERFIL-FAMILIAR""]",0
295284,2023-01-28,N,BR,F,48,2008-11-13,0.0,170,1.0,,1.0,I,S,N,,KAT,N,RS,0.0,36061.16,02 - VAREJO,0,0,1,0,0,0,0,1,0,0,0,0,0,0,0,0,0,0,0,0,0,0.0,0.0,0,"[""SEG-POUPADOR"", ""SEG-VIAJANTE-EVENTO""]",1
532561,2022-04-28,N,BR,M,47,2012-06-29,0.0,121,1.0,,1.0,A,S,N,,KAT,N,SP,1.0,227220.65,02 - VAREJO,0,0,0,0,0,0,0,0,0,0,0,0,0,0,1,0,0,0,0,0,0,0.0,0.0,0,"[""SEG-ALTA-RENDA"", ""SEG-CREDITO-ATIVO"", ""SEG-SEM-CARTAO"", ""SEG-INVESTIDOR-INICIANTE"", ""SEG-POUPADOR"", ""SEG-CONTRIBUINTE-IR"", ""SEG-PERFIL-FAMILIAR"", ""SEG-PROPRIETARIO""]",0
306025,2022-11-28,N,BR,F,51,2008-12-10,0.0,167,1.0,,1.0,A,S,N,,KFC,N,RJ,1.0,57073.4,01 - ALTA RENDA,0,0,1,0,0,0,0,0,0,0,0,0,1,1,0,0,0,0,0,1,0,0.0,0.0,0,"[""SEG-VIP"", ""SEG-CREDITO-ATIVO"", ""SEG-SEM-CARTAO"", ""SEG-POUPADOR"", ""SEG-CONTRIBUINTE-IR"", ""SEG-PERFIL-FAMILIAR""]",0
563838,2022-05-28,N,BR,M,57,2012-10-08,0.0,117,1.0,,1.0,I,S,N,,KAT,N,SP,0.0,200013.07,02 - VAREJO,0,0,1,0,0,0,0,1,0,0,0,0,0,0,0,0,0,0,0,0,0,0.0,0.0,0,"[""SEG-SENIOR"", ""SEG-POUPADOR"", ""SEG-CONTRIBUINTE-IR""]",0
95123,2023-04-28,N,BR,F,54,2005-05-11,0.0,215,1.0,,1.0,A,S,N,,KAT,N,MA,1.0,8388.3,01 - ALTA RENDA,0,0,0,0,1,0,0,0,0,0,0,0,0,0,1,0,0,0,1,1,0,1.0,1.0,1,"[""SEG-VIP"", ""SEG-INVESTIDOR-INICIANTE"", ""SEG-PERFIL-FAMILIAR"", ""SEG-PROPRIETARIO""]",0
89755,2023-05-28,N,BR,F,72,2006-03-16,0.0,206,1.0,,1.0,A,S,N,,KAT,N,SP,1.0,226957.05,02 - VAREJO,0,0,1,0,0,0,0,1,0,0,0,0,0,0,0,0,0,0,0,0,0,0.0,0.0,1,"[""SEG-SENIOR"", ""SEG-CREDITO-ATIVO"", ""SEG-SEM-CARTAO"", ""SEG-INVESTIDOR-INICIANTE"", ""SEG-POUPADOR"", ""SEG-VIAJANTE-EVENTO""]",1
1200445,2023-01-28,N,BR,M,21,2020-10-15,0.0,27,1.0,,1.0,I,S,N,,KHE,N,ES,0.0,29535.64,03 - UNIVERSITARIO,0,0,1,0,0,0,0,0,0,0,0,0,0,0,0,0,0,0,0,0,0,0.0,0.0,0,"[""SEG-JOVEM"", ""SEG-VIAJANTE-EVENTO""]",1
1139807,2023-04-28,N,BR,F,22,2020-07-05,0.0,33,1.0,,1,I,S,N,,KHE,N,MG,0.0,16526.98,03 - UNIVERSITARIO,0,0,1,0,0,0,0,0,0,0,0,0,0,0,0,0,0,0,0,0,0,0.0,0.0,0,"[""SEG-JOVEM"", ""SEG-VIAJANTE-EVENTO""]",1
975221,2022-12-28,N,BR,M,27,2018-11-08,0.0,49,1.0,,1.0,I,S,N,,KHE,N,MS,0.0,92567.28,03 - UNIVERSITARIO,0,0,1,0,0,0,0,0,0,0,0,0,0,0,0,0,0,0,0,0,0,0.0,0.0,0,"[""SEG-JOVEM"", ""SEG-ALTA-RENDA"", ""SEG-POUPADOR""]",0
1138945,2022-10-28,N,BR,M,41,2020-07-01,0.0,27,1.0,,1,A,S,N,,KFC,N,SP,1.0,47104.57,02 - VAREJO,0,0,1,0,0,0,0,0,0,0,0,0,1,0,0,0,0,0,0,0,0,0.0,0.0,0,"[""SEG-CREDITO-ATIVO"", ""SEG-SEM-CARTAO"", ""SEG-INVESTIDOR-INICIANTE"", ""SEG-POUPADOR"", ""SEG-CONTRIBUINTE-IR"", ""SEG-PERFIL-FAMILIAR""]",0
1104936,2023-04-28,N,BR,F,26,2019-11-23,0.0,41,1.0,,1.0,A,S,N,,KHE,N,PR,1.0,26330.73,03 - UNIVERSITARIO,0,0,1,0,0,0,0,0,0,0,0,0,0,0,0,0,0,0,0,0,0,0.0,0.0,0,"[""SEG-JOVEM"", ""SEG-SEM-CARTAO"", ""SEG-INVESTIDOR-INICIANTE"", ""SEG-PERFIL-FAMILIAR""]",0
72162,2022-10-28,N,BR,F,51,2004-09-22,0.0,217,1.0,,1.0,A,S,N,,KAT,N,SP,0.0,188613.39,02 - VAREJO,0,0,1,0,0,0,0,1,0,0,0,0,0,0,0,0,0,0,0,0,0,0.0,0.0,0,"[""SEG-ALTA-RENDA"", ""SEG-POUPADOR"", ""SEG-CONTRIBUINTE-IR""]",0
148968,2023-05-28,N,BR,F,47,2006-11-11,0.0,198,1.0,,1.0,A,S,S,,KFC,N,MG,1.0,40007.37,02 - VAREJO,0,0,1,0,0,0,0,0,0,0,0,0,0,1,0,0,0,0,0,0,0,0.0,0.0,0,"[""SEG-CREDITO-ATIVO"", ""SEG-SEM-CARTAO"", ""SEG-POUPADOR"", ""SEG-INVESTIDOR-EXPERIENTE"", ""SEG-PERFIL-FAMILIAR""]",0
996703,2022-07-28,N,BR,F,33,2018-12-18,0.0,43,1.0,,1.0,I,S,N,,KHE,N,PE,0.0,81174.7,03 - UNIVERSITARIO,0,0,1,0,0,0,0,0,0,0,0,0,0,0,0,0,0,0,0,0,0,0.0,0.0,0,"[""SEG-ALTA-RENDA"", ""SEG-POUPADOR"", ""SEG-CONTRIBUINTE-IR""]",0
358268,2022-10-28,N,BR,F,45,2009-05-09,0.0,161,1.0,,1.0,A,S,N,,KFC,N,SP,0.0,251017.18,02 - VAREJO,0,0,0,0,0,0,0,1,0,0,0,0,0,0,0,0,0,0,0,0,0,0.0,0.0,0,"[""SEG-ALTA-RENDA"", ""SEG-POUPADOR"", ""SEG-CONTRIBUINTE-IR""]",0
496621,2022-12-28,N,BR,M,31,2011-10-18,0.0,134,1.0,,1.0,A,S,N,,KFC,N,SP,1.0,46476.91,02 - VAREJO,0,0,0,0,1,0,0,0,0,0,0,0,1,0,0,0,0,0,0,0,0,1.0,1.0,1,"[""SEG-CREDITO-ATIVO"", ""SEG-SEM-CARTAO"", ""SEG-INVESTIDOR-INICIANTE"", ""SEG-POUPADOR"", ""SEG-CONTRIBUINTE-IR"", ""SEG-PERFIL-FAMILIAR""]",0
136206,2023-01-28,N,BR,M,44,2006-06-24,0.0,199,1.0,,1.0,A,S,N,,KAT,N,RJ,1.0,43478.72,02 - VAREJO,0,0,0,0,1,0,0,1,0,0,0,1,1,0,1,0,0,0,0,0,0,1.0,1.0,1,"[""SEG-CREDITO-ATIVO"", ""SEG-SEM-CARTAO"", ""SEG-INVESTIDOR-INICIANTE"", ""SEG-POUPADOR"", ""SEG-PERFIL-FAMILIAR"", ""SEG-PROPRIETARIO""]",0
286584,2022-06-28,N,BR,M,92,2008-10-26,0.0,165,1.0,,1.0,A,S,N,,KCG,N,SP,1.0,60900.6,02 - VAREJO,0,0,1,0,0,0,0,1,0,0,0,0,0,0,0,0,0,0,0,0,0,0.0,0.0,0,"[""SEG-SENIOR"", ""SEG-CREDITO-ATIVO"", ""SEG-SEM-CARTAO"", ""SEG-INVESTIDOR-INICIANTE"", ""SEG-POUPADOR""]",0
166394,2023-03-28,N,BR,M,54,2013-11-24,0.0,192,1.0,,1.0,I,S,N,,KFC,N,GO,0.0,107882.0,02 - VAREJO,0,0,1,0,0,0,0,0,1,0,0,0,0,0,0,0,0,0,0,0,0,0.0,0.0,0,"[""SEG-ALTA-RENDA"", ""SEG-POUPADOR"", ""SEG-CONTRIBUINTE-IR""]",0
697769,2023-04-28,N,BR,F,62,2014-06-18,0.0,106,1.0,,1.0,I,S,N,,KFC,N,MG,0.0,105391.82,02 - VAREJO,0,0,0,0,0,0,0,0,0,0,0,0,0,0,0,0,0,0,0,0,0,0.0,0.0,0,"[""SEG-SENIOR"", ""SEG-POUPADOR"", ""SEG-VIAJANTE-EVENTO""]",1
1375881,2023-02-28,N,BR,M,33,2022-01-13,0.0,20,1.0,,1.0,A,S,N,,RED,N,SP,1.0,89711.08,03 - UNIVERSITARIO,0,0,0,0,1,0,0,0,0,0,0,0,0,0,0,0,0,0,0,0,0,0.0,0.0,1,"[""SEG-ALTA-RENDA"", ""SEG-CREDITO-ATIVO"", ""SEG-SEM-CARTAO"", ""SEG-INVESTIDOR-INICIANTE"", ""SEG-POUPADOR"", ""SEG-CONTRIBUINTE-IR"", ""SEG-PERFIL-FAMILIAR""]",0
877476,2022-09-28,N,BR,F,63,2017-05-07,0.0,64,1.0,,1.0,I,S,N,,KFC,N,MG,0.0,30316.2,02 - VAREJO,0,0,0,0,0,0,0,0,0,0,0,0,0,0,0,0,0,0,0,0,0,0.0,0.0,0,"[""SEG-SENIOR"", ""SEG-VIAJANTE-EVENTO""]",1
90463,2023-02-28,N,BR,M,45,2005-03-24,0.0,215,1.0,,1.0,I,S,N,,KAT,N,SP,0.0,304710.58,02 - VAREJO,0,0,1,0,0,0,0,0,0,0,0,0,0,0,0,0,0,0,0,0,0,0.0,0.0,0,"[""SEG-ALTA-RENDA"", ""SEG-POUPADOR"", ""SEG-CONTRIBUINTE-IR""]",0
179284,2022-11-28,N,BR,F,48,2007-06-20,0.0,185,1.0,,1.0,A,S,N,,KAT,N,SP,1.0,39249.3,01 - ALTA RENDA,0,0,1,0,0,0,0,1,0,0,0,0,0,0,0,0,0,0,0,1,0,0.0,0.0,1,"[""SEG-VIP"", ""SEG-CREDITO-ATIVO"", ""SEG-SEM-CARTAO"", ""SEG-INVESTIDOR-INICIANTE"", ""SEG-POUPADOR"", ""SEG-PERFIL-FAMILIAR""]",0
1237752,2023-02-28,N,BR,F,59,2021-01-13,0.0,25,1.0,,1,A,S,N,,KFC,N,BA,1.0,24432.48,02 - VAREJO,0,0,1,0,0,0,0,0,0,0,0,0,0,0,0,0,0,0,0,0,0,0.0,0.0,0,"[""SEG-SENIOR"", ""SEG-SEM-CARTAO"", ""SEG-INVESTIDOR-INICIANTE"", ""SEG-PERFIL-FAMILIAR"", ""SEG-VIAJANTE-EVENTO""]",1
1097526,2022-10-28,N,BR,M,29,2019-11-08,0.0,35,1.0,,1.0,I,S,N,,KHE,N,AC,0.0,7828.53,03 - UNIVERSITARIO,0,0,1,0,0,0,0,0,0,0,0,0,0,0,0,0,0,0,0,0,0,0.0,0.0,0,"[""SEG-JOVEM"", ""SEG-VIAJANTE-EVENTO""]",1
1075654,2023-05-28,N,BR,F,39,2019-10-05,0.0,43,1.0,,1.0,A,S,N,,KHE,N,PE,1.0,46858.8,02 - VAREJO,0,0,1,0,0,0,0,0,0,0,0,0,0,0,0,0,0,0,0,0,0,0.0,0.0,0,"[""SEG-CREDITO-ATIVO"", ""SEG-SEM-CARTAO"", ""SEG-INVESTIDOR-INICIANTE"", ""SEG-POUPADOR"", ""SEG-CONTRIBUINTE-IR"", ""SEG-PERFIL-FAMILIAR""]",0
582555,2023-03-28,N,BR,M,40,2012-11-28,0.0,124,1.0,,1.0,A,S,N,,KFA,N,SP,1.0,68402.61,01 - ALTA RENDA,0,0,1,0,0,0,0,1,0,0,0,1,0,1,0,0,0,0,0,0,0,0.0,0.0,0,"[""SEG-VIP"", ""SEG-ALTA-RENDA"", ""SEG-CREDITO-ATIVO"", ""SEG-SEM-CARTAO"", ""SEG-POUPADOR"", ""SEG-CONTRIBUINTE-IR"", ""SEG-INVESTIDOR-EXPERIENTE"", ""SEG-PERFIL-FAMILIAR""]",0
93692,2023-05-28,N,BR,F,55,2005-04-23,0.0,217,1.0,,1.0,A,S,N,,KFC,N,SP,1.0,187376.19,01 - ALTA RENDA,0,0,1,0,0,0,0,0,0,0,0,1,0,1,0,1,0,0,0,0,0,0.0,0.0,1,"[""SEG-VIP"", ""SEG-SENIOR"", ""SEG-ALTA-RENDA"", ""SEG-CREDITO-ATIVO"", ""SEG-SEM-CARTAO"", ""SEG-POUPADOR"", ""SEG-INVESTIDOR-EXPERIENTE"", ""SEG-PERFIL-FAMILIAR""]",0
470627,2023-04-28,N,BR,F,47,2011-05-28,0.0,143,1.0,,1.0,A,S,N,,KAT,N,SP,0.0,126956.32,02 - VAREJO,0,0,0,0,0,0,0,0,0,0,0,0,0,0,0,0,0,0,0,0,0,0.0,0.0,0,"[""SEG-ALTA-RENDA"", ""SEG-POUPADOR"", ""SEG-CONTRIBUINTE-IR""]",0
1176327,2022-11-28,N,BR,M,23,2020-09-16,0.0,26,1.0,,1.0,A,S,N,,KHE,N,MG,1.0,31978.97,03 - UNIVERSITARIO,0,0,1,0,0,0,0,0,0,0,0,0,0,0,0,0,0,0,0,0,0,0.0,0.0,0,"[""SEG-JOVEM"", ""SEG-SEM-CARTAO"", ""SEG-INVESTIDOR-INICIANTE""]",0
970047,2022-11-28,N,BR,F,53,2018-10-27,0.0,49,1.0,,1.0,A,S,N,,KFC,N,AM,1.0,36914.29,02 - VAREJO,0,0,1,0,0,0,0,0,0,0,0,0,1,0,0,1,0,0,0,0,0,0.0,0.0,0,"[""SEG-CREDITO-ATIVO"", ""SEG-SEM-CARTAO"", ""SEG-INVESTIDOR-INICIANTE"", ""SEG-POUPADOR"", ""SEG-PERFIL-FAMILIAR""]",0
554522,2022-01-28,N,BR,F,50,2012-09-06,0.0,118,1.0,,1.0,A,S,N,,KFC,N,PR,1.0,35229.95,02 - VAREJO,0,0,1,0,0,0,0,0,0,0,0,0,0,0,0,0,0,0,0,0,0,0.0,0.0,0,"[""SEG-CREDITO-ATIVO"", ""SEG-SEM-CARTAO"", ""SEG-INVESTIDOR-INICIANTE"", ""SEG-POUPADOR"", ""SEG-PERFIL-FAMILIAR""]",0
497019,2023-04-28,N,BR,F,46,2011-12-28,0.0,136,1.0,,1.0,A,S,N,,KBZ,N,SP,1.0,134440.66,02 - VAREJO,0,0,1,0,0,0,0,1,0,0,0,0,0,0,1,0,0,0,0,0,0,0.0,0.0,1,"[""SEG-ALTA-RENDA"", ""SEG-CREDITO-ATIVO"", ""SEG-SEM-CARTAO"", ""SEG-INVESTIDOR-INICIANTE"", ""SEG-POUPADOR"", ""SEG-CONTRIBUINTE-IR"", ""SEG-PERFIL-FAMILIAR"", ""SEG-PROPRIETARIO""]",0
401359,2022-09-28,N,BR,F,42,2010-01-14,0.0,152,1.0,,1.0,A,S,N,,KAT,N,SP,1.0,227742.48,02 - VAREJO,0,0,0,0,1,0,0,0,1,0,0,0,0,0,0,0,0,0,0,0,0,1.0,1.0,1,"[""SEG-ALTA-RENDA"", ""SEG-CREDITO-ATIVO"", ""SEG-SEM-CARTAO"", ""SEG-INVESTIDOR-INICIANTE"", ""SEG-POUPADOR"", ""SEG-CONTRIBUINTE-IR"", ""SEG-PERFIL-FAMILIAR""]",0
723297,2022-07-28,N,BR,F,52,2014-10-04,0.0,93,1.0,,1.0,A,S,N,,KFC,N,RJ,1.0,8565.11,02 - VAREJO,0,0,1,0,0,0,0,0,0,0,0,0,0,0,0,0,0,0,0,0,0,0.0,0.0,0,"[""SEG-SEM-CARTAO"", ""SEG-INVESTIDOR-INICIANTE"", ""SEG-PERFIL-FAMILIAR""]",0
206733,2022-04-28,N,BR,F,42,2008-01-25,0.0,174,1.0,,1.0,A,S,N,,KAT,N,PA,1.0,15012.64,02 - VAREJO,0,0,0,0,0,0,0,0,0,0,0,0,0,0,1,0,0,0,0,0,0,1.0,1.0,1,"[""SEG-SEM-CARTAO"", ""SEG-INVESTIDOR-INICIANTE"", ""SEG-PERFIL-FAMILIAR"", ""SEG-PROPRIETARIO""]",0
543728,2023-05-28,N,BR,F,30,2012-07-27,0.0,130,1.0,,1.0,A,S,N,,KFA,N,SP,1.0,10231.37,02 - VAREJO,0,0,1,0,0,0,0,0,0,0,0,0,1,0,0,0,0,0,0,0,0,0.0,0.0,1,"[""SEG-SEM-CARTAO"", ""SEG-INVESTIDOR-INICIANTE"", ""SEG-PERFIL-FAMILIAR""]",0
1324482,2022-12-28,N,BR,M,24,2021-10-03,0.0,14,1.0,,1,I,S,N,,KHE,N,PE,0.0,20431.41,03 - UNIVERSITARIO,0,0,1,0,0,0,0,0,0,0,0,0,0,0,0,0,0,0,0,0,0,0.0,0.0,0,"[""SEG-JOVEM"", ""SEG-VIAJANTE-EVENTO""]",1
1326169,2023-01-28,N,BR,M,20,2021-10-06,0.0,15,1.0,,1.0,I,S,N,,KHE,N,RS,0.0,139445.01,03 - UNIVERSITARIO,0,0,1,0,0,0,0,0,0,0,0,0,0,0,0,0,0,0,0,0,0,0.0,0.0,0,"[""SEG-JOVEM"", ""SEG-POUPADOR"", ""SEG-VIAJANTE-EVENTO""]",1
1186182,2023-05-28,N,BR,F,25,2020-09-30,0.0,32,1.0,,1.0,A,S,N,,KHE,N,BA,1.0,89781.72,03 - UNIVERSITARIO,0,0,0,0,1,0,0,0,0,0,0,0,0,0,0,0,0,0,0,0,0,0.0,0.0,1,"[""SEG-JOVEM"", ""SEG-ALTA-RENDA"", ""SEG-CREDITO-ATIVO"", ""SEG-SEM-CARTAO"", ""SEG-INVESTIDOR-INICIANTE"", ""SEG-POUPADOR"", ""SEG-PERFIL-FAMILIAR""]",0
975084,2023-05-28,N,BR,F,25,2018-11-08,0.0,54,1.0,,1.0,I,S,N,,KHE,N,SP,0.0,67059.27,03 - UNIVERSITARIO,0,0,1,0,0,0,0,0,0,0,0,0,0,0,0,0,0,0,0,0,0,0.0,0.0,0,"[""SEG-JOVEM"", ""SEG-ALTA-RENDA"", ""SEG-POUPADOR""]",0
859053,2023-04-28,N,BR,M,74,2016-12-07,0.0,64,1.0,,1.0,A,S,S,,KCC,N,SP,1.0,55824.86,02 - VAREJO,0,0,1,0,0,0,1,0,0,0,0,0,0,0,0,0,0,0,0,0,0,0.0,0.0,0,"[""SEG-SENIOR"", ""SEG-CREDITO-ATIVO"", ""SEG-SEM-CARTAO"", ""SEG-INVESTIDOR-INICIANTE"", ""SEG-POUPADOR""]",0
411051,2022-07-28,N,BR,F,42,2010-03-13,0.0,148,1.0,,1.0,I,S,N,,KFC,N,MG,0.0,168794.86,02 - VAREJO,0,0,0,0,0,0,0,0,0,0,0,0,0,0,0,0,0,0,0,0,0,0.0,0.0,0,"[""SEG-ALTA-RENDA"", ""SEG-POUPADOR"", ""SEG-CONTRIBUINTE-IR""]",0
66297,2023-05-28,N,BR,F,65,2004-06-18,0.0,227,1.0,,1.0,A,S,N,,KAT,N,SP,1.0,328635.38,02 - VAREJO,0,0,1,0,0,0,0,0,0,0,0,0,0,0,0,0,0,0,0,0,0,0.0,0.0,0,"[""SEG-SENIOR"", ""SEG-CREDITO-ATIVO"", ""SEG-SEM-CARTAO"", ""SEG-INVESTIDOR-INICIANTE"", ""SEG-POUPADOR"", ""SEG-VIAJANTE-EVENTO""]",1
1494193,2023-01-28,N,BR,F,24,2022-10-29,1.0,3,1.0,,1.0,I,S,N,,KHQ,N,SP,0.0,71530.99,03 - UNIVERSITARIO,0,0,0,0,0,0,0,0,0,0,0,0,0,0,0,0,0,0,0,0,0,0.0,0.0,0,"[""SEG-JOVEM"", ""SEG-POUPADOR""]",0
126451,2022-06-28,N,BR,F,76,2006-03-25,0.0,196,1.0,,1.0,A,S,N,,KAT,N,SP,1.0,301851.44,02 - VAREJO,0,0,0,0,1,0,0,0,0,0,0,0,0,0,0,0,0,1,0,0,0,1.0,1.0,1,"[""SEG-SENIOR"", ""SEG-CREDITO-ATIVO"", ""SEG-SEM-CARTAO"", ""SEG-INVESTIDOR-INICIANTE"", ""SEG-POUPADOR""]",0
1284403,2022-12-28,N,BR,F,20,2021-07-30,0.0,17,1.0,,1.0,I,S,N,,KHE,N,MG,0.0,8877.81,03 - UNIVERSITARIO,0,0,1,0,0,0,0,0,0,0,0,0,0,0,0,0,0,0,0,0,0,0.0,0.0,0,"[""SEG-JOVEM""]",0
571875,2023-05-28,N,BR,F,51,2012-10-23,0.0,127,1.0,,1,I,S,N,,KFC,N,RJ,0.0,92440.79,02 - VAREJO,0,0,0,0,0,0,0,1,0,0,0,0,0,0,0,0,0,0,0,0,0,0.0,0.0,0,"[""SEG-ALTA-RENDA"", ""SEG-POUPADOR"", ""SEG-CONTRIBUINTE-IR""]",0
1279890,2023-01-28,N,BR,F,19,2021-07-28,0.0,18,1.0,,1.0,A,S,N,,KHE,N,SP,1.0,30740.86,03 - UNIVERSITARIO,0,0,1,0,0,0,0,0,0,0,0,0,0,0,0,0,0,0,0,0,0,0.0,0.0,0,"[""SEG-JOVEM"", ""SEG-SEM-CARTAO"", ""SEG-INVESTIDOR-INICIANTE""]",0
1385064,2023-04-28,N,BR,F,36,2022-02-27,0.0,25,1.0,,1.0,I,S,N,,RED,N,RJ,0.0,86804.64,02 - VAREJO,0,0,1,0,0,0,0,0,0,0,0,0,0,0,0,0,0,0,0,0,0,0.0,0.0,0,"[""SEG-ALTA-RENDA"", ""SEG-POUPADOR"", ""SEG-CONTRIBUINTE-IR""]",0
340884,2023-03-28,N,BR,F,61,2009-03-11,0.0,168,1.0,,1.0,A,S,N,,KAT,N,SP,1.0,72848.59,02 - VAREJO,0,0,1,0,0,0,0,1,0,0,0,0,0,0,1,0,0,0,0,0,0,0.0,0.0,0,"[""SEG-SENIOR"", ""SEG-CREDITO-ATIVO"", ""SEG-SEM-CARTAO"", ""SEG-INVESTIDOR-INICIANTE"", ""SEG-POUPADOR"", ""SEG-PROPRIETARIO""]",0
441534,2023-01-28,N,BR,M,48,2010-10-24,0.0,147,1.0,,1.0,A,S,N,,KFC,N,SP,1.0,99668.6,02 - VAREJO,0,0,1,0,0,0,0,1,0,0,0,1,0,1,0,0,0,0,0,0,0,0.0,0.0,0,"[""SEG-ALTA-RENDA"", ""SEG-CREDITO-ATIVO"", ""SEG-SEM-CARTAO"", ""SEG-POUPADOR"", ""SEG-CONTRIBUINTE-IR"", ""SEG-INVESTIDOR-EXPERIENTE"", ""SEG-PERFIL-FAMILIAR""]",0
1030878,2022-07-28,N,BR,M,21,2019-07-25,0.0,36,1.0,,1.0,A,S,S,,KHE,N,RJ,1.0,60167.33,03 - UNIVERSITARIO,0,0,1,0,0,0,0,0,0,0,0,0,0,0,0,0,0,0,0,0,0,0.0,0.0,0,"[""SEG-JOVEM"", ""SEG-CREDITO-ATIVO"", ""SEG-SEM-CARTAO"", ""SEG-INVESTIDOR-INICIANTE"", ""SEG-POUPADOR""]",0
160336,2022-10-28,N,BR,F,47,2007-02-11,0.0,188,1.0,,1.0,A,S,N,,KAY,N,RJ,1.0,83783.01,02 - VAREJO,0,0,1,0,0,0,0,0,0,0,0,0,0,1,0,0,0,0,0,0,0,0.0,0.0,0,"[""SEG-ALTA-RENDA"", ""SEG-CREDITO-ATIVO"", ""SEG-SEM-CARTAO"", ""SEG-POUPADOR"", ""SEG-CONTRIBUINTE-IR"", ""SEG-INVESTIDOR-EXPERIENTE"", ""SEG-PERFIL-FAMILIAR""]",0
948074,2023-05-28,N,BR,M,26,2018-09-22,0.0,56,1.0,,1.0,I,S,N,,KHE,N,MG,0.0,21686.61,03 - UNIVERSITARIO,0,0,1,0,0,0,0,0,0,0,0,0,0,0,0,0,0,0,0,0,0,0.0,0.0,0,"[""SEG-JOVEM""]",0
244616,2022-11-28,N,BR,F,55,2008-06-28,0.0,173,1.0,,1.0,A,S,N,,KAT,N,ES,1.0,48607.34,01 - ALTA RENDA,0,0,1,0,0,0,0,0,0,0,0,1,1,0,1,0,0,0,1,0,0,0.0,0.0,1,"[""SEG-VIP"", ""SEG-SENIOR"", ""SEG-CREDITO-ATIVO"", ""SEG-INVESTIDOR-INICIANTE"", ""SEG-POUPADOR"", ""SEG-CONTRIBUINTE-IR"", ""SEG-PERFIL-FAMILIAR"", ""SEG-PROPRIETARIO""]",0
930322,2023-04-28,N,BR,F,35,2018-08-08,0.0,56,1.0,,1.0,A,S,N,,KFC,N,SP,1.0,106961.14,03 - UNIVERSITARIO,0,0,1,0,0,0,1,0,0,0,0,0,0,0,0,0,0,0,0,0,0,1.0,1.0,1,"[""SEG-ALTA-RENDA"", ""SEG-CREDITO-ATIVO"", ""SEG-SEM-CARTAO"", ""SEG-INVESTIDOR-INICIANTE"", ""SEG-POUPADOR"", ""SEG-CONTRIBUINTE-IR"", ""SEG-PERFIL-FAMILIAR""]",0
1398669,2022-05-28,N,BR,M,46,2022-05-25,1.0,2,1.0,,1.0,A,S,N,,KHM,N,SP,1.0,106563.5,02 - VAREJO,0,0,1,0,0,0,0,0,0,0,0,0,0,0,0,0,0,0,0,0,0,0.0,0.0,0,"[""SEG-ALTA-RENDA"", ""SEG-INVESTIDOR-INICIANTE"", ""SEG-POUPADOR"", ""SEG-CONTRIBUINTE-IR"", ""SEG-PERFIL-FAMILIAR""]",0
1472348,2022-10-28,N,BR,M,21,2022-10-07,1.0,0,1.0,,,,S,N,,,N,SP,0.0,59921.43,,0,0,0,0,0,0,0,0,0,0,0,0,0,0,0,0,0,0,0,0,0,0.0,0.0,0,"[""SEG-JOVEM"", ""SEG-POUPADOR""]",0
757492,2023-05-28,N,BR,M,47,2015-04-01,0.0,98,1.0,,1.0,I,S,N,,KFA,N,PR,0.0,106953.26,02 - VAREJO,0,0,1,0,0,0,0,0,0,0,0,0,0,0,0,0,0,0,0,0,0,0.0,0.0,0,"[""SEG-ALTA-RENDA"", ""SEG-POUPADOR"", ""SEG-CONTRIBUINTE-IR"", ""SEG-VIAJANTE-EVENTO""]",1
98926,2022-03-28,N,BR,F,59,2005-07-01,0.0,205,1.0,,1.0,A,S,N,,KAT,N,MG,1.0,51932.45,02 - VAREJO,0,0,0,0,1,0,0,1,1,0,0,0,0,0,0,0,0,0,1,0,0,1.0,1.0,1,"[""SEG-SENIOR"", ""SEG-CREDITO-ATIVO"", ""SEG-INVESTIDOR-INICIANTE"", ""SEG-POUPADOR"", ""SEG-CONTRIBUINTE-IR"", ""SEG-PERFIL-FAMILIAR""]",0
579445,2023-05-28,N,BR,M,61,2012-11-14,0.0,126,1.0,,1.0,A,S,S,,KFA,N,SP,1.0,203201.26,01 - ALTA RENDA,0,0,1,0,0,0,0,0,0,0,0,1,0,0,0,0,0,0,0,0,0,0.0,0.0,0,"[""SEG-VIP"", ""SEG-SENIOR"", ""SEG-CREDITO-ATIVO"", ""SEG-SEM-CARTAO"", ""SEG-INVESTIDOR-INICIANTE"", ""SEG-POUPADOR""]",0
1208369,2023-03-28,N,BR,F,38,2020-10-25,0.0,29,1.0,,1.0,A,S,N,,KFC,N,SP,1.0,502860.23,02 - VAREJO,0,0,0,0,0,0,0,0,0,0,0,1,0,0,0,0,0,0,0,0,0,0.0,0.0,0,"[""SEG-ALTA-RENDA"", ""SEG-CREDITO-ATIVO"", ""SEG-SEM-CARTAO"", ""SEG-INVESTIDOR-INICIANTE"", ""SEG-POUPADOR"", ""SEG-CONTRIBUINTE-IR"", ""SEG-PERFIL-FAMILIAR""]",0
67397,2023-01-28,N,BR,F,75,2004-07-02,0.0,223,1.0,,1,A,S,N,,KAT,N,SC,0.0,27506.98,02 - VAREJO,0,0,1,0,0,0,0,0,0,0,0,0,0,0,0,0,0,0,0,0,0,0.0,0.0,0,"[""SEG-SENIOR""]",0
126863,2023-01-28,N,BR,F,56,2006-04-20,0.0,201,1.0,,1.0,A,S,N,,KAT,N,RJ,1.0,53645.93,02 - VAREJO,0,0,1,0,0,0,0,0,0,0,0,0,0,0,1,0,0,0,0,0,0,0.0,0.0,1,"[""SEG-SENIOR"", ""SEG-CREDITO-ATIVO"", ""SEG-SEM-CARTAO"", ""SEG-INVESTIDOR-INICIANTE"", ""SEG-POUPADOR"", ""SEG-CONTRIBUINTE-IR"", ""SEG-PERFIL-FAMILIAR"", ""SEG-PROPRIETARIO"", ""SEG-VIAJANTE-EVENTO""]",1
256930,2023-04-28,N,BR,M,57,2008-06-27,0.0,178,1.0,,1.0,I,S,N,,KAT,N,SP,1.0,152885.67,02 - VAREJO,0,0,1,0,0,0,0,0,0,0,0,0,0,0,0,0,0,0,0,0,0,0.0,0.0,0,"[""SEG-SENIOR"", ""SEG-CREDITO-ATIVO"", ""SEG-SEM-CARTAO"", ""SEG-INVESTIDOR-INICIANTE"", ""SEG-POUPADOR"", ""SEG-CONTRIBUINTE-IR"", ""SEG-PERFIL-FAMILIAR""]",0
722168,2022-03-28,N,BR,M,52,2014-10-01,0.0,94,1.0,,1.0,A,S,N,,KFC,N,RJ,1.0,37532.07,02 - VAREJO,0,0,1,0,0,0,0,0,0,0,0,0,0,0,0,0,0,0,0,0,0,0.0,0.0,0,"[""SEG-CREDITO-ATIVO"", ""SEG-SEM-CARTAO"", ""SEG-INVESTIDOR-INICIANTE"", ""SEG-POUPADOR"", ""SEG-PERFIL-FAMILIAR""]",0
884996,2022-09-28,N,BR,F,33,2017-06-30,0.0,63,1.0,,1.0,A,S,N,,KFC,N,SP,1.0,355902.33,02 - VAREJO,0,0,1,0,0,0,0,0,1,0,0,0,0,0,0,0,0,0,0,1,0,0.0,0.0,0,"[""SEG-ALTA-RENDA"", ""SEG-CREDITO-ATIVO"", ""SEG-SEM-CARTAO"", ""SEG-INVESTIDOR-INICIANTE"", ""SEG-POUPADOR"", ""SEG-CONTRIBUINTE-IR"", ""SEG-PERFIL-FAMILIAR"", ""SEG-VIAJANTE-EVENTO""]",1
979569,2023-05-28,N,BR,M,39,2018-11-15,0.0,54,1.0,,1.0,A,S,N,,KFC,N,SP,1.0,613164.14,01 - ALTA RENDA,0,0,1,0,0,0,0,0,0,0,0,1,1,0,0,0,0,0,0,1,0,0.0,0.0,0,"[""SEG-VIP"", ""SEG-ALTA-RENDA"", ""SEG-CREDITO-ATIVO"", ""SEG-SEM-CARTAO"", ""SEG-INVESTIDOR-INICIANTE"", ""SEG-POUPADOR"", ""SEG-CONTRIBUINTE-IR"", ""SEG-PERFIL-FAMILIAR""]",0
123233,2023-02-28,N,BR,M,50,2006-02-25,0.0,204,1.0,,1.0,I,S,N,,KAS,N,SP,0.0,204358.31,02 - VAREJO,0,0,0,0,0,0,0,0,0,0,0,0,0,0,0,0,0,0,0,0,0,0.0,0.0,0,"[""SEG-ALTA-RENDA"", ""SEG-POUPADOR"", ""SEG-CONTRIBUINTE-IR"", ""SEG-VIAJANTE-EVENTO""]",1
1390120,2023-01-28,N,BR,M,46,2022-03-30,0.0,10,1.0,,1.0,A,S,N,,KHK,N,RS,1.0,50008.66,02 - VAREJO,0,0,1,0,0,0,0,0,0,0,0,0,0,0,0,0,0,0,0,0,0,0.0,0.0,0,"[""SEG-CREDITO-ATIVO"", ""SEG-SEM-CARTAO"", ""SEG-INVESTIDOR-INICIANTE"", ""SEG-POUPADOR"", ""SEG-CONTRIBUINTE-IR"", ""SEG-PERFIL-FAMILIAR""]",0
438911,2023-03-28,N,BR,F,44,2010-10-10,0.0,149,1.0,,1.0,I,S,N,,KAT,N,RO,0.0,80518.25,02 - VAREJO,0,0,0,0,0,0,0,0,0,0,0,0,0,0,0,0,0,0,0,0,0,0.0,0.0,0,"[""SEG-ALTA-RENDA"", ""SEG-POUPADOR"", ""SEG-CONTRIBUINTE-IR"", ""SEG-VIAJANTE-EVENTO""]",1
158603,2023-03-28,N,BR,M,47,2007-02-01,0.0,194,1.0,,1,A,S,N,,KAT,N,SP,1.0,43698.45,02 - VAREJO,0,0,1,0,0,0,0,0,0,0,0,0,0,0,0,0,0,0,0,0,0,0.0,0.0,0,"[""SEG-CREDITO-ATIVO"", ""SEG-SEM-CARTAO"", ""SEG-INVESTIDOR-INICIANTE"", ""SEG-POUPADOR"", ""SEG-PERFIL-FAMILIAR""]",0
428269,2023-05-28,N,BR,M,32,2010-07-21,0.0,154,1.0,,1.0,A,S,N,,KAT,N,SP,1.0,136377.32,02 - VAREJO,0,0,1,0,0,0,0,1,0,0,0,0,0,0,0,0,0,0,0,0,0,0.0,0.0,0,"[""SEG-ALTA-RENDA"", ""SEG-CREDITO-ATIVO"", ""SEG-SEM-CARTAO"", ""SEG-INVESTIDOR-INICIANTE"", ""SEG-POUPADOR"", ""SEG-CONTRIBUINTE-IR"", ""SEG-PERFIL-FAMILIAR""]",0
403943,2022-12-28,N,BR,M,41,2010-01-28,0.0,155,1.0,,1.0,A,S,N,,KFC,N,RS,1.0,11324.79,01 - ALTA RENDA,0,0,0,0,1,0,0,1,1,0,0,1,0,0,1,0,0,0,0,0,0,1.0,1.0,1,"[""SEG-VIP"", ""SEG-SEM-CARTAO"", ""SEG-INVESTIDOR-INICIANTE"", ""SEG-PERFIL-FAMILIAR"", ""SEG-PROPRIETARIO""]",0
1101863,2023-01-28,N,BR,F,25,2019-11-16,0.0,38,1.0,,1,I,S,N,,KHE,N,MG,1.0,39327.78,03 - UNIVERSITARIO,0,0,1,0,0,0,0,0,0,0,0,0,0,0,0,0,0,0,0,0,0,0.0,0.0,0,"[""SEG-JOVEM"", ""SEG-CREDITO-ATIVO"", ""SEG-SEM-CARTAO"", ""SEG-INVESTIDOR-INICIANTE"", ""SEG-POUPADOR"", ""SEG-PERFIL-FAMILIAR""]",0
281696,2023-04-28,N,BR,F,55,2008-10-11,0.0,174,1.0,,1.0,I,S,N,,KFC,N,RS,1.0,31604.72,02 - VAREJO,0,0,0,0,0,0,0,1,0,0,0,0,0,0,0,0,0,0,0,0,0,0.0,0.0,0,"[""SEG-SENIOR"", ""SEG-SEM-CARTAO"", ""SEG-INVESTIDOR-INICIANTE"", ""SEG-PERFIL-FAMILIAR""]",0
445250,2022-04-28,N,BR,M,41,2010-11-18,0.0,140,1.0,,1.0,I,S,N,,KBQ,N,SP,0.0,66328.28,02 - VAREJO,0,0,1,0,0,0,0,1,0,0,0,0,0,0,0,0,0,0,0,0,0,0.0,0.0,0,"[""SEG-ALTA-RENDA"", ""SEG-POUPADOR"", ""SEG-CONTRIBUINTE-IR"", ""SEG-VIAJANTE-EVENTO""]",1
916067,2023-05-28,N,BR,M,57,2018-06-22,0.0,59,1.0,,1,I,S,N,,KFC,N,SP,0.0,269155.11,02 - VAREJO,0,0,0,0,0,0,0,0,0,0,0,0,0,0,0,0,0,0,0,0,0,0.0,0.0,0,"[""SEG-SENIOR"", ""SEG-POUPADOR"", ""SEG-CONTRIBUINTE-IR""]",0
782502,2023-04-28,N,BR,M,90,2015-08-01,0.0,92,1.0,,1,A,S,S,,KAR,N,SP,1.0,227531.08,01 - ALTA RENDA,0,0,1,0,0,0,0,0,0,0,0,1,1,0,0,0,0,0,0,0,0,0.0,0.0,0,"[""SEG-VIP"", ""SEG-SENIOR"", ""SEG-CREDITO-ATIVO"", ""SEG-SEM-CARTAO"", ""SEG-INVESTIDOR-INICIANTE"", ""SEG-POUPADOR""]",0
127834,2023-02-28,N,BR,F,59,2007-08-07,0.0,186,1.0,,1.0,A,S,N,,KAT,N,RO,0.0,8436.42,02 - VAREJO,0,0,0,0,0,0,0,0,0,0,0,0,1,0,0,0,0,0,0,0,0,0.0,0.0,0,"[""SEG-SENIOR"", ""SEG-VIAJANTE-EVENTO""]",1
507571,2023-02-28,N,BR,F,63,2011-12-21,0.0,134,1.0,,1.0,A,S,N,,KAA,N,RJ,1.0,320728.65,02 - VAREJO,0,0,0,0,1,0,0,0,0,0,0,0,0,0,1,0,0,1,0,0,0,1.0,1.0,1,"[""SEG-SENIOR"", ""SEG-CREDITO-ATIVO"", ""SEG-SEM-CARTAO"", ""SEG-INVESTIDOR-INICIANTE"", ""SEG-POUPADOR"", ""SEG-PROPRIETARIO""]",0
377605,2022-06-28,N,BR,F,42,2009-12-21,0.0,151,1.0,,1.0,A,S,N,,KAT,N,SP,1.0,14517.46,02 - VAREJO,0,0,1,0,0,0,0,0,0,0,0,0,1,1,0,0,0,1,0,0,0,0.0,0.0,0,"[""SEG-SEM-CARTAO"", ""SEG-INVESTIDOR-EXPERIENTE"", ""SEG-PERFIL-FAMILIAR""]",0
1404098,2022-10-28,N,BR,M,27,2022-07-01,1.0,4,1.0,,1,A,S,N,,KHM,N,PE,1.0,27243.78,03 - UNIVERSITARIO,0,0,1,0,0,0,0,0,0,0,0,0,0,0,0,0,0,0,0,0,0,0.0,0.0,0,"[""SEG-JOVEM"", ""SEG-SEM-CARTAO"", ""SEG-INVESTIDOR-INICIANTE"", ""SEG-PERFIL-FAMILIAR"", ""SEG-VIAJANTE-EVENTO""]",1
464124,2023-02-28,N,BR,F,51,2011-03-15,0.0,143,1.0,,1.0,A,S,N,,KFC,N,SP,1.0,83366.53,02 - VAREJO,0,0,1,0,0,0,0,0,0,0,0,0,0,0,0,0,0,0,0,0,0,0.0,0.0,0,"[""SEG-ALTA-RENDA"", ""SEG-CREDITO-ATIVO"", ""SEG-SEM-CARTAO"", ""SEG-INVESTIDOR-INICIANTE"", ""SEG-POUPADOR"", ""SEG-CONTRIBUINTE-IR"", ""SEG-PERFIL-FAMILIAR""]",0
178006,2023-02-28,N,BR,F,49,2007-06-05,0.0,188,1.0,,1.0,A,S,N,,KAT,N,SP,1.0,90750.1,02 - VAREJO,0,0,0,0,1,0,0,0,0,0,0,0,0,0,1,0,0,1,0,0,0,0.0,0.0,1,"[""SEG-ALTA-RENDA"", ""SEG-CREDITO-ATIVO"", ""SEG-SEM-CARTAO"", ""SEG-INVESTIDOR-INICIANTE"", ""SEG-POUPADOR"", ""SEG-CONTRIBUINTE-IR"", ""SEG-PERFIL-FAMILIAR"", ""SEG-PROPRIETARIO""]",0
1365223,2023-01-28,N,BR,M,32,2021-12-03,0.0,13,1.0,,1,A,S,N,,KHK,N,RJ,1.0,25384.06,03 - UNIVERSITARIO,0,0,1,0,0,0,0,0,0,0,0,0,0,0,0,0,0,0,0,0,0,0.0,0.0,0,"[""SEG-SEM-CARTAO"", ""SEG-INVESTIDOR-INICIANTE"", ""SEG-PERFIL-FAMILIAR""]",0
1053999,2022-04-28,N,BR,F,20,2019-08-27,0.0,35,1.0,,1.0,A,S,N,,KHD,N,RS,1.0,31687.18,03 - UNIVERSITARIO,0,0,1,0,0,0,0,0,0,0,0,0,0,0,0,0,0,0,0,0,0,0.0,0.0,0,"[""SEG-JOVEM"", ""SEG-SEM-CARTAO"", ""SEG-INVESTIDOR-INICIANTE""]",0
1175522,2023-01-28,N,BR,M,30,2020-09-13,1.0,0,1.0,,1,I,S,N,,KHE,N,PI,0.0,118641.64,03 - UNIVERSITARIO,0,0,0,0,0,0,0,0,0,0,0,0,0,0,0,0,0,0,0,0,0,0.0,0.0,0,"[""SEG-ALTA-RENDA"", ""SEG-POUPADOR"", ""SEG-CONTRIBUINTE-IR""]",0
1514291,2023-04-28,N,BR,F,18,2022-12-07,1.0,4,1.0,,1,I,S,N,,KHQ,N,RJ,0.0,56306.02,03 - UNIVERSITARIO,0,0,0,0,0,0,0,0,0,0,0,0,0,0,0,0,0,0,0,0,0,0.0,0.0,0,"[""SEG-JOVEM"", ""SEG-POUPADOR"", ""SEG-VIAJANTE-EVENTO""]",1
46137,2023-01-28,N,BR,M,57,2005-01-23,0.0,232,1.0,,1.0,I,S,N,,KAT,N,SC,0.0,13637.4,02 - VAREJO,0,0,0,0,0,0,0,0,0,0,0,0,0,0,0,0,0,0,0,0,0,0.0,0.0,0,"[""SEG-SENIOR""]",0
974328,2023-02-28,N,BR,M,23,2018-11-07,0.0,51,1.0,,1.0,I,S,N,,KHE,N,RR,0.0,97956.36,03 - UNIVERSITARIO,0,0,1,0,0,0,0,0,0,0,0,0,0,0,0,0,0,0,0,0,0,0.0,0.0,0,"[""SEG-JOVEM"", ""SEG-POUPADOR"", ""SEG-VIAJANTE-EVENTO""]",1
865251,2023-05-28,N,BR,F,39,2017-02-15,0.0,75,1.0,,1.0,A,S,N,,KFC,N,SP,1.0,35494.4,02 - VAREJO,0,0,1,0,0,0,0,0,0,0,0,0,0,0,0,0,0,0,0,0,0,0.0,0.0,0,"[""SEG-CREDITO-ATIVO"", ""SEG-SEM-CARTAO"", ""SEG-INVESTIDOR-INICIANTE"", ""SEG-POUPADOR"", ""SEG-PERFIL-FAMILIAR""]",0
450670,2023-01-28,N,BR,F,56,2011-01-13,0.0,144,1.0,,1.0,A,S,N,,KAT,N,RJ,1.0,117305.54,02 - VAREJO,0,0,0,0,1,0,0,0,0,0,0,1,1,1,0,0,0,0,0,0,0,1.0,1.0,1,"[""SEG-SENIOR"", ""SEG-CREDITO-ATIVO"", ""SEG-SEM-CARTAO"", ""SEG-POUPADOR"", ""SEG-CONTRIBUINTE-IR"", ""SEG-INVESTIDOR-EXPERIENTE"", ""SEG-PERFIL-FAMILIAR""]",0
421927,2022-08-28,N,BR,M,52,2010-07-22,0.0,145,1.0,,1.0,A,S,N,,KAT,N,PA,1.0,10003.56,02 - VAREJO,0,0,1,0,0,0,0,0,0,0,0,0,0,0,1,0,0,0,0,0,0,0.0,0.0,1,"[""SEG-SEM-CARTAO"", ""SEG-INVESTIDOR-INICIANTE"", ""SEG-PERFIL-FAMILIAR"", ""SEG-PROPRIETARIO""]",0
106594,2022-12-28,N,BR,F,62,2005-10-01,0.0,207,1.0,,1.0,I,S,N,,KAT,N,PE,0.0,84635.45,02 - VAREJO,0,0,0,0,0,0,0,0,0,0,0,0,0,0,0,0,0,0,0,0,0,0.0,0.0,0,"[""SEG-SENIOR"", ""SEG-POUPADOR""]",0
924632,2023-01-28,N,BR,F,26,2018-07-30,0.0,54,1.0,,1.0,A,S,N,,KAT,N,BA,1.0,51221.57,03 - UNIVERSITARIO,0,0,1,0,0,0,0,0,0,0,0,0,0,0,0,0,0,0,0,0,0,0.0,0.0,0,"[""SEG-JOVEM"", ""SEG-CREDITO-ATIVO"", ""SEG-SEM-CARTAO"", ""SEG-INVESTIDOR-INICIANTE"", ""SEG-POUPADOR"", ""SEG-PERFIL-FAMILIAR""]",0
380119,2023-02-28,N,BR,M,67,2009-09-02,0.0,162,1.0,,1.0,A,S,N,,KFC,N,MG,1.0,7998.65,02 - VAREJO,0,0,1,0,0,0,0,1,0,0,0,1,0,0,0,0,0,0,0,0,0,0.0,0.0,0,"[""SEG-SENIOR"", ""SEG-SEM-CARTAO"", ""SEG-INVESTIDOR-INICIANTE""]",0
996884,2022-12-28,N,BR,M,25,2018-12-19,0.0,48,1.0,,1.0,I,S,N,,KHE,N,GO,0.0,49273.78,03 - UNIVERSITARIO,0,0,1,0,0,0,0,0,0,0,0,0,0,0,0,0,0,0,0,0,0,0.0,0.0,0,"[""SEG-JOVEM"", ""SEG-POUPADOR""]",0
464469,2022-07-28,N,BR,M,44,2011-03-17,0.0,136,1.0,,1.0,A,S,N,,KFC,N,SP,1.0,85004.22,02 - VAREJO,0,0,1,0,0,0,0,0,0,0,0,0,1,0,0,0,0,1,1,0,0,0.0,0.0,1,"[""SEG-ALTA-RENDA"", ""SEG-CREDITO-ATIVO"", ""SEG-INVESTIDOR-INICIANTE"", ""SEG-POUPADOR"", ""SEG-CONTRIBUINTE-IR"", ""SEG-PERFIL-FAMILIAR""]",0
1042555,2023-04-28,N,BR,M,25,2019-08-03,0.0,44,1.0,,1.0,I,S,N,,KHE,N,GO,1.0,8902.96,03 - UNIVERSITARIO,0,0,1,0,0,0,0,0,0,0,0,0,0,0,0,0,0,0,0,0,0,0.0,0.0,0,"[""SEG-JOVEM"", ""SEG-SEM-CARTAO"", ""SEG-INVESTIDOR-INICIANTE"", ""SEG-PERFIL-FAMILIAR""]",0
1384313,2023-05-28,N,BR,F,43,2022-02-24,0.0,15,1.0,,1.0,A,S,N,,KHK,N,PA,1.0,15307.29,02 - VAREJO,0,0,1,0,0,0,0,0,0,0,0,0,0,0,0,0,0,0,0,0,0,0.0,0.0,1,"[""SEG-SEM-CARTAO"", ""SEG-INVESTIDOR-INICIANTE"", ""SEG-PERFIL-FAMILIAR""]",0
391876,2022-05-28,N,BR,M,72,2009-11-21,0.0,152,1.0,,1.0,A,S,N,,KCC,S,SP,1.0,102411.27,01 - ALTA RENDA,0,0,1,0,0,0,0,0,0,0,0,0,1,0,0,0,0,0,0,1,0,0.0,0.0,0,"[""SEG-VIP"", ""SEG-SENIOR"", ""SEG-CREDITO-ATIVO"", ""SEG-SEM-CARTAO"", ""SEG-INVESTIDOR-INICIANTE"", ""SEG-POUPADOR""]",0
822505,2022-12-28,N,BR,M,49,2015-12-14,0.0,84,1.0,,1.0,A,S,N,,KFC,N,SP,1.0,153069.39,01 - ALTA RENDA,0,0,0,0,1,0,0,0,1,0,0,0,1,0,0,0,0,0,0,0,0,1.0,1.0,1,"[""SEG-VIP"", ""SEG-ALTA-RENDA"", ""SEG-CREDITO-ATIVO"", ""SEG-SEM-CARTAO"", ""SEG-INVESTIDOR-INICIANTE"", ""SEG-POUPADOR"", ""SEG-CONTRIBUINTE-IR"", ""SEG-PERFIL-FAMILIAR""]",0
164063,2022-03-28,N,BR,F,46,2007-03-02,0.0,185,1.0,,1.0,A,S,N,,KAT,N,BA,1.0,56659.69,02 - VAREJO,0,0,1,0,1,0,0,0,0,0,0,0,1,0,1,0,0,0,0,0,0,1.0,1.0,1,"[""SEG-CREDITO-ATIVO"", ""SEG-SEM-CARTAO"", ""SEG-INVESTIDOR-INICIANTE"", ""SEG-POUPADOR"", ""SEG-CONTRIBUINTE-IR"", ""SEG-PERFIL-FAMILIAR"", ""SEG-PROPRIETARIO""]",0
481953,2022-10-28,N,BR,F,47,2011-07-05,0.0,135,1.0,,1.0,A,S,N,,KAT,N,SP,1.0,31107.07,02 - VAREJO,0,0,1,0,0,0,0,0,0,0,0,0,0,0,0,0,0,0,0,0,0,0.0,0.0,1,"[""SEG-SEM-CARTAO"", ""SEG-INVESTIDOR-INICIANTE"", ""SEG-PERFIL-FAMILIAR""]",0
887776,2023-01-28,N,BR,M,36,2017-08-04,0.0,65,1.0,,1.0,A,S,N,,KAT,N,SP,1.0,112753.73,02 - VAREJO,0,0,1,0,0,0,1,0,0,0,0,0,0,1,0,0,0,0,0,0,0,0.0,0.0,1,"[""SEG-ALTA-RENDA"", ""SEG-CREDITO-ATIVO"", ""SEG-SEM-CARTAO"", ""SEG-POUPADOR"", ""SEG-CONTRIBUINTE-IR"", ""SEG-INVESTIDOR-EXPERIENTE"", ""SEG-PERFIL-FAMILIAR""]",0
665028,2022-10-28,N,BR,M,50,2013-12-27,0.0,106,1.0,,1.0,A,S,N,,KFC,N,RJ,1.0,62302.46,01 - ALTA RENDA,0,0,1,0,1,0,0,0,1,0,0,0,1,0,0,0,0,0,0,1,0,1.0,1.0,1,"[""SEG-VIP"", ""SEG-ALTA-RENDA"", ""SEG-CREDITO-ATIVO"", ""SEG-SEM-CARTAO"", ""SEG-INVESTIDOR-INICIANTE"", ""SEG-POUPADOR"", ""SEG-CONTRIBUINTE-IR"", ""SEG-PERFIL-FAMILIAR""]",0
132241,2022-04-28,N,BR,M,64,2006-05-21,0.0,194,1.0,,1.0,A,S,S,,KAT,N,SP,1.0,44481.38,02 - VAREJO,0,0,1,0,0,0,0,1,0,0,0,0,0,0,0,0,0,0,0,0,0,0.0,0.0,0,"[""SEG-SENIOR"", ""SEG-CREDITO-ATIVO"", ""SEG-SEM-CARTAO"", ""SEG-INVESTIDOR-INICIANTE"", ""SEG-POUPADOR"", ""SEG-VIAJANTE-EVENTO""]",1
269166,2022-06-28,N,BR,M,52,2008-08-28,0.0,167,1.0,,1.0,A,S,N,,KAT,N,SP,1.0,46788.27,01 - ALTA RENDA,0,0,0,0,1,0,0,1,1,0,0,0,0,0,1,0,0,1,0,0,0,1.0,1.0,1,"[""SEG-VIP"", ""SEG-CREDITO-ATIVO"", ""SEG-SEM-CARTAO"", ""SEG-INVESTIDOR-INICIANTE"", ""SEG-POUPADOR"", ""SEG-CONTRIBUINTE-IR"", ""SEG-PERFIL-FAMILIAR"", ""SEG-PROPRIETARIO""]",0
855792,2022-02-28,N,BR,F,48,2016-11-04,0.0,68,1.0,,1.0,A,S,N,,KFC,N,RJ,1.0,102281.57,01 - ALTA RENDA,0,0,1,0,0,0,0,0,1,0,0,1,0,0,0,0,0,0,0,0,0,0.0,0.0,0,"[""SEG-VIP"", ""SEG-ALTA-RENDA"", ""SEG-CREDITO-ATIVO"", ""SEG-SEM-CARTAO"", ""SEG-INVESTIDOR-INICIANTE"", ""SEG-POUPADOR"", ""SEG-CONTRIBUINTE-IR"", ""SEG-PERFIL-FAMILIAR""]",0
60014,2023-05-28,N,BR,M,47,2004-03-18,0.0,230,1.0,,1.0,A,S,N,,KAT,N,SP,1.0,101284.16,02 - VAREJO,0,0,1,0,0,0,0,0,0,0,0,0,0,0,0,0,0,0,1,0,0,0.0,0.0,1,"[""SEG-ALTA-RENDA"", ""SEG-CREDITO-ATIVO"", ""SEG-INVESTIDOR-INICIANTE"", ""SEG-POUPADOR"", ""SEG-CONTRIBUINTE-IR"", ""SEG-PERFIL-FAMILIAR""]",0
680910,2023-04-28,N,BR,F,60,2014-03-06,0.0,109,1.0,,1.0,A,S,N,,KFC,N,SP,1.0,103136.25,02 - VAREJO,0,0,1,0,0,0,0,0,0,0,0,0,0,0,0,0,0,0,0,0,0,0.0,0.0,0,"[""SEG-SENIOR"", ""SEG-CREDITO-ATIVO"", ""SEG-SEM-CARTAO"", ""SEG-INVESTIDOR-INICIANTE"", ""SEG-POUPADOR"", ""SEG-CONTRIBUINTE-IR"", ""SEG-PERFIL-FAMILIAR""]",0
336966,2022-12-28,N,BR,F,59,2009-03-02,0.0,166,1.0,,1.0,A,S,N,,KAG,N,SP,1.0,228076.41,01 - ALTA RENDA,0,0,0,0,1,0,0,1,0,0,0,0,1,0,1,0,0,0,0,0,0,1.0,1.0,1,"[""SEG-VIP"", ""SEG-SENIOR"", ""SEG-CREDITO-ATIVO"", ""SEG-SEM-CARTAO"", ""SEG-INVESTIDOR-INICIANTE"", ""SEG-POUPADOR"", ""SEG-CONTRIBUINTE-IR"", ""SEG-PERFIL-FAMILIAR"", ""SEG-PROPRIETARIO""]",0
812726,2022-08-28,N,BR,M,59,2015-11-02,0.0,81,1.0,,1.0,I,S,N,,KAT,N,SP,0.0,73892.96,02 - VAREJO,0,0,0,0,0,0,0,0,0,0,0,0,0,0,0,0,0,0,0,0,0,0.0,0.0,0,"[""SEG-SENIOR"", ""SEG-POUPADOR"", ""SEG-CONTRIBUINTE-IR""]",0
664527,2023-01-28,N,BR,M,37,2013-12-22,0.0,102,1.0,,1.0,A,S,N,,KAT,N,SP,1.0,27914.6,02 - VAREJO,0,0,1,0,0,0,0,0,0,0,0,0,0,0,0,0,0,0,0,0,0,0.0,0.0,0,"[""SEG-SEM-CARTAO"", ""SEG-INVESTIDOR-INICIANTE"", ""SEG-PERFIL-FAMILIAR""]",0
232445,2023-01-28,N,BR,F,52,2009-03-07,0.0,166,1.0,,1.0,A,S,N,,KAA,N,RJ,1.0,237809.09,02 - VAREJO,0,0,1,0,0,0,0,1,0,0,0,0,0,0,0,0,0,0,0,0,0,0.0,0.0,0,"[""SEG-ALTA-RENDA"", ""SEG-CREDITO-ATIVO"", ""SEG-SEM-CARTAO"", ""SEG-INVESTIDOR-INICIANTE"", ""SEG-POUPADOR"", ""SEG-CONTRIBUINTE-IR"", ""SEG-PERFIL-FAMILIAR"", ""SEG-VIAJANTE-EVENTO""]",1
1369176,2023-03-28,N,BR,F,60,2021-12-15,0.0,15,1.0,,1.0,A,S,S,,KHK,N,MG,1.0,16290.48,02 - VAREJO,0,0,1,0,0,0,0,0,0,0,0,0,0,0,0,0,0,0,0,0,0,0.0,0.0,0,"[""SEG-SENIOR"", ""SEG-SEM-CARTAO"", ""SEG-INVESTIDOR-INICIANTE"", ""SEG-PERFIL-FAMILIAR""]",0
1263965,2023-03-28,N,BR,F,44,2021-06-17,0.0,21,1.0,,1.0,I,S,N,,KFC,N,PE,0.0,140982.48,02 - VAREJO,0,0,0,0,0,0,0,0,0,0,0,0,0,0,0,0,0,0,0,0,0,0.0,0.0,0,"[""SEG-ALTA-RENDA"", ""SEG-POUPADOR"", ""SEG-CONTRIBUINTE-IR""]",0
663555,2022-12-28,N,BR,M,38,2013-12-18,0.0,108,99.0,2022-12-30,1.0,A,S,N,,KAT,N,SP,1.0,187526.26,02 - VAREJO,0,0,0,0,0,0,0,0,0,0,0,0,0,0,0,0,0,0,0,0,0,0.0,0.0,0,"[""SEG-ALTA-RENDA"", ""SEG-CREDITO-ATIVO"", ""SEG-SEM-CARTAO"", ""SEG-INVESTIDOR-INICIANTE"", ""SEG-POUPADOR"", ""SEG-CONTRIBUINTE-IR"", ""SEG-PERFIL-FAMILIAR""]",0
285267,2023-02-28,N,BR,M,41,2010-01-23,0.0,157,1.0,,1.0,A,S,N,,KCC,N,MG,1.0,47435.17,02 - VAREJO,0,0,1,0,0,0,0,1,0,0,0,1,0,1,0,0,0,0,0,0,0,0.0,0.0,0,"[""SEG-CREDITO-ATIVO"", ""SEG-SEM-CARTAO"", ""SEG-POUPADOR"", ""SEG-CONTRIBUINTE-IR"", ""SEG-INVESTIDOR-EXPERIENTE"", ""SEG-PERFIL-FAMILIAR""]",0
1289863,2022-05-28,N,BR,M,23,2021-08-04,0.0,12,1.0,,1.0,I,S,N,,KHE,N,MT,1.0,29413.37,03 - UNIVERSITARIO,0,0,1,0,0,0,0,0,0,0,0,0,0,0,0,0,0,0,0,0,0,0.0,0.0,0,"[""SEG-JOVEM"", ""SEG-SEM-CARTAO"", ""SEG-INVESTIDOR-INICIANTE"", ""SEG-VIAJANTE-EVENTO""]",1
93790,2022-09-28,N,BR,F,50,2005-04-23,0.0,209,1.0,,1.0,A,S,N,,KAT,N,SP,1.0,123263.31,02 - VAREJO,0,0,0,0,1,0,0,1,0,0,0,0,0,0,1,0,0,0,1,1,0,1.0,1.0,1,"[""SEG-ALTA-RENDA"", ""SEG-CREDITO-ATIVO"", ""SEG-INVESTIDOR-INICIANTE"", ""SEG-POUPADOR"", ""SEG-CONTRIBUINTE-IR"", ""SEG-PERFIL-FAMILIAR"", ""SEG-PROPRIETARIO""]",0
789071,2023-03-28,N,BR,F,43,2015-08-26,0.0,91,1.0,,1.0,A,S,N,,KAT,N,RR,1.0,19502.44,02 - VAREJO,0,0,1,0,0,0,0,0,0,0,0,0,0,0,0,0,0,0,0,0,0,0.0,0.0,0,"[""SEG-SEM-CARTAO"", ""SEG-INVESTIDOR-INICIANTE"", ""SEG-PERFIL-FAMILIAR""]",0
368180,2023-04-28,N,BR,F,51,2009-07-03,0.0,165,1.0,,1.0,A,S,N,,KAT,N,SP,1.0,39649.59,01 - ALTA RENDA,0,0,1,0,0,0,0,1,0,0,0,1,0,0,0,0,0,0,0,0,0,0.0,0.0,0,"[""SEG-VIP"", ""SEG-CREDITO-ATIVO"", ""SEG-SEM-CARTAO"", ""SEG-INVESTIDOR-INICIANTE"", ""SEG-POUPADOR"", ""SEG-PERFIL-FAMILIAR""]",0
484616,2022-08-28,N,BR,M,77,2011-07-29,0.0,133,1.0,,1.0,A,S,N,,KAT,N,RS,1.0,89883.43,02 - VAREJO,0,0,0,0,1,0,0,0,0,0,0,0,0,0,0,0,0,0,0,0,0,0.0,1.0,0,"[""SEG-SENIOR"", ""SEG-CREDITO-ATIVO"", ""SEG-SEM-CARTAO"", ""SEG-INVESTIDOR-INICIANTE"", ""SEG-POUPADOR""]",0
774382,2023-01-28,N,BR,F,49,2015-06-18,0.0,91,1.0,,1.0,A,S,N,,KFC,N,SP,1.0,193849.98,02 - VAREJO,0,0,0,0,0,0,0,0,0,0,0,0,1,0,0,0,0,0,0,0,0,0.0,0.0,0,"[""SEG-ALTA-RENDA"", ""SEG-CREDITO-ATIVO"", ""SEG-SEM-CARTAO"", ""SEG-INVESTIDOR-INICIANTE"", ""SEG-POUPADOR"", ""SEG-CONTRIBUINTE-IR"", ""SEG-PERFIL-FAMILIAR""]",0
524970,2022-11-28,N,BR,F,89,2012-03-28,0.0,128,1.0,,1.0,I,S,N,,KFC,N,RJ,0.0,59387.11,02 - VAREJO,0,0,0,0,0,0,0,0,0,0,0,0,0,0,0,0,0,0,0,0,0,0.0,0.0,0,"[""SEG-SENIOR"", ""SEG-POUPADOR""]",0
1323194,2022-09-28,N,BR,M,19,2021-10-03,0.0,12,1.0,,1.0,A,S,N,,KHE,N,RS,1.0,37711.6,03 - UNIVERSITARIO,0,0,1,0,0,0,0,0,0,0,0,0,0,0,0,0,0,0,0,0,0,0.0,0.0,0,"[""SEG-JOVEM"", ""SEG-CREDITO-ATIVO"", ""SEG-SEM-CARTAO"", ""SEG-INVESTIDOR-INICIANTE"", ""SEG-POUPADOR""]",0
420512,2023-04-28,N,BR,M,68,2020-07-08,0.0,86,1.0,,1,A,S,N,,KFA,N,SP,1.0,194632.22,01 - ALTA RENDA,0,0,1,0,0,0,0,0,0,0,0,1,0,0,0,0,0,0,0,0,0,0.0,0.0,0,"[""SEG-VIP"", ""SEG-SENIOR"", ""SEG-CREDITO-ATIVO"", ""SEG-SEM-CARTAO"", ""SEG-INVESTIDOR-INICIANTE"", ""SEG-POUPADOR""]",0
218369,2022-12-28,N,BR,M,61,2008-01-26,0.0,179,1.0,,1.0,A,S,N,,KAS,N,SP,1.0,45843.46,02 - VAREJO,0,0,0,0,0,0,0,0,0,0,0,0,1,0,0,0,0,0,0,0,0,0.0,0.0,0,"[""SEG-SENIOR"", ""SEG-CREDITO-ATIVO"", ""SEG-SEM-CARTAO"", ""SEG-INVESTIDOR-INICIANTE"", ""SEG-POUPADOR""]",0
701963,2023-03-28,N,BR,F,46,2014-07-08,1.0,2,1.0,,1.0,A,S,N,,KHM,N,SP,1.0,71320.08,01 - ALTA RENDA,0,0,1,0,0,0,1,0,0,0,0,0,0,0,0,0,0,0,0,0,0,0.0,0.0,0,"[""SEG-VIP"", ""SEG-ALTA-RENDA"", ""SEG-INVESTIDOR-INICIANTE"", ""SEG-POUPADOR"", ""SEG-CONTRIBUINTE-IR"", ""SEG-PERFIL-FAMILIAR""]",0
591966,2023-02-28,N,BR,F,49,2013-02-15,0.0,120,1.0,,1.0,A,S,N,,KAT,N,RO,1.0,40112.26,02 - VAREJO,0,0,0,0,1,0,0,0,0,0,0,0,0,0,1,0,0,0,0,0,0,0.0,0.0,1,"[""SEG-CREDITO-ATIVO"", ""SEG-SEM-CARTAO"", ""SEG-INVESTIDOR-INICIANTE"", ""SEG-POUPADOR"", ""SEG-PERFIL-FAMILIAR"", ""SEG-PROPRIETARIO""]",0
793057,2023-03-28,N,BR,F,49,2015-09-10,0.0,90,1.0,,1.0,I,S,N,,KAA,N,RJ,0.0,599217.69,02 - VAREJO,0,0,0,0,0,0,0,0,0,0,0,0,0,0,0,0,0,0,0,0,0,0.0,0.0,0,"[""SEG-ALTA-RENDA"", ""SEG-POUPADOR"", ""SEG-CONTRIBUINTE-IR""]",0
1219338,2023-05-28,N,BR,M,29,2020-11-13,0.0,30,1.0,,1.0,I,S,N,,KHE,N,SP,0.0,8243.41,03 - UNIVERSITARIO,0,0,0,0,0,0,0,0,0,0,0,0,0,0,0,0,0,0,0,0,0,0.0,0.0,0,"[""SEG-JOVEM"", ""SEG-VIAJANTE-EVENTO""]",1
272342,2023-01-28,N,BR,F,48,2008-09-17,0.0,172,1.0,,1.0,A,S,N,,KFC,N,SP,1.0,583876.77,02 - VAREJO,0,0,1,0,1,0,0,0,0,0,0,0,0,0,1,0,0,0,0,0,0,1.0,1.0,1,"[""SEG-ALTA-RENDA"", ""SEG-CREDITO-ATIVO"", ""SEG-SEM-CARTAO"", ""SEG-INVESTIDOR-INICIANTE"", ""SEG-POUPADOR"", ""SEG-CONTRIBUINTE-IR"", ""SEG-PERFIL-FAMILIAR"", ""SEG-PROPRIETARIO""]",0
528193,2022-12-28,N,BR,M,94,2012-04-12,0.0,128,1.0,,1.0,I,S,N,,KAT,N,PA,0.0,52017.03,02 - VAREJO,0,0,0,0,0,0,0,0,0,0,0,0,0,0,0,0,0,0,0,0,0,0.0,0.0,0,"[""SEG-SENIOR"", ""SEG-POUPADOR"", ""SEG-VIAJANTE-EVENTO""]",1
581386,2023-04-28,N,BR,F,42,2012-12-01,0.0,124,1.0,,1.0,A,S,N,,KAF,N,BA,1.0,77669.92,02 - VAREJO,0,0,0,0,1,0,0,1,1,0,0,0,0,0,1,0,0,0,1,0,0,1.0,1.0,1,"[""SEG-ALTA-RENDA"", ""SEG-CREDITO-ATIVO"", ""SEG-INVESTIDOR-INICIANTE"", ""SEG-POUPADOR"", ""SEG-CONTRIBUINTE-IR"", ""SEG-PERFIL-FAMILIAR"", ""SEG-PROPRIETARIO""]",0
79075,2022-11-28,N,BR,F,49,2005-04-03,0.0,212,1.0,,1.0,A,S,N,,KAT,N,SP,1.0,50524.85,01 - ALTA RENDA,0,0,0,0,0,0,0,0,0,0,0,1,0,0,0,0,0,0,0,0,0,0.0,0.0,0,"[""SEG-VIP"", ""SEG-CREDITO-ATIVO"", ""SEG-SEM-CARTAO"", ""SEG-INVESTIDOR-INICIANTE"", ""SEG-POUPADOR"", ""SEG-CONTRIBUINTE-IR"", ""SEG-PERFIL-FAMILIAR""]",0
1434436,2023-05-28,N,BR,M,18,2022-08-11,0.0,9,1.0,,1,A,S,N,,KFA,N,SP,1.0,50898.57,02 - VAREJO,0,0,0,0,0,1,0,0,0,0,0,0,0,0,0,0,0,0,0,0,0,0.0,0.0,0,"[""SEG-JOVEM"", ""SEG-CREDITO-ATIVO"", ""SEG-SEM-CARTAO"", ""SEG-INVESTIDOR-INICIANTE"", ""SEG-POUPADOR""]",0
1212775,2022-09-28,N,BR,M,32,2020-10-31,0.0,22,1.0,,1.0,A,S,N,,KFC,N,TO,1.0,26648.64,02 - VAREJO,0,0,1,0,0,0,0,0,0,0,0,0,0,0,0,0,0,0,0,0,0,0.0,0.0,0,"[""SEG-SEM-CARTAO"", ""SEG-INVESTIDOR-INICIANTE"", ""SEG-PERFIL-FAMILIAR""]",0
578564,2022-11-28,N,BR,F,50,2012-11-09,0.0,120,1.0,,1.0,A,S,N,,KFC,N,SP,1.0,125035.12,02 - VAREJO,0,0,0,0,1,0,0,0,1,0,0,0,0,0,0,0,0,1,1,0,0,0.0,0.0,1,"[""SEG-ALTA-RENDA"", ""SEG-CREDITO-ATIVO"", ""SEG-INVESTIDOR-INICIANTE"", ""SEG-POUPADOR"", ""SEG-CONTRIBUINTE-IR"", ""SEG-PERFIL-FAMILIAR""]",0
1445426,2023-02-28,N,BR,F,18,2022-09-10,1.0,5,1.0,,1,A,S,N,,KHQ,N,PE,1.0,28591.08,03 - UNIVERSITARIO,0,0,1,0,0,0,0,0,0,0,0,0,0,0,0,0,0,0,0,0,0,0.0,0.0,0,"[""SEG-JOVEM"", ""SEG-SEM-CARTAO"", ""SEG-INVESTIDOR-INICIANTE""]",0
455587,2022-03-28,N,BR,F,18,2011-01-26,0.0,138,1.0,,1.0,A,S,N,,KFC,N,PA,1.0,11406.41,02 - VAREJO,0,0,0,0,0,1,0,0,0,0,0,0,0,0,0,0,0,0,0,0,0,0.0,0.0,0,"[""SEG-JOVEM"", ""SEG-SEM-CARTAO"", ""SEG-INVESTIDOR-INICIANTE""]",0
1338204,2022-08-28,N,BR,F,26,2021-10-21,0.0,10,1.0,,1.0,I,S,N,,KHE,N,SP,0.0,7749.76,03 - UNIVERSITARIO,0,0,1,0,0,0,0,0,0,0,0,0,0,0,0,0,0,0,0,0,0,0.0,0.0,0,"[""SEG-JOVEM"", ""SEG-VIAJANTE-EVENTO""]",1
26463,2022-10-28,N,BR,F,94,2002-10-30,0.0,216,1.0,,1.0,A,S,N,,007,N,SP,1.0,40734.64,02 - VAREJO,0,0,1,0,0,0,0,0,0,0,0,0,0,0,0,0,0,0,0,0,0,0.0,0.0,0,"[""SEG-SENIOR"", ""SEG-CREDITO-ATIVO"", ""SEG-SEM-CARTAO"", ""SEG-INVESTIDOR-INICIANTE"", ""SEG-POUPADOR""]",0
84007,2022-02-28,N,BR,F,47,2005-01-29,0.0,210,1.0,,1.0,A,S,N,,KAT,N,AL,1.0,41161.66,02 - VAREJO,0,0,0,0,1,0,0,0,1,0,0,0,1,0,1,0,0,0,1,0,0,1.0,1.0,1,"[""SEG-CREDITO-ATIVO"", ""SEG-INVESTIDOR-INICIANTE"", ""SEG-POUPADOR"", ""SEG-PERFIL-FAMILIAR"", ""SEG-PROPRIETARIO"", ""SEG-VIAJANTE-EVENTO""]",1
940798,2022-11-28,N,BR,F,85,2018-09-12,0.0,50,1.0,,1,A,S,N,,KHE,N,RS,1.0,82142.8,02 - VAREJO,0,0,1,0,0,0,0,0,0,0,0,0,0,0,0,0,0,0,0,0,0,0.0,0.0,0,"[""SEG-SENIOR"", ""SEG-CREDITO-ATIVO"", ""SEG-SEM-CARTAO"", ""SEG-INVESTIDOR-INICIANTE"", ""SEG-POUPADOR""]",0
145134,2022-05-28,N,BR,F,70,2006-10-08,0.0,189,1.0,,1.0,A,S,N,,KAY,N,SP,1.0,40823.53,02 - VAREJO,0,0,1,0,0,0,0,0,0,0,0,0,0,0,0,0,0,0,1,0,0,0.0,0.0,1,"[""SEG-SENIOR"", ""SEG-CREDITO-ATIVO"", ""SEG-INVESTIDOR-INICIANTE"", ""SEG-POUPADOR""]",0
1163218,2023-03-28,N,BR,F,24,2020-08-12,0.0,31,1.0,,1.0,A,S,N,,KHE,N,RJ,1.0,12276.13,03 - UNIVERSITARIO,0,0,1,0,0,0,0,0,0,0,0,0,0,0,0,0,0,0,0,0,0,0.0,0.0,0,"[""SEG-JOVEM"", ""SEG-SEM-CARTAO"", ""SEG-INVESTIDOR-INICIANTE""]",0
1417079,2022-11-28,N,BR,F,19,2022-07-25,1.0,4,1.0,,1,A,S,N,,KHQ,N,GO,1.0,8160.93,03 - UNIVERSITARIO,0,0,1,0,0,0,0,0,0,0,0,0,0,0,0,0,0,0,0,0,0,0.0,0.0,0,"[""SEG-JOVEM"", ""SEG-SEM-CARTAO"", ""SEG-INVESTIDOR-INICIANTE""]",0
1257795,2023-02-28,N,BR,F,46,2021-05-14,0.0,21,1.0,,1.0,A,S,N,,KFC,N,AL,1.0,20480.35,02 - VAREJO,0,0,1,0,0,0,0,0,0,0,0,0,0,0,0,0,0,0,0,0,0,0.0,0.0,0,"[""SEG-SEM-CARTAO"", ""SEG-INVESTIDOR-INICIANTE"", ""SEG-PERFIL-FAMILIAR""]",0
184756,2022-10-28,N,BR,F,64,2007-07-24,0.0,183,1.0,,1,A,S,N,,KAT,N,SP,0.0,99456.38,02 - VAREJO,0,0,0,0,0,0,0,0,0,0,0,0,0,0,0,0,0,0,0,0,0,0.0,0.0,0,"[""SEG-SENIOR"", ""SEG-POUPADOR"", ""SEG-VIAJANTE-EVENTO""]",1
1473093,2022-10-28,N,BR,F,25,2022-10-08,1.0,0,1.0,,,,S,N,,,N,BA,0.0,30080.06,,0,0,1,0,0,0,0,0,0,0,0,0,0,0,0,0,0,0,0,0,0,0.0,0.0,0,"[""SEG-JOVEM""]",0
825819,2023-02-28,N,BR,F,66,2016-01-12,0.0,85,1.0,,1,A,S,N,,KAT,N,SP,1.0,120102.4,02 - VAREJO,0,0,0,0,0,0,0,0,1,0,0,0,0,0,0,0,0,0,0,0,0,0.0,0.0,0,"[""SEG-SENIOR"", ""SEG-CREDITO-ATIVO"", ""SEG-SEM-CARTAO"", ""SEG-INVESTIDOR-INICIANTE"", ""SEG-POUPADOR""]",0
1284202,2023-05-28,N,BR,M,24,2021-07-30,0.0,22,1.0,,1,A,S,N,,KHE,N,PA,1.0,55075.78,03 - UNIVERSITARIO,0,0,1,0,0,0,0,0,0,0,0,0,0,0,0,0,0,0,0,0,0,0.0,0.0,0,"[""SEG-JOVEM"", ""SEG-CREDITO-ATIVO"", ""SEG-SEM-CARTAO"", ""SEG-INVESTIDOR-INICIANTE"", ""SEG-POUPADOR""]",0
288591,2022-12-28,N,BR,F,56,2008-10-30,0.0,143,1.0,,1.0,A,S,N,,007,N,SP,1.0,113423.11,02 - VAREJO,0,0,0,0,1,0,0,1,0,0,0,0,0,0,1,0,0,1,1,1,0,1.0,1.0,1,"[""SEG-SENIOR"", ""SEG-CREDITO-ATIVO"", ""SEG-INVESTIDOR-INICIANTE"", ""SEG-POUPADOR"", ""SEG-CONTRIBUINTE-IR"", ""SEG-PERFIL-FAMILIAR"", ""SEG-PROPRIETARIO""]",0
671269,2023-03-28,N,BR,F,55,2014-01-23,0.0,69,1.0,,1.0,A,S,N,,KFC,N,PE,1.0,29976.54,02 - VAREJO,0,0,1,0,0,0,0,0,1,0,0,0,0,0,0,0,0,0,0,0,0,0.0,0.0,0,"[""SEG-SENIOR"", ""SEG-SEM-CARTAO"", ""SEG-INVESTIDOR-INICIANTE"", ""SEG-PERFIL-FAMILIAR""]",0
138399,2022-05-28,N,BR,F,52,2006-08-06,0.0,191,1.0,,1.0,A,S,N,,KAT,N,AP,1.0,12845.41,02 - VAREJO,0,0,1,0,1,0,0,0,0,0,0,0,1,0,1,0,0,0,0,0,0,1.0,1.0,1,"[""SEG-SEM-CARTAO"", ""SEG-INVESTIDOR-INICIANTE"", ""SEG-PERFIL-FAMILIAR"", ""SEG-PROPRIETARIO""]",0
153094,2022-11-28,N,BR,F,55,2007-01-03,0.0,191,1.0,,1,A,S,N,,KAT,N,BA,1.0,90859.07,02 - VAREJO,0,0,0,0,1,0,0,0,0,0,0,0,0,1,0,0,0,0,0,0,0,1.0,1.0,0,"[""SEG-SENIOR"", ""SEG-ALTA-RENDA"", ""SEG-CREDITO-ATIVO"", ""SEG-SEM-CARTAO"", ""SEG-POUPADOR"", ""SEG-CONTRIBUINTE-IR"", ""SEG-INVESTIDOR-EXPERIENTE"", ""SEG-PERFIL-FAMILIAR""]",0
242407,2023-05-28,N,BR,F,50,2008-06-25,0.0,179,1.0,,1.0,A,S,S,,KAT,N,MG,1.0,26548.75,02 - VAREJO,0,0,0,0,0,0,0,1,1,0,0,0,0,0,1,0,0,0,1,0,0,0.0,0.0,1,"[""SEG-INVESTIDOR-INICIANTE"", ""SEG-PERFIL-FAMILIAR"", ""SEG-PROPRIETARIO""]",0
761816,2022-10-28,N,BR,F,40,2015-04-17,0.0,90,1.0,,1,I,S,N,,KFA,N,SP,0.0,129130.29,02 - VAREJO,0,0,0,0,0,0,0,0,0,0,0,0,0,0,0,0,0,0,0,0,0,0.0,0.0,0,"[""SEG-ALTA-RENDA"", ""SEG-POUPADOR"", ""SEG-CONTRIBUINTE-IR"", ""SEG-VIAJANTE-EVENTO""]",1
744564,2022-09-28,N,BR,F,50,2015-01-30,0.0,92,1.0,,1.0,A,S,N,,KAW,N,PE,1.0,21934.64,01 - ALTA RENDA,0,0,0,0,1,0,0,0,0,0,0,0,1,0,0,0,0,0,0,1,0,0.0,0.0,1,"[""SEG-VIP"", ""SEG-SEM-CARTAO"", ""SEG-INVESTIDOR-INICIANTE"", ""SEG-PERFIL-FAMILIAR""]",0
587755,2023-02-28,N,BR,M,69,2012-12-27,0.0,122,1.0,,1,I,S,N,,KAP,N,RO,0.0,25998.55,02 - VAREJO,0,0,0,0,0,0,0,0,0,0,0,0,0,0,0,0,0,0,0,0,0,0.0,0.0,0,"[""SEG-SENIOR""]",0
135957,2022-11-28,N,BR,F,45,2006-06-22,0.0,197,1.0,,1.0,A,S,N,,KAT,N,SP,1.0,42800.4,01 - ALTA RENDA,0,0,0,0,1,0,0,0,0,0,0,0,1,0,1,0,0,0,0,0,0,1.0,1.0,1,"[""SEG-VIP"", ""SEG-CREDITO-ATIVO"", ""SEG-SEM-CARTAO"", ""SEG-INVESTIDOR-INICIANTE"", ""SEG-POUPADOR"", ""SEG-PERFIL-FAMILIAR"", ""SEG-PROPRIETARIO"", ""SEG-VIAJANTE-EVENTO""]",1
128428,2022-05-28,N,BR,M,51,2006-04-15,0.0,177,1.0,,1.0,A,S,N,,KAS,N,SP,1.0,189288.28,01 - ALTA RENDA,0,0,1,0,1,0,0,0,0,0,0,1,1,0,0,1,0,0,1,0,0,1.0,1.0,1,"[""SEG-VIP"", ""SEG-ALTA-RENDA"", ""SEG-CREDITO-ATIVO"", ""SEG-INVESTIDOR-INICIANTE"", ""SEG-POUPADOR"", ""SEG-PERFIL-FAMILIAR""]",0
312152,2022-06-28,N,BR,F,52,2008-12-31,0.0,163,1.0,,1.0,A,S,N,,KAT,N,RJ,1.0,54375.15,02 - VAREJO,0,0,0,0,0,0,0,1,0,0,0,0,0,0,0,0,0,0,0,0,0,0.0,0.0,0,"[""SEG-CREDITO-ATIVO"", ""SEG-SEM-CARTAO"", ""SEG-INVESTIDOR-INICIANTE"", ""SEG-POUPADOR"", ""SEG-CONTRIBUINTE-IR"", ""SEG-PERFIL-FAMILIAR""]",0
428268,2022-09-28,N,BR,M,44,2010-07-21,0.0,146,1.0,,1.0,A,S,N,,KAT,N,SP,1.0,104846.5,02 - VAREJO,0,0,1,0,0,0,0,1,0,0,0,0,0,0,0,0,0,0,0,0,0,0.0,0.0,0,"[""SEG-ALTA-RENDA"", ""SEG-CREDITO-ATIVO"", ""SEG-SEM-CARTAO"", ""SEG-INVESTIDOR-INICIANTE"", ""SEG-POUPADOR"", ""SEG-CONTRIBUINTE-IR"", ""SEG-PERFIL-FAMILIAR""]",0
283018,2023-02-28,N,BR,M,65,2019-03-27,0.0,47,1.0,,1.0,A,S,N,,KAT,N,SP,1.0,24541.27,01 - ALTA RENDA,0,0,1,0,0,0,0,0,0,0,0,0,1,0,0,0,0,1,0,0,0,0.0,0.0,0,"[""SEG-VIP"", ""SEG-SENIOR"", ""SEG-SEM-CARTAO"", ""SEG-INVESTIDOR-INICIANTE""]",0
1186992,2023-01-28,N,BR,F,26,2020-10-01,0.0,27,1.0,,1.0,I,S,N,,KHE,N,SP,0.0,98675.98,03 - UNIVERSITARIO,0,0,0,0,0,0,0,0,0,0,0,0,0,0,0,0,0,0,0,0,0,0.0,0.0,0,"[""SEG-JOVEM"", ""SEG-ALTA-RENDA"", ""SEG-POUPADOR""]",0
1086724,2023-01-28,N,BR,M,23,2019-10-23,0.0,39,1.0,,1.0,I,S,N,,KHE,N,RJ,0.0,55599.54,03 - UNIVERSITARIO,0,0,0,0,0,0,0,0,0,0,0,0,0,0,0,0,0,0,0,0,0,0.0,0.0,0,"[""SEG-JOVEM"", ""SEG-POUPADOR""]",0
1301653,2022-10-28,N,BR,F,37,2021-09-03,0.0,13,1.0,,1.0,I,S,N,,KFC,N,SP,0.0,38033.47,02 - VAREJO,0,0,0,0,0,0,0,0,0,0,0,0,0,0,0,0,0,0,0,0,0,0.0,0.0,0,"[""SEG-POUPADOR""]",0
980458,2022-04-28,N,BR,M,27,2018-11-16,0.0,44,1.0,,1.0,A,S,N,,KHE,N,SP,1.0,82288.99,03 - UNIVERSITARIO,0,0,1,0,0,0,0,0,0,0,0,0,0,0,0,0,0,0,0,0,0,0.0,0.0,0,"[""SEG-JOVEM"", ""SEG-ALTA-RENDA"", ""SEG-CREDITO-ATIVO"", ""SEG-SEM-CARTAO"", ""SEG-INVESTIDOR-INICIANTE"", ""SEG-POUPADOR"", ""SEG-PERFIL-FAMILIAR""]",0
1289392,2022-03-28,N,BR,M,20,2021-08-04,0.0,12,1.0,,1.0,I,S,N,,KHE,N,AP,0.0,8171.59,03 - UNIVERSITARIO,0,0,1,0,0,0,0,0,0,0,0,0,0,0,0,0,0,0,0,0,0,0.0,0.0,0,"[""SEG-JOVEM""]",0
723512,2022-08-28,N,BR,M,39,2014-10-05,0.0,94,1.0,,1.0,A,S,N,,KAT,N,SP,1.0,46011.72,02 - VAREJO,0,0,1,0,0,0,0,0,0,0,0,0,0,0,0,0,0,0,0,0,0,0.0,0.0,0,"[""SEG-CREDITO-ATIVO"", ""SEG-SEM-CARTAO"", ""SEG-INVESTIDOR-INICIANTE"", ""SEG-POUPADOR"", ""SEG-CONTRIBUINTE-IR"", ""SEG-PERFIL-FAMILIAR"", ""SEG-VIAJANTE-EVENTO""]",1
678176,2022-07-28,N,BR,M,84,2014-02-19,0.0,101,1.0,,1.0,I,S,N,,KFC,N,MG,0.0,8017.05,02 - VAREJO,0,0,1,0,0,0,0,0,0,0,0,0,0,0,0,0,0,0,0,0,0,0.0,0.0,0,"[""SEG-SENIOR""]",0
937930,2022-12-28,N,BR,F,24,2018-09-02,0.0,51,1.0,,1,A,S,N,,KHD,N,RJ,1.0,10920.83,03 - UNIVERSITARIO,0,0,1,0,0,0,0,0,0,0,0,0,0,0,0,0,0,0,0,0,0,0.0,0.0,0,"[""SEG-JOVEM"", ""SEG-SEM-CARTAO"", ""SEG-INVESTIDOR-INICIANTE""]",0
407808,2022-08-28,N,BR,F,45,2018-10-04,0.0,46,1.0,,1.0,A,S,N,,KAT,N,SP,1.0,98808.94,02 - VAREJO,0,0,0,0,1,0,0,0,0,0,0,1,1,0,0,0,0,0,1,0,0,0.0,0.0,1,"[""SEG-ALTA-RENDA"", ""SEG-CREDITO-ATIVO"", ""SEG-INVESTIDOR-INICIANTE"", ""SEG-POUPADOR"", ""SEG-CONTRIBUINTE-IR"", ""SEG-PERFIL-FAMILIAR"", ""SEG-VIAJANTE-EVENTO""]",1
800047,2022-05-28,N,BR,F,45,2015-10-02,0.0,81,1.0,,1.0,I,S,N,,KFC,N,SP,0.0,198538.97,02 - VAREJO,0,0,0,0,0,0,0,1,0,0,0,0,0,0,0,0,0,0,0,0,0,0.0,0.0,0,"[""SEG-ALTA-RENDA"", ""SEG-POUPADOR"", ""SEG-CONTRIBUINTE-IR""]",0
1281058,2022-08-28,N,BR,M,52,2021-07-28,0.0,13,1.0,,1.0,A,S,N,,KHE,N,GO,1.0,49304.94,02 - VAREJO,0,0,1,0,0,0,0,0,0,0,0,0,0,0,0,0,0,0,0,0,0,0.0,0.0,0,"[""SEG-CREDITO-ATIVO"", ""SEG-SEM-CARTAO"", ""SEG-INVESTIDOR-INICIANTE"", ""SEG-POUPADOR"", ""SEG-CONTRIBUINTE-IR"", ""SEG-PERFIL-FAMILIAR""]",0
725413,2022-10-28,N,BR,M,61,2014-10-13,0.0,96,1.0,,1.0,I,S,N,,KFC,N,MA,0.0,63626.9,02 - VAREJO,0,0,1,0,0,0,0,0,0,0,0,0,0,0,0,0,0,0,0,0,0,0.0,0.0,0,"[""SEG-SENIOR"", ""SEG-POUPADOR""]",0
603925,2023-05-28,N,BR,F,42,2013-03-21,0.0,122,1.0,,1.0,A,S,N,,KAT,N,SP,1.0,47819.36,02 - VAREJO,0,0,1,0,0,0,0,1,0,0,0,0,1,0,0,0,0,0,0,0,0,0.0,0.0,1,"[""SEG-CREDITO-ATIVO"", ""SEG-SEM-CARTAO"", ""SEG-INVESTIDOR-INICIANTE"", ""SEG-POUPADOR"", ""SEG-CONTRIBUINTE-IR"", ""SEG-PERFIL-FAMILIAR""]",0
20244,2023-02-28,N,BR,F,50,2003-12-13,0.0,230,1.0,,1.0,A,S,N,,KAT,N,SP,1.0,17255.91,02 - VAREJO,0,0,1,0,0,0,0,0,1,0,0,0,0,0,0,0,0,1,0,0,0,0.0,0.0,1,"[""SEG-SEM-CARTAO"", ""SEG-INVESTIDOR-INICIANTE"", ""SEG-PERFIL-FAMILIAR""]",0
1230280,2023-02-28,N,BR,M,24,2020-12-10,0.0,26,1.0,,1.0,I,S,N,,KHE,N,SP,0.0,66749.62,03 - UNIVERSITARIO,0,0,1,0,0,0,0,0,0,0,0,0,0,0,0,0,0,0,0,0,0,0.0,0.0,0,"[""SEG-JOVEM"", ""SEG-POUPADOR""]",0
375728,2022-06-28,N,BR,F,59,2009-07-29,0.0,156,1.0,,1.0,A,S,N,,KAT,N,MG,1.0,28302.17,01 - ALTA RENDA,0,0,1,0,0,0,0,0,0,0,0,1,1,0,0,0,0,0,1,0,0,0.0,0.0,0,"[""SEG-VIP"", ""SEG-SENIOR"", ""SEG-INVESTIDOR-INICIANTE"", ""SEG-PERFIL-FAMILIAR""]",0
807201,2022-05-28,N,BR,F,59,2015-10-21,0.0,81,1.0,,1.0,A,S,N,,KAT,N,RJ,1.0,49652.76,01 - ALTA RENDA,0,0,1,0,0,0,0,0,0,0,0,1,0,1,0,0,0,0,0,0,0,0.0,0.0,0,"[""SEG-VIP"", ""SEG-SENIOR"", ""SEG-CREDITO-ATIVO"", ""SEG-SEM-CARTAO"", ""SEG-POUPADOR"", ""SEG-CONTRIBUINTE-IR"", ""SEG-INVESTIDOR-EXPERIENTE"", ""SEG-PERFIL-FAMILIAR""]",0
220859,2022-07-28,N,BR,M,44,2008-02-06,0.0,212,1.0,,1,A,S,N,,KAT,N,MS,1.0,48964.6,02 - VAREJO,0,0,1,0,0,0,0,1,0,0,0,1,0,0,0,0,0,0,0,0,0,0.0,0.0,0,"[""SEG-CREDITO-ATIVO"", ""SEG-SEM-CARTAO"", ""SEG-INVESTIDOR-INICIANTE"", ""SEG-POUPADOR"", ""SEG-CONTRIBUINTE-IR"", ""SEG-PERFIL-FAMILIAR""]",0
175023,2022-12-28,N,BR,F,47,2007-05-05,0.0,187,1.0,,1,A,S,N,,KAT,N,SP,1.0,63657.67,02 - VAREJO,0,0,0,0,1,0,0,0,1,0,0,0,0,0,0,0,0,1,0,0,0,1.0,1.0,1,"[""SEG-ALTA-RENDA"", ""SEG-CREDITO-ATIVO"", ""SEG-SEM-CARTAO"", ""SEG-INVESTIDOR-INICIANTE"", ""SEG-POUPADOR"", ""SEG-CONTRIBUINTE-IR"", ""SEG-PERFIL-FAMILIAR"", ""SEG-VIAJANTE-EVENTO""]",1
458749,2022-09-28,N,BR,M,32,2011-02-10,0.0,139,1.0,,1.0,A,S,N,,KFC,N,SP,1.0,599448.53,02 - VAREJO,0,0,1,0,0,0,0,1,0,0,0,0,0,0,0,0,0,1,1,0,0,0.0,0.0,1,"[""SEG-ALTA-RENDA"", ""SEG-CREDITO-ATIVO"", ""SEG-INVESTIDOR-INICIANTE"", ""SEG-POUPADOR"", ""SEG-CONTRIBUINTE-IR"", ""SEG-PERFIL-FAMILIAR"", ""SEG-VIAJANTE-EVENTO""]",1
139536,2022-09-28,N,BR,F,55,2006-08-03,0.0,194,1.0,,1.0,A,S,N,,KAT,N,SP,0.0,116937.75,02 - VAREJO,0,0,0,0,0,0,0,1,0,0,0,0,0,0,0,0,0,0,0,0,0,0.0,0.0,0,"[""SEG-SENIOR"", ""SEG-ALTA-RENDA"", ""SEG-POUPADOR"", ""SEG-CONTRIBUINTE-IR""]",0
1120647,2022-09-28,N,BR,F,41,2020-02-05,0.0,31,1.0,,1.0,A,S,N,,KFC,N,MG,1.0,10419.15,02 - VAREJO,0,0,1,0,0,0,0,0,0,0,0,0,0,0,0,0,0,0,0,0,0,0.0,0.0,1,"[""SEG-SEM-CARTAO"", ""SEG-INVESTIDOR-INICIANTE"", ""SEG-PERFIL-FAMILIAR""]",0
637046,2022-06-28,N,BR,F,47,2013-08-26,0.0,107,1.0,,1.0,A,S,N,,KAT,N,SP,1.0,20427.47,01 - ALTA RENDA,0,0,0,0,1,0,0,0,0,0,0,0,0,1,0,0,0,0,1,0,0,0.0,0.0,1,"[""SEG-VIP"", ""SEG-INVESTIDOR-EXPERIENTE"", ""SEG-PERFIL-FAMILIAR""]",0
389108,2022-03-28,N,BR,F,43,2009-11-18,0.0,152,1.0,,1.0,A,S,N,,KAG,N,SP,1.0,49075.88,02 - VAREJO,0,0,1,0,0,0,0,0,0,0,0,0,0,0,0,0,0,0,0,0,0,0.0,0.0,0,"[""SEG-CREDITO-ATIVO"", ""SEG-SEM-CARTAO"", ""SEG-INVESTIDOR-INICIANTE"", ""SEG-POUPADOR"", ""SEG-CONTRIBUINTE-IR"", ""SEG-PERFIL-FAMILIAR""]",0
576195,2023-04-28,N,BR,F,76,2012-10-29,0.0,103,1.0,,1,I,S,N,,KAT,N,GO,0.0,22859.06,02 - VAREJO,0,0,0,0,0,0,0,0,0,0,0,0,0,0,0,0,0,0,0,0,0,0.0,0.0,0,"[""SEG-SENIOR""]",0
1349603,2023-02-28,N,BR,M,22,2021-11-05,0.0,15,1.0,,1.0,I,S,N,,KHE,N,RO,0.0,28134.04,03 - UNIVERSITARIO,0,0,0,0,0,0,0,0,0,0,0,0,0,0,0,0,0,0,0,0,0,0.0,0.0,0,"[""SEG-JOVEM""]",0
166042,2022-08-28,N,BR,F,51,2007-03-10,0.0,185,1.0,,1.0,I,S,N,,KFC,N,PB,1.0,72815.32,02 - VAREJO,0,0,1,0,0,0,0,1,0,0,0,0,0,0,0,0,0,0,0,0,0,0.0,0.0,0,"[""SEG-ALTA-RENDA"", ""SEG-CREDITO-ATIVO"", ""SEG-SEM-CARTAO"", ""SEG-INVESTIDOR-INICIANTE"", ""SEG-POUPADOR"", ""SEG-CONTRIBUINTE-IR"", ""SEG-PERFIL-FAMILIAR""]",0
1292408,2023-05-28,N,BR,F,29,2021-08-05,0.0,21,1.0,,1.0,I,S,N,,KFC,N,SP,0.0,23741.63,02 - VAREJO,0,0,0,0,0,0,0,0,0,0,0,0,0,0,0,0,0,0,0,0,0,0.0,0.0,0,"[""SEG-JOVEM"", ""SEG-VIAJANTE-EVENTO""]",1
961031,2022-04-28,N,BR,M,34,2018-10-13,0.0,45,1.0,,1.0,A,S,N,,KHE,N,BA,1.0,89766.86,02 - VAREJO,0,0,1,0,0,0,0,0,0,0,0,0,0,0,0,0,0,0,0,0,0,0.0,0.0,0,"[""SEG-ALTA-RENDA"", ""SEG-CREDITO-ATIVO"", ""SEG-SEM-CARTAO"", ""SEG-INVESTIDOR-INICIANTE"", ""SEG-POUPADOR"", ""SEG-CONTRIBUINTE-IR"", ""SEG-PERFIL-FAMILIAR""]",0
1031063,2022-10-28,N,BR,M,23,2019-07-25,0.0,39,1.0,,1.0,I,S,N,,KHE,N,RJ,0.0,80075.81,03 - UNIVERSITARIO,0,0,1,0,0,0,0,0,0,0,0,0,0,0,0,0,0,0,0,0,0,0.0,0.0,0,"[""SEG-JOVEM"", ""SEG-POUPADOR""]",0
441495,2022-05-28,N,BR,F,50,2010-10-23,0.0,141,1.0,,1.0,A,S,N,,013,N,RJ,1.0,8794.83,02 - VAREJO,0,0,0,0,0,0,0,0,0,0,0,0,0,0,1,0,0,0,0,0,0,0.0,0.0,0,"[""SEG-SEM-CARTAO"", ""SEG-INVESTIDOR-INICIANTE"", ""SEG-PERFIL-FAMILIAR"", ""SEG-PROPRIETARIO"", ""SEG-VIAJANTE-EVENTO""]",1
502461,2023-05-28,N,BR,F,42,2011-12-13,0.0,137,1.0,,1.0,A,S,N,,KAT,N,SP,1.0,27835.91,02 - VAREJO,0,0,0,0,0,0,0,0,0,0,0,0,0,0,1,0,0,0,0,0,0,0.0,0.0,0,"[""SEG-SEM-CARTAO"", ""SEG-INVESTIDOR-INICIANTE"", ""SEG-PERFIL-FAMILIAR"", ""SEG-PROPRIETARIO""]",0
524081,2022-09-28,N,BR,F,37,2012-03-19,0.0,28,1.0,,1.0,A,S,N,,KAT,N,SP,1.0,257208.47,02 - VAREJO,0,0,0,0,0,0,0,0,0,0,0,0,0,1,0,0,0,0,0,0,0,0.0,0.0,0,"[""SEG-ALTA-RENDA"", ""SEG-CREDITO-ATIVO"", ""SEG-SEM-CARTAO"", ""SEG-POUPADOR"", ""SEG-CONTRIBUINTE-IR"", ""SEG-INVESTIDOR-EXPERIENTE"", ""SEG-PERFIL-FAMILIAR""]",0
117980,2023-04-28,N,BR,M,52,2006-01-08,0.0,207,1.0,,1.0,A,S,N,,KAT,N,AL,1.0,25124.87,02 - VAREJO,0,0,1,0,0,0,0,0,0,0,0,0,0,1,0,0,0,0,0,0,0,0.0,0.0,0,"[""SEG-SEM-CARTAO"", ""SEG-INVESTIDOR-EXPERIENTE"", ""SEG-PERFIL-FAMILIAR""]",0
466386,2023-03-28,N,BR,F,47,2011-03-30,0.0,144,1.0,,1.0,A,S,N,,KFC,N,RJ,1.0,54922.68,02 - VAREJO,0,0,1,0,0,0,0,1,0,0,0,0,0,1,0,1,0,0,1,0,0,0.0,0.0,0,"[""SEG-CREDITO-ATIVO"", ""SEG-POUPADOR"", ""SEG-INVESTIDOR-EXPERIENTE"", ""SEG-PERFIL-FAMILIAR""]",0
1265512,2023-05-28,N,BR,M,49,2021-06-26,0.0,23,1.0,,1.0,A,S,N,,KAT,N,MG,1.0,18113.64,02 - VAREJO,0,0,1,0,0,0,0,0,0,0,0,0,1,0,0,0,0,0,0,0,0,0.0,0.0,0,"[""SEG-SEM-CARTAO"", ""SEG-INVESTIDOR-INICIANTE"", ""SEG-PERFIL-FAMILIAR""]",0
1326427,2022-12-28,N,BR,F,73,2021-10-07,0.0,14,1.0,,1.0,A,S,N,,KAT,N,BA,1.0,18025.22,02 - VAREJO,0,0,1,0,0,0,0,0,0,0,0,0,0,0,0,0,0,0,0,0,0,0.0,0.0,0,"[""SEG-SENIOR"", ""SEG-SEM-CARTAO"", ""SEG-INVESTIDOR-INICIANTE""]",0
176629,2023-02-28,N,BR,F,70,2007-05-19,0.0,189,1.0,,1,I,S,N,,KAY,N,MG,0.0,79221.5,02 - VAREJO,0,0,0,0,0,0,0,0,0,0,0,0,0,0,0,0,0,0,0,0,0,0.0,0.0,0,"[""SEG-SENIOR"", ""SEG-POUPADOR""]",0
104108,2023-05-28,N,BR,F,53,2005-08-26,0.0,213,1.0,,1.0,A,S,N,,KAT,N,RJ,1.0,251256.27,02 - VAREJO,0,0,1,0,0,0,0,0,0,0,0,0,0,1,0,0,0,0,0,0,0,0.0,0.0,0,"[""SEG-ALTA-RENDA"", ""SEG-CREDITO-ATIVO"", ""SEG-SEM-CARTAO"", ""SEG-POUPADOR"", ""SEG-CONTRIBUINTE-IR"", ""SEG-INVESTIDOR-EXPERIENTE"", ""SEG-PERFIL-FAMILIAR""]",0
155916,2023-01-28,N,BR,M,67,2008-06-08,0.0,192,1.0,,1.0,A,S,N,,KAT,N,MG,1.0,28621.27,02 - VAREJO,0,0,0,0,1,0,0,0,0,0,0,0,0,0,0,0,0,1,0,0,0,0.0,1.0,1,"[""SEG-SENIOR"", ""SEG-SEM-CARTAO"", ""SEG-INVESTIDOR-INICIANTE"", ""SEG-VIAJANTE-EVENTO""]",1
627175,2023-04-28,N,BR,F,67,2013-07-12,0.0,117,1.0,,1.0,A,S,N,,KAT,N,MT,1.0,35617.15,02 - VAREJO,0,0,1,0,0,0,0,1,0,0,0,1,0,1,0,0,0,0,1,0,0,0.0,0.0,0,"[""SEG-SENIOR"", ""SEG-CREDITO-ATIVO"", ""SEG-POUPADOR"", ""SEG-INVESTIDOR-EXPERIENTE""]",0
1390817,2023-03-28,N,BR,F,54,2022-04-06,0.0,12,1.0,,1,A,S,N,,KHL,N,SP,1.0,42010.03,02 - VAREJO,0,0,1,0,0,0,0,0,0,0,0,0,0,0,0,0,0,0,0,0,0,0.0,0.0,0,"[""SEG-CREDITO-ATIVO"", ""SEG-SEM-CARTAO"", ""SEG-INVESTIDOR-INICIANTE"", ""SEG-POUPADOR"", ""SEG-PERFIL-FAMILIAR""]",0
18684,2022-12-28,N,BR,F,59,2005-02-27,0.0,214,1.0,,1.0,A,S,N,,KAT,N,RJ,1.0,696420.24,02 - VAREJO,0,0,0,0,1,0,0,0,0,0,0,0,0,1,0,0,0,0,1,0,0,1.0,1.0,1,"[""SEG-SENIOR"", ""SEG-CREDITO-ATIVO"", ""SEG-POUPADOR"", ""SEG-CONTRIBUINTE-IR"", ""SEG-INVESTIDOR-EXPERIENTE"", ""SEG-PERFIL-FAMILIAR""]",0
708662,2023-05-28,N,BR,F,60,2014-08-03,0.0,105,1.0,,1.0,A,S,N,,KAT,N,MG,1.0,37388.21,01 - ALTA RENDA,0,0,0,0,0,0,0,0,0,0,0,0,1,0,0,0,0,0,0,0,0,0.0,0.0,0,"[""SEG-VIP"", ""SEG-SENIOR"", ""SEG-CREDITO-ATIVO"", ""SEG-SEM-CARTAO"", ""SEG-INVESTIDOR-INICIANTE"", ""SEG-POUPADOR"", ""SEG-PERFIL-FAMILIAR"", ""SEG-VIAJANTE-EVENTO""]",1
140111,2022-12-28,N,BR,M,68,2006-10-29,0.0,196,1.0,,1.0,I,S,N,,KAT,N,MG,0.0,23595.21,02 - VAREJO,0,0,0,0,0,0,0,0,0,0,0,0,0,0,0,0,0,0,0,0,0,0.0,0.0,0,"[""SEG-SENIOR""]",0
135005,2023-04-28,N,BR,F,45,2006-06-15,0.0,202,1.0,,1.0,A,S,N,,KAT,N,SP,1.0,43066.1,02 - VAREJO,0,0,0,0,0,0,0,1,0,0,0,0,0,0,0,0,0,0,0,0,0,0.0,0.0,1,"[""SEG-CREDITO-ATIVO"", ""SEG-SEM-CARTAO"", ""SEG-INVESTIDOR-INICIANTE"", ""SEG-POUPADOR"", ""SEG-PERFIL-FAMILIAR"", ""SEG-VIAJANTE-EVENTO""]",1
180116,2023-02-28,N,BR,F,60,2007-06-30,0.0,188,1.0,,1.0,A,S,N,,KAT,N,SP,1.0,291436.26,02 - VAREJO,0,0,1,0,0,0,0,1,0,0,0,0,0,1,0,0,0,0,0,0,0,0.0,0.0,0,"[""SEG-SENIOR"", ""SEG-CREDITO-ATIVO"", ""SEG-SEM-CARTAO"", ""SEG-POUPADOR"", ""SEG-CONTRIBUINTE-IR"", ""SEG-INVESTIDOR-EXPERIENTE"", ""SEG-PERFIL-FAMILIAR""]",0
63043,2023-02-28,N,BR,F,55,2004-05-02,0.0,226,1.0,,1.0,A,S,N,,KAT,N,RJ,1.0,155575.97,02 - VAREJO,0,0,1,0,0,0,0,1,0,0,0,0,0,1,0,0,0,0,0,0,0,0.0,0.0,0,"[""SEG-SENIOR"", ""SEG-ALTA-RENDA"", ""SEG-CREDITO-ATIVO"", ""SEG-SEM-CARTAO"", ""SEG-POUPADOR"", ""SEG-CONTRIBUINTE-IR"", ""SEG-INVESTIDOR-EXPERIENTE"", ""SEG-PERFIL-FAMILIAR""]",0
868251,2023-05-28,N,BR,F,47,2017-03-17,0.0,74,1.0,,1,A,S,N,,KAT,N,SP,1.0,75201.74,02 - VAREJO,0,0,1,0,0,0,0,0,0,0,0,1,0,0,0,0,0,0,0,0,0,0.0,0.0,0,"[""SEG-ALTA-RENDA"", ""SEG-CREDITO-ATIVO"", ""SEG-SEM-CARTAO"", ""SEG-INVESTIDOR-INICIANTE"", ""SEG-POUPADOR"", ""SEG-CONTRIBUINTE-IR"", ""SEG-PERFIL-FAMILIAR""]",0
67596,2022-09-28,N,BR,F,51,2004-07-15,0.0,218,1.0,,1.0,I,S,N,,KAT,N,RS,0.0,335838.57,02 - VAREJO,0,0,0,0,0,0,0,0,0,0,0,0,0,0,0,0,0,0,0,0,0,0.0,0.0,0,"[""SEG-ALTA-RENDA"", ""SEG-POUPADOR"", ""SEG-CONTRIBUINTE-IR""]",0
532031,2022-06-28,N,BR,F,54,2012-06-06,0.0,121,1.0,,1.0,A,S,N,,KAT,N,SP,1.0,30340.3,02 - VAREJO,0,0,0,0,1,0,0,0,1,0,0,0,0,0,1,0,0,0,0,0,0,1.0,1.0,1,"[""SEG-SEM-CARTAO"", ""SEG-INVESTIDOR-INICIANTE"", ""SEG-PERFIL-FAMILIAR"", ""SEG-PROPRIETARIO""]",0
1410023,2023-01-28,N,BR,M,21,2022-07-21,0.0,6,1.0,,1.0,A,S,N,,KHQ,N,RJ,1.0,35350.45,03 - UNIVERSITARIO,0,0,1,0,0,0,0,0,0,0,0,0,0,0,0,0,0,0,0,0,0,0.0,0.0,0,"[""SEG-JOVEM"", ""SEG-CREDITO-ATIVO"", ""SEG-SEM-CARTAO"", ""SEG-INVESTIDOR-INICIANTE"", ""SEG-POUPADOR""]",0
980586,2022-12-28,N,BR,M,26,2018-11-16,0.0,49,1.0,,1.0,I,S,N,,KHE,N,SP,0.0,74176.2,03 - UNIVERSITARIO,0,0,1,0,0,0,0,0,0,0,0,0,0,0,0,0,0,0,0,0,0,0.0,0.0,0,"[""SEG-JOVEM"", ""SEG-ALTA-RENDA"", ""SEG-POUPADOR""]",0
730735,2022-11-28,N,BR,F,55,2021-07-30,0.0,25,1.0,,1.0,A,S,N,,KFC,N,RJ,1.0,53204.54,02 - VAREJO,0,0,0,0,0,0,0,0,0,0,0,0,0,0,0,0,0,0,0,0,0,0.0,0.0,0,"[""SEG-SENIOR"", ""SEG-CREDITO-ATIVO"", ""SEG-SEM-CARTAO"", ""SEG-INVESTIDOR-INICIANTE"", ""SEG-POUPADOR"", ""SEG-CONTRIBUINTE-IR"", ""SEG-PERFIL-FAMILIAR""]",0
1064549,2023-01-28,N,BR,M,24,2019-09-21,0.0,40,1.0,,1.0,I,S,N,,KHE,N,AC,0.0,11966.41,03 - UNIVERSITARIO,0,0,1,0,0,0,0,0,0,0,0,0,0,0,0,0,0,0,0,0,0,0.0,0.0,0,"[""SEG-JOVEM"", ""SEG-VIAJANTE-EVENTO""]",1
738742,2022-11-28,N,BR,F,47,2014-12-26,0.0,95,1.0,,1.0,I,S,N,,KFC,N,RS,0.0,97114.62,02 - VAREJO,0,0,0,0,0,0,0,0,0,0,0,0,0,0,0,0,0,0,0,0,0,0.0,0.0,0,"[""SEG-ALTA-RENDA"", ""SEG-POUPADOR"", ""SEG-CONTRIBUINTE-IR""]",0
65169,2023-01-28,N,BR,F,49,2004-06-04,0.0,223,1.0,,1,A,S,N,,KAT,N,RJ,1.0,44056.13,02 - VAREJO,0,0,1,0,0,0,0,1,0,0,0,0,0,0,0,0,0,1,0,1,0,0.0,0.0,1,"[""SEG-CREDITO-ATIVO"", ""SEG-SEM-CARTAO"", ""SEG-INVESTIDOR-INICIANTE"", ""SEG-POUPADOR"", ""SEG-PERFIL-FAMILIAR""]",0
1409322,2023-02-28,N,BR,M,28,2022-07-20,0.0,7,1.0,,1.0,A,S,N,,KHN,N,RJ,1.0,108886.94,02 - VAREJO,0,0,0,0,1,0,0,0,0,0,0,0,0,0,0,0,0,0,0,0,0,1.0,1.0,0,"[""SEG-JOVEM"", ""SEG-ALTA-RENDA"", ""SEG-CREDITO-ATIVO"", ""SEG-SEM-CARTAO"", ""SEG-INVESTIDOR-INICIANTE"", ""SEG-POUPADOR"", ""SEG-PERFIL-FAMILIAR""]",0
343771,2022-12-28,N,BR,M,37,2009-03-18,0.0,165,1.0,,1.0,A,S,N,,KFC,N,SP,1.0,127435.31,02 - VAREJO,0,0,0,0,1,0,0,0,1,0,0,0,0,0,0,0,0,1,0,0,0,1.0,1.0,1,"[""SEG-ALTA-RENDA"", ""SEG-CREDITO-ATIVO"", ""SEG-SEM-CARTAO"", ""SEG-INVESTIDOR-INICIANTE"", ""SEG-POUPADOR"", ""SEG-CONTRIBUINTE-IR"", ""SEG-PERFIL-FAMILIAR""]",0
407624,2022-04-28,N,BR,F,55,2010-02-18,0.0,149,1.0,,1.0,A,S,N,,KAT,N,SP,1.0,170474.48,02 - VAREJO,0,0,1,0,0,0,0,1,0,0,0,0,1,0,0,0,0,0,0,0,0,0.0,0.0,0,"[""SEG-SENIOR"", ""SEG-ALTA-RENDA"", ""SEG-CREDITO-ATIVO"", ""SEG-SEM-CARTAO"", ""SEG-INVESTIDOR-INICIANTE"", ""SEG-POUPADOR"", ""SEG-CONTRIBUINTE-IR"", ""SEG-PERFIL-FAMILIAR""]",0
911132,2023-05-28,N,BR,M,72,2018-04-25,0.0,61,1.0,,1.0,A,S,S,,KFC,N,AL,1.0,18264.23,02 - VAREJO,0,0,1,0,0,0,0,0,0,0,0,1,0,0,0,0,0,0,0,0,0,0.0,0.0,0,"[""SEG-SENIOR"", ""SEG-SEM-CARTAO"", ""SEG-INVESTIDOR-INICIANTE""]",0
1386785,2023-01-28,N,BR,M,48,2022-03-09,0.0,10,1.0,,1,A,S,S,,KHK,N,SP,1.0,454144.62,02 - VAREJO,0,0,1,0,0,0,0,0,0,0,0,0,0,0,0,0,0,1,0,0,0,0.0,0.0,1,"[""SEG-ALTA-RENDA"", ""SEG-CREDITO-ATIVO"", ""SEG-SEM-CARTAO"", ""SEG-INVESTIDOR-INICIANTE"", ""SEG-POUPADOR"", ""SEG-CONTRIBUINTE-IR"", ""SEG-PERFIL-FAMILIAR""]",0
841932,2022-11-28,N,BR,M,51,2016-05-04,0.0,78,1.0,,1.0,A,S,N,,KAT,N,SP,1.0,240624.51,01 - ALTA RENDA,0,0,1,0,0,0,0,0,0,0,0,0,0,0,0,0,0,0,0,0,0,0.0,0.0,0,"[""SEG-VIP"", ""SEG-ALTA-RENDA"", ""SEG-CREDITO-ATIVO"", ""SEG-SEM-CARTAO"", ""SEG-INVESTIDOR-INICIANTE"", ""SEG-POUPADOR"", ""SEG-CONTRIBUINTE-IR"", ""SEG-PERFIL-FAMILIAR""]",0
1480763,2022-12-28,N,BR,F,22,2022-10-15,1.0,2,1.0,,1,I,S,N,,KHQ,N,SP,1.0,66272.1,03 - UNIVERSITARIO,0,0,1,0,0,0,0,0,0,0,0,0,0,0,0,0,0,0,0,0,0,0.0,0.0,0,"[""SEG-JOVEM"", ""SEG-INVESTIDOR-INICIANTE"", ""SEG-POUPADOR"", ""SEG-VIAJANTE-EVENTO""]",1
808034,2023-03-28,N,BR,F,35,2015-10-23,0.0,89,1.0,,1.0,I,S,N,,KFC,N,MG,0.0,310143.11,02 - VAREJO,0,0,1,0,0,0,0,0,0,0,0,0,0,0,0,0,0,0,0,0,0,0.0,0.0,0,"[""SEG-ALTA-RENDA"", ""SEG-POUPADOR"", ""SEG-CONTRIBUINTE-IR""]",0
300869,2022-08-28,N,BR,F,67,2008-11-24,0.0,165,1.0,,1.0,I,S,N,,KFC,N,SP,0.0,302404.24,02 - VAREJO,0,0,0,0,0,0,0,1,0,0,0,0,0,0,0,0,0,0,0,0,0,0.0,0.0,0,"[""SEG-SENIOR"", ""SEG-POUPADOR""]",0
1369102,2022-12-28,N,BR,M,19,2021-12-15,0.0,12,1.0,,1.0,A,S,N,,KFC,N,RS,1.0,80943.58,02 - VAREJO,0,0,0,0,1,0,0,0,0,0,0,0,0,0,0,0,0,0,0,0,0,0.0,1.0,1,"[""SEG-JOVEM"", ""SEG-CREDITO-ATIVO"", ""SEG-SEM-CARTAO"", ""SEG-INVESTIDOR-INICIANTE"", ""SEG-POUPADOR""]",0
1506206,2023-05-28,N,BR,F,18,2022-11-18,0.0,6,1.0,,1.0,A,S,N,,KHQ,N,RJ,1.0,59710.33,03 - UNIVERSITARIO,0,0,1,0,0,0,0,0,0,0,0,0,0,0,0,0,0,0,0,0,0,0.0,0.0,0,"[""SEG-JOVEM"", ""SEG-CREDITO-ATIVO"", ""SEG-SEM-CARTAO"", ""SEG-INVESTIDOR-INICIANTE"", ""SEG-POUPADOR""]",0
971566,2023-03-28,N,BR,F,26,2018-10-31,0.0,53,1.0,,1.0,I,S,N,,KHE,N,ES,0.0,62821.96,03 - UNIVERSITARIO,0,0,1,0,0,0,0,0,0,0,0,0,0,0,0,0,0,0,0,0,0,0.0,0.0,0,"[""SEG-JOVEM"", ""SEG-ALTA-RENDA"", ""SEG-POUPADOR""]",0
137493,2023-01-28,N,BR,M,70,2008-05-30,0.0,199,1.0,,1.0,A,S,N,,KAY,N,RJ,1.0,59626.82,02 - VAREJO,0,0,1,0,0,0,0,0,0,0,0,0,1,0,0,0,0,0,0,0,0,0.0,0.0,0,"[""SEG-SENIOR"", ""SEG-CREDITO-ATIVO"", ""SEG-SEM-CARTAO"", ""SEG-INVESTIDOR-INICIANTE"", ""SEG-POUPADOR""]",0
266594,2023-05-28,N,BR,F,38,2008-08-02,0.0,45,1.0,,1.0,A,S,N,,KAT,N,BA,1.0,8162.84,02 - VAREJO,0,0,1,0,0,0,0,0,0,0,0,0,0,0,0,0,0,0,0,0,0,0.0,0.0,1,"[""SEG-SEM-CARTAO"", ""SEG-INVESTIDOR-INICIANTE"", ""SEG-PERFIL-FAMILIAR"", ""SEG-VIAJANTE-EVENTO""]",1
194810,2022-05-28,N,BR,F,57,2007-09-27,0.0,178,1.0,,1.0,A,S,N,,KAT,N,PE,1.0,168295.0,01 - ALTA RENDA,0,0,1,0,0,0,0,0,0,0,0,1,1,0,0,0,0,0,0,0,0,0.0,0.0,1,"[""SEG-VIP"", ""SEG-SENIOR"", ""SEG-CREDITO-ATIVO"", ""SEG-SEM-CARTAO"", ""SEG-INVESTIDOR-INICIANTE"", ""SEG-POUPADOR"", ""SEG-CONTRIBUINTE-IR"", ""SEG-PERFIL-FAMILIAR""]",0
751376,2022-11-28,N,BR,M,56,2015-02-28,0.0,93,1.0,,1.0,A,S,N,,KAM,N,RJ,1.0,57588.71,02 - VAREJO,0,0,1,0,0,0,0,0,0,0,0,0,0,0,0,0,0,0,0,0,0,0.0,0.0,0,"[""SEG-SENIOR"", ""SEG-CREDITO-ATIVO"", ""SEG-SEM-CARTAO"", ""SEG-INVESTIDOR-INICIANTE"", ""SEG-POUPADOR"", ""SEG-CONTRIBUINTE-IR"", ""SEG-PERFIL-FAMILIAR"", ""SEG-VIAJANTE-EVENTO""]",1
37126,2022-10-28,N,BR,F,63,2007-08-07,0.0,182,1.0,,1.0,A,S,N,,KAT,N,SP,1.0,70630.23,02 - VAREJO,0,0,1,0,0,0,0,1,0,0,0,0,0,1,0,0,0,1,1,0,0,0.0,0.0,0,"[""SEG-SENIOR"", ""SEG-CREDITO-ATIVO"", ""SEG-POUPADOR"", ""SEG-INVESTIDOR-EXPERIENTE""]",0
708059,2022-11-28,N,BR,F,30,2014-08-02,0.0,11,1.0,,1,I,S,N,,KHL,N,PR,0.0,132367.66,02 - VAREJO,0,0,0,0,0,0,0,0,0,0,0,0,1,0,0,0,0,0,0,0,0,0.0,0.0,0,"[""SEG-ALTA-RENDA"", ""SEG-POUPADOR"", ""SEG-CONTRIBUINTE-IR"", ""SEG-VIAJANTE-EVENTO""]",1
471908,2023-03-28,N,BR,M,78,2011-05-03,0.0,143,1.0,,1,A,S,N,,KFC,N,BA,1.0,38883.95,02 - VAREJO,0,0,1,0,0,0,0,0,0,0,0,0,0,0,0,0,0,0,0,0,0,0.0,0.0,1,"[""SEG-SENIOR"", ""SEG-CREDITO-ATIVO"", ""SEG-SEM-CARTAO"", ""SEG-INVESTIDOR-INICIANTE"", ""SEG-POUPADOR""]",0
243778,2023-04-28,N,BR,F,84,2008-05-09,0.0,179,1.0,,1.0,A,S,N,,KAT,N,SP,1.0,191175.15,02 - VAREJO,0,0,1,0,0,0,0,0,0,0,0,1,0,0,0,0,0,0,0,0,0,0.0,0.0,0,"[""SEG-SENIOR"", ""SEG-CREDITO-ATIVO"", ""SEG-SEM-CARTAO"", ""SEG-INVESTIDOR-INICIANTE"", ""SEG-POUPADOR""]",0
53583,2022-01-28,N,BR,F,68,2004-01-08,0.0,217,1.0,,1.0,A,S,N,,007,N,SP,1.0,414804.69,01 - ALTA RENDA,0,0,1,0,0,0,0,0,0,0,0,0,1,1,0,1,0,0,0,1,0,0.0,0.0,1,"[""SEG-VIP"", ""SEG-SENIOR"", ""SEG-CREDITO-ATIVO"", ""SEG-SEM-CARTAO"", ""SEG-POUPADOR""]",0
310696,2023-04-28,N,BR,M,71,2018-10-28,0.0,172,1.0,,1,A,S,N,,KFC,N,SP,1.0,183124.89,02 - VAREJO,0,0,0,0,0,0,0,0,0,0,0,0,0,0,0,0,0,0,1,0,0,0.0,0.0,0,"[""SEG-SENIOR"", ""SEG-CREDITO-ATIVO"", ""SEG-INVESTIDOR-INICIANTE"", ""SEG-POUPADOR""]",0
1005335,2022-01-28,N,BR,M,44,2019-02-16,0.0,41,1.0,,1.0,A,S,N,,KFC,N,SP,1.0,26773.67,02 - VAREJO,0,0,1,0,0,0,0,0,0,0,0,0,1,0,0,0,0,0,0,0,0,0.0,0.0,1,"[""SEG-SEM-CARTAO"", ""SEG-INVESTIDOR-INICIANTE"", ""SEG-PERFIL-FAMILIAR"", ""SEG-VIAJANTE-EVENTO""]",1
797639,2022-07-28,N,BR,F,54,2015-10-01,0.0,81,1.0,,1,A,S,N,,KAT,N,MS,1.0,46723.08,02 - VAREJO,0,0,1,0,0,0,0,0,0,0,0,0,1,0,0,0,0,0,0,0,0,0.0,0.0,1,"[""SEG-CREDITO-ATIVO"", ""SEG-SEM-CARTAO"", ""SEG-INVESTIDOR-INICIANTE"", ""SEG-POUPADOR"", ""SEG-CONTRIBUINTE-IR"", ""SEG-PERFIL-FAMILIAR""]",0
1442460,2022-12-28,N,BR,F,40,2022-09-04,1.0,3,1.0,,1,A,S,N,,KHM,N,MG,1.0,44341.97,02 - VAREJO,0,0,1,0,0,0,0,0,0,0,0,0,0,0,0,0,0,0,0,0,0,0.0,0.0,0,"[""SEG-SEM-CARTAO"", ""SEG-INVESTIDOR-INICIANTE"", ""SEG-POUPADOR"", ""SEG-PERFIL-FAMILIAR""]",0
956816,2023-05-28,N,BR,M,26,2018-10-07,0.0,55,1.0,,1.0,A,S,N,,KHE,N,RS,1.0,64057.58,03 - UNIVERSITARIO,0,0,1,0,0,0,0,0,0,0,0,0,0,0,0,0,0,0,0,0,0,0.0,0.0,0,"[""SEG-JOVEM"", ""SEG-ALTA-RENDA"", ""SEG-CREDITO-ATIVO"", ""SEG-SEM-CARTAO"", ""SEG-INVESTIDOR-INICIANTE"", ""SEG-POUPADOR"", ""SEG-PERFIL-FAMILIAR""]",0
605894,2022-08-28,N,BR,M,40,2013-04-03,0.0,112,1.0,,1.0,A,S,N,,KAT,N,AL,1.0,44334.03,02 - VAREJO,0,0,1,0,0,0,0,0,0,0,0,0,0,0,0,0,0,0,0,0,0,0.0,0.0,0,"[""SEG-CREDITO-ATIVO"", ""SEG-SEM-CARTAO"", ""SEG-INVESTIDOR-INICIANTE"", ""SEG-POUPADOR"", ""SEG-PERFIL-FAMILIAR""]",0
373310,2022-12-28,N,BR,M,41,2010-06-09,0.0,161,1.0,,1.0,A,S,N,,KAT,N,SP,1.0,159198.45,02 - VAREJO,0,0,0,0,1,0,0,0,0,0,0,0,1,0,0,0,0,1,1,0,0,1.0,1.0,1,"[""SEG-ALTA-RENDA"", ""SEG-CREDITO-ATIVO"", ""SEG-INVESTIDOR-INICIANTE"", ""SEG-POUPADOR"", ""SEG-CONTRIBUINTE-IR"", ""SEG-PERFIL-FAMILIAR""]",0
1302999,2023-05-28,N,BR,F,21,2021-09-08,0.0,20,1.0,,1.0,I,S,N,,KHE,N,MG,0.0,10979.02,03 - UNIVERSITARIO,0,0,1,0,0,0,0,0,0,0,0,0,0,0,0,0,0,0,0,0,0,0.0,0.0,0,"[""SEG-JOVEM""]",0
133622,2022-09-28,N,BR,F,69,2007-03-17,0.0,186,1.0,,1,A,S,N,,KAT,N,SP,1.0,110072.69,02 - VAREJO,0,0,1,0,0,0,0,1,0,0,0,0,0,0,1,0,0,1,0,0,0,0.0,0.0,1,"[""SEG-SENIOR"", ""SEG-CREDITO-ATIVO"", ""SEG-SEM-CARTAO"", ""SEG-INVESTIDOR-INICIANTE"", ""SEG-POUPADOR"", ""SEG-PROPRIETARIO""]",0
1005684,2022-08-28,N,BR,F,55,2019-02-20,0.0,42,1.0,,1.0,I,S,N,,KFC,N,RS,0.0,17603.15,02 - VAREJO,0,0,0,0,0,0,0,0,0,0,0,0,0,0,0,0,0,0,0,0,0,0.0,0.0,0,"[""SEG-SENIOR""]",0
239795,2023-02-28,N,BR,F,42,2008-04-12,0.0,178,1.0,,1.0,A,S,N,,KFC,N,RR,1.0,39931.2,02 - VAREJO,0,0,1,0,0,0,0,1,1,0,0,0,0,0,0,0,0,0,0,0,0,1.0,1.0,0,"[""SEG-CREDITO-ATIVO"", ""SEG-SEM-CARTAO"", ""SEG-INVESTIDOR-INICIANTE"", ""SEG-POUPADOR"", ""SEG-PERFIL-FAMILIAR""]",0
1056151,2022-09-28,N,BR,F,24,2019-09-05,0.0,36,1.0,,1,A,S,N,,KFC,N,BA,1.0,32990.58,03 - UNIVERSITARIO,0,0,1,0,0,0,0,0,0,0,0,0,0,0,0,0,0,0,0,0,0,0.0,0.0,1,"[""SEG-JOVEM"", ""SEG-SEM-CARTAO"", ""SEG-INVESTIDOR-INICIANTE""]",0
1301219,2022-04-28,N,BR,F,21,2021-09-02,0.0,11,1.0,,1.0,I,S,N,,KHE,N,MG,0.0,39683.59,03 - UNIVERSITARIO,0,0,1,0,0,0,0,0,0,0,0,0,0,0,0,0,0,0,0,0,0,0.0,0.0,0,"[""SEG-JOVEM"", ""SEG-POUPADOR""]",0
209039,2023-02-28,N,BR,F,46,2007-12-12,0.0,182,1.0,,1.0,A,S,N,,KAT,N,SP,1.0,42403.57,01 - ALTA RENDA,0,0,0,0,1,0,0,0,0,0,0,1,1,0,1,0,0,1,1,0,0,1.0,1.0,1,"[""SEG-VIP"", ""SEG-CREDITO-ATIVO"", ""SEG-INVESTIDOR-INICIANTE"", ""SEG-POUPADOR"", ""SEG-PERFIL-FAMILIAR"", ""SEG-PROPRIETARIO""]",0
159835,2023-04-28,N,BR,F,56,2007-02-09,0.0,194,1.0,,1.0,A,S,N,,KAT,N,RJ,1.0,169841.58,02 - VAREJO,0,0,1,0,0,0,0,0,1,0,0,0,0,0,0,0,0,0,1,0,0,0.0,0.0,0,"[""SEG-SENIOR"", ""SEG-CREDITO-ATIVO"", ""SEG-INVESTIDOR-INICIANTE"", ""SEG-POUPADOR"", ""SEG-CONTRIBUINTE-IR"", ""SEG-PERFIL-FAMILIAR""]",0
1326656,2023-05-28,N,BR,M,22,2021-10-07,0.0,19,1.0,,1.0,I,S,N,,KHE,N,BA,0.0,8182.19,03 - UNIVERSITARIO,0,0,1,0,0,0,0,0,0,0,0,0,0,0,0,0,0,0,0,0,0,0.0,0.0,0,"[""SEG-JOVEM""]",0
1183591,2022-12-28,N,BR,M,26,2020-09-25,0.0,27,1.0,,1.0,A,S,N,,KHE,N,SP,1.0,111469.35,03 - UNIVERSITARIO,0,0,0,0,1,0,0,0,0,0,0,0,0,0,0,0,0,0,0,0,0,1.0,1.0,1,"[""SEG-JOVEM"", ""SEG-ALTA-RENDA"", ""SEG-CREDITO-ATIVO"", ""SEG-SEM-CARTAO"", ""SEG-INVESTIDOR-INICIANTE"", ""SEG-POUPADOR"", ""SEG-PERFIL-FAMILIAR""]",0
121536,2023-03-28,N,BR,M,49,2006-02-12,0.0,205,1.0,,1.0,A,S,N,,013,N,RJ,1.0,96661.34,02 - VAREJO,0,0,0,0,0,0,0,0,0,0,0,0,0,0,0,0,0,0,0,0,0,0.0,0.0,0,"[""SEG-ALTA-RENDA"", ""SEG-CREDITO-ATIVO"", ""SEG-SEM-CARTAO"", ""SEG-INVESTIDOR-INICIANTE"", ""SEG-POUPADOR"", ""SEG-CONTRIBUINTE-IR"", ""SEG-PERFIL-FAMILIAR""]",0
367763,2023-04-28,N,BR,F,50,2009-07-02,0.0,166,1.0,,1.0,A,S,N,,KAT,N,SP,1.0,274161.1,01 - ALTA RENDA,0,0,1,0,0,0,0,1,0,0,0,0,0,0,0,0,0,0,0,0,0,0.0,0.0,0,"[""SEG-VIP"", ""SEG-ALTA-RENDA"", ""SEG-CREDITO-ATIVO"", ""SEG-SEM-CARTAO"", ""SEG-INVESTIDOR-INICIANTE"", ""SEG-POUPADOR"", ""SEG-CONTRIBUINTE-IR"", ""SEG-PERFIL-FAMILIAR""]",0
47332,2022-11-28,N,BR,M,58,2003-10-17,0.0,229,1.0,,1,A,S,N,,KAT,N,MS,1.0,20849.73,02 - VAREJO,0,0,1,0,0,0,0,1,0,0,0,0,0,0,0,0,0,0,0,0,0,0.0,0.0,1,"[""SEG-SENIOR"", ""SEG-SEM-CARTAO"", ""SEG-INVESTIDOR-INICIANTE"", ""SEG-PERFIL-FAMILIAR""]",0
1232010,2022-09-28,N,BR,M,25,2020-12-16,0.0,21,1.0,,1,I,S,N,,KHE,N,SP,0.0,77794.85,03 - UNIVERSITARIO,0,0,0,0,0,0,0,0,0,0,0,0,0,0,0,0,0,0,0,0,0,0.0,0.0,0,"[""SEG-JOVEM"", ""SEG-ALTA-RENDA"", ""SEG-POUPADOR""]",0
1366406,2023-04-28,N,BR,F,22,2021-12-05,0.0,16,1.0,,1.0,A,S,N,,KHK,N,PA,1.0,29574.3,02 - VAREJO,0,0,1,0,0,0,0,0,0,0,0,0,0,0,0,0,0,0,0,0,0,0.0,0.0,0,"[""SEG-JOVEM"", ""SEG-SEM-CARTAO"", ""SEG-INVESTIDOR-INICIANTE"", ""SEG-VIAJANTE-EVENTO""]",1
45537,2022-02-28,N,BR,F,55,2003-09-11,0.0,226,1.0,,1.0,A,S,N,,KAT,N,SP,1.0,314186.61,01 - ALTA RENDA,0,0,0,0,1,0,0,0,0,0,0,0,1,0,0,0,0,0,0,1,0,1.0,1.0,1,"[""SEG-VIP"", ""SEG-SENIOR"", ""SEG-ALTA-RENDA"", ""SEG-CREDITO-ATIVO"", ""SEG-SEM-CARTAO"", ""SEG-INVESTIDOR-INICIANTE"", ""SEG-POUPADOR"", ""SEG-CONTRIBUINTE-IR"", ""SEG-PERFIL-FAMILIAR""]",0
171240,2023-04-28,N,BR,M,43,2007-04-06,0.0,192,1.0,,1.0,A,S,N,,KAT,N,SP,1.0,99740.0,02 - VAREJO,0,0,1,0,0,0,0,0,0,0,0,0,0,0,0,0,0,0,0,0,0,0.0,0.0,1,"[""SEG-ALTA-RENDA"", ""SEG-CREDITO-ATIVO"", ""SEG-SEM-CARTAO"", ""SEG-INVESTIDOR-INICIANTE"", ""SEG-POUPADOR"", ""SEG-CONTRIBUINTE-IR"", ""SEG-PERFIL-FAMILIAR""]",0
432396,2023-03-28,N,BR,M,38,2010-08-25,0.0,151,1.0,,1.0,I,S,N,,KAE,N,MG,0.0,95687.46,02 - VAREJO,0,0,0,0,0,0,0,1,0,0,0,0,0,0,0,0,0,0,0,0,0,0.0,0.0,0,"[""SEG-ALTA-RENDA"", ""SEG-POUPADOR"", ""SEG-CONTRIBUINTE-IR""]",0
149324,2023-02-28,N,BR,F,51,2006-11-25,0.0,195,1.0,,1.0,A,S,S,,KAT,N,SP,1.0,168853.51,01 - ALTA RENDA,0,0,0,0,1,0,0,0,0,0,0,0,1,1,1,0,0,0,0,0,0,1.0,1.0,1,"[""SEG-VIP"", ""SEG-ALTA-RENDA"", ""SEG-CREDITO-ATIVO"", ""SEG-SEM-CARTAO"", ""SEG-POUPADOR"", ""SEG-CONTRIBUINTE-IR"", ""SEG-INVESTIDOR-EXPERIENTE"", ""SEG-PERFIL-FAMILIAR"", ""SEG-PROPRIETARIO""]",0
1496917,2023-05-28,N,BR,M,19,2022-11-02,0.0,7,1.0,,1.0,I,S,N,,KHQ,N,SP,0.0,69050.14,03 - UNIVERSITARIO,0,0,0,0,0,0,0,0,0,0,0,0,0,0,0,0,0,0,0,0,0,0.0,0.0,0,"[""SEG-JOVEM"", ""SEG-POUPADOR""]",0
1021379,2022-03-28,N,BR,M,59,2019-06-29,0.0,37,1.0,,1.0,A,S,N,,KAZ,N,SP,0.0,561032.84,02 - VAREJO,0,0,1,0,0,0,0,0,0,0,0,0,1,0,0,0,0,0,0,0,0,0.0,0.0,0,"[""SEG-SENIOR"", ""SEG-POUPADOR"", ""SEG-CONTRIBUINTE-IR""]",0
213984,2023-02-28,N,BR,F,56,2008-01-10,0.0,181,1.0,,1.0,A,S,N,,KAT,N,SP,1.0,42925.76,02 - VAREJO,0,0,1,0,0,0,0,1,0,0,0,0,0,0,0,0,0,0,0,0,0,0.0,0.0,0,"[""SEG-SENIOR"", ""SEG-CREDITO-ATIVO"", ""SEG-SEM-CARTAO"", ""SEG-INVESTIDOR-INICIANTE"", ""SEG-POUPADOR"", ""SEG-PERFIL-FAMILIAR""]",0
989777,2022-05-28,N,BR,M,25,2018-12-05,0.0,43,1.0,,1.0,I,S,N,,KHE,N,MS,0.0,7786.35,03 - UNIVERSITARIO,0,0,1,0,0,0,0,0,0,0,0,0,0,0,0,0,0,0,0,0,0,0.0,0.0,0,"[""SEG-JOVEM""]",0
728389,2023-04-28,N,BR,F,73,2014-10-25,0.0,102,1.0,,1.0,A,S,N,,KAF,N,BA,1.0,42330.94,01 - ALTA RENDA,0,0,1,0,0,0,0,0,0,0,0,0,0,1,0,0,0,0,0,0,0,0.0,0.0,0,"[""SEG-VIP"", ""SEG-SENIOR"", ""SEG-CREDITO-ATIVO"", ""SEG-SEM-CARTAO"", ""SEG-POUPADOR"", ""SEG-INVESTIDOR-EXPERIENTE""]",0
305387,2023-05-28,N,BR,M,43,2008-12-07,0.0,173,1.0,,1.0,A,S,N,,KAT,N,SP,1.0,69227.79,02 - VAREJO,0,0,0,0,1,0,0,0,0,0,0,0,0,0,0,0,0,1,0,0,0,1.0,1.0,1,"[""SEG-ALTA-RENDA"", ""SEG-CREDITO-ATIVO"", ""SEG-SEM-CARTAO"", ""SEG-INVESTIDOR-INICIANTE"", ""SEG-POUPADOR"", ""SEG-CONTRIBUINTE-IR"", ""SEG-PERFIL-FAMILIAR""]",0
513582,2022-12-28,N,BR,F,37,2012-01-25,0.0,131,1.0,,1.0,A,S,N,,KFC,N,SP,1.0,200880.63,02 - VAREJO,0,0,1,0,0,0,0,1,0,0,0,0,0,0,0,0,0,0,0,1,1,0.0,0.0,0,"[""SEG-ALTA-RENDA"", ""SEG-CREDITO-ATIVO"", ""SEG-SEM-CARTAO"", ""SEG-INVESTIDOR-INICIANTE"", ""SEG-POUPADOR"", ""SEG-CONTRIBUINTE-IR"", ""SEG-PERFIL-FAMILIAR""]",0
1132913,2023-04-28,N,BR,F,75,2020-05-03,0.0,35,1.0,,1,A,S,N,,KFC,N,RJ,1.0,22719.84,01 - ALTA RENDA,0,0,1,0,0,0,0,0,0,0,0,1,1,0,0,0,0,0,0,0,0,0.0,0.0,0,"[""SEG-VIP"", ""SEG-SENIOR"", ""SEG-SEM-CARTAO"", ""SEG-INVESTIDOR-INICIANTE""]",0
1237394,2022-09-28,N,BR,F,24,2021-01-10,0.0,20,1.0,,1,A,S,N,,KFC,N,SP,1.0,170770.42,03 - UNIVERSITARIO,0,0,1,0,0,0,0,0,0,0,0,0,0,1,0,0,0,0,0,0,0,0.0,0.0,0,"[""SEG-JOVEM"", ""SEG-CREDITO-ATIVO"", ""SEG-SEM-CARTAO"", ""SEG-POUPADOR"", ""SEG-INVESTIDOR-EXPERIENTE""]",0
1334910,2023-05-28,N,BR,M,19,2021-10-16,0.0,19,1.0,,1.0,A,S,N,,KHE,N,SP,1.0,202079.58,03 - UNIVERSITARIO,0,0,1,0,0,0,0,0,0,0,0,0,0,0,0,0,0,0,0,0,0,0.0,0.0,0,"[""SEG-JOVEM"", ""SEG-CREDITO-ATIVO"", ""SEG-SEM-CARTAO"", ""SEG-INVESTIDOR-INICIANTE"", ""SEG-POUPADOR""]",0
564509,2022-11-28,N,BR,F,60,2012-10-11,0.0,121,1.0,,1.0,A,S,N,,KCH,N,PR,1.0,48038.06,01 - ALTA RENDA,0,0,1,0,0,0,0,1,1,0,0,1,1,0,0,0,0,1,0,0,0,0.0,0.0,1,"[""SEG-VIP"", ""SEG-SENIOR"", ""SEG-CREDITO-ATIVO"", ""SEG-SEM-CARTAO"", ""SEG-INVESTIDOR-INICIANTE"", ""SEG-POUPADOR"", ""SEG-CONTRIBUINTE-IR"", ""SEG-PERFIL-FAMILIAR""]",0
121358,2022-06-28,N,BR,F,44,2006-02-05,0.0,197,1.0,,1.0,A,S,N,,KAT,N,SP,1.0,147574.71,02 - VAREJO,0,0,1,0,1,0,0,0,0,0,0,0,1,0,0,0,0,1,1,1,0,1.0,1.0,1,"[""SEG-ALTA-RENDA"", ""SEG-CREDITO-ATIVO"", ""SEG-INVESTIDOR-INICIANTE"", ""SEG-POUPADOR"", ""SEG-CONTRIBUINTE-IR"", ""SEG-PERFIL-FAMILIAR""]",0
639874,2023-01-28,N,BR,F,71,2013-09-06,0.0,112,1.0,,1.0,I,S,N,,KBH,N,SP,0.0,131342.09,02 - VAREJO,0,0,0,0,0,0,0,0,0,0,0,0,0,0,0,0,0,0,0,0,0,0.0,0.0,0,"[""SEG-SENIOR"", ""SEG-POUPADOR""]",0
99373,2023-01-28,N,BR,F,48,2005-06-15,0.0,211,1.0,,1.0,A,S,N,,KAT,N,SP,1.0,79618.09,01 - ALTA RENDA,0,0,0,0,1,0,0,0,0,0,0,0,0,0,1,0,0,0,0,0,0,1.0,1.0,1,"[""SEG-VIP"", ""SEG-ALTA-RENDA"", ""SEG-CREDITO-ATIVO"", ""SEG-SEM-CARTAO"", ""SEG-INVESTIDOR-INICIANTE"", ""SEG-POUPADOR"", ""SEG-CONTRIBUINTE-IR"", ""SEG-PERFIL-FAMILIAR"", ""SEG-PROPRIETARIO""]",0
334837,2023-04-28,N,BR,F,43,2009-02-26,0.0,170,1.0,,1,A,S,N,,KAT,N,SP,1.0,48152.88,02 - VAREJO,0,0,0,0,1,0,0,0,0,0,0,0,0,0,0,0,0,0,0,0,0,1.0,1.0,1,"[""SEG-CREDITO-ATIVO"", ""SEG-SEM-CARTAO"", ""SEG-INVESTIDOR-INICIANTE"", ""SEG-POUPADOR"", ""SEG-CONTRIBUINTE-IR"", ""SEG-PERFIL-FAMILIAR"", ""SEG-VIAJANTE-EVENTO""]",1
79296,2023-05-28,N,BR,M,52,2004-12-12,0.0,221,1.0,,1.0,A,S,N,,KAT,N,SP,1.0,108512.97,01 - ALTA RENDA,0,0,0,0,0,0,0,0,0,0,0,1,1,0,0,1,0,0,0,0,0,0.0,0.0,0,"[""SEG-VIP"", ""SEG-ALTA-RENDA"", ""SEG-CREDITO-ATIVO"", ""SEG-SEM-CARTAO"", ""SEG-INVESTIDOR-INICIANTE"", ""SEG-POUPADOR"", ""SEG-PERFIL-FAMILIAR""]",0
1127267,2023-02-28,N,BR,F,31,2020-04-09,0.0,34,1.0,,1.0,I,S,N,,KFC,N,RS,0.0,51458.56,02 - VAREJO,0,0,0,0,0,0,0,0,0,0,0,0,0,0,0,0,0,0,0,0,0,0.0,0.0,0,"[""SEG-POUPADOR"", ""SEG-CONTRIBUINTE-IR"", ""SEG-VIAJANTE-EVENTO""]",1
245649,2022-11-28,N,BR,M,53,2008-05-11,0.0,174,1.0,,1.0,I,S,N,,KAT,N,SP,0.0,176066.98,02 - VAREJO,0,0,0,0,0,0,0,0,0,0,0,0,0,0,0,0,0,0,0,0,0,0.0,0.0,0,"[""SEG-ALTA-RENDA"", ""SEG-POUPADOR"", ""SEG-CONTRIBUINTE-IR""]",0
1067409,2022-09-28,N,BR,F,27,2019-09-25,0.0,36,1.0,,1.0,I,S,N,,KFC,N,BA,0.0,101133.08,02 - VAREJO,0,0,1,0,0,0,0,0,0,0,0,0,0,0,0,0,0,0,0,0,0,0.0,0.0,0,"[""SEG-JOVEM"", ""SEG-ALTA-RENDA"", ""SEG-POUPADOR"", ""SEG-VIAJANTE-EVENTO""]",1
1027051,2023-03-28,N,BR,F,25,2019-07-20,0.0,44,1.0,,1.0,I,S,N,,KHE,N,RJ,0.0,81223.73,03 - UNIVERSITARIO,0,0,0,0,0,0,0,0,0,0,0,0,0,0,0,0,0,0,0,0,0,0.0,0.0,0,"[""SEG-JOVEM"", ""SEG-ALTA-RENDA"", ""SEG-POUPADOR""]",0
164631,2022-09-28,N,BR,M,42,2007-03-06,0.0,186,1.0,,1.0,A,S,N,,KAT,N,SP,1.0,106567.39,02 - VAREJO,0,0,1,0,0,0,0,1,1,0,0,0,0,0,0,0,0,0,0,0,0,0.0,0.0,0,"[""SEG-ALTA-RENDA"", ""SEG-CREDITO-ATIVO"", ""SEG-SEM-CARTAO"", ""SEG-INVESTIDOR-INICIANTE"", ""SEG-POUPADOR"", ""SEG-CONTRIBUINTE-IR"", ""SEG-PERFIL-FAMILIAR""]",0
811826,2023-03-28,N,BR,F,78,2015-10-30,0.0,89,1.0,,1.0,A,S,N,,KFC,N,RJ,1.0,353145.79,02 - VAREJO,0,0,0,0,0,0,0,0,0,0,0,0,1,0,0,0,0,0,0,0,0,0.0,0.0,0,"[""SEG-SENIOR"", ""SEG-CREDITO-ATIVO"", ""SEG-SEM-CARTAO"", ""SEG-INVESTIDOR-INICIANTE"", ""SEG-POUPADOR""]",0
235538,2023-05-28,N,BR,F,52,2008-03-31,0.0,182,1.0,,1.0,A,S,N,,KCM,N,PR,1.0,46593.83,01 - ALTA RENDA,0,0,0,0,1,0,0,1,1,0,0,0,0,1,0,0,0,0,0,0,0,1.0,1.0,0,"[""SEG-VIP"", ""SEG-CREDITO-ATIVO"", ""SEG-SEM-CARTAO"", ""SEG-POUPADOR"", ""SEG-CONTRIBUINTE-IR"", ""SEG-INVESTIDOR-EXPERIENTE"", ""SEG-PERFIL-FAMILIAR""]",0
636440,2023-05-28,N,BR,M,42,2013-08-23,0.0,117,1.0,,1.0,A,S,N,,KAT,N,SP,1.0,47077.16,02 - VAREJO,0,0,1,0,0,0,0,1,0,0,0,0,0,0,0,0,0,1,0,0,0,0.0,0.0,1,"[""SEG-CREDITO-ATIVO"", ""SEG-SEM-CARTAO"", ""SEG-INVESTIDOR-INICIANTE"", ""SEG-POUPADOR"", ""SEG-CONTRIBUINTE-IR"", ""SEG-PERFIL-FAMILIAR""]",0
502428,2022-11-28,N,BR,F,33,2011-11-17,0.0,132,1.0,,1.0,A,S,N,,KAW,N,SP,0.0,72655.42,02 - VAREJO,0,0,1,0,0,0,0,0,0,0,0,0,0,0,0,0,0,0,0,0,0,0.0,0.0,0,"[""SEG-ALTA-RENDA"", ""SEG-POUPADOR"", ""SEG-CONTRIBUINTE-IR""]",0
439413,2022-03-28,N,BR,F,62,2010-10-11,0.0,142,1.0,,1.0,A,S,N,,KAT,N,SP,1.0,103788.29,02 - VAREJO,0,0,1,0,0,0,0,1,0,0,0,0,1,0,0,0,0,0,1,0,0,0.0,0.0,0,"[""SEG-SENIOR"", ""SEG-CREDITO-ATIVO"", ""SEG-INVESTIDOR-INICIANTE"", ""SEG-POUPADOR""]",0
96423,2023-04-28,N,BR,F,41,2005-05-15,0.0,215,1.0,,1,A,S,N,,KAT,N,BA,1.0,173175.39,01 - ALTA RENDA,0,0,1,0,1,0,0,1,0,0,0,0,1,1,0,1,0,0,1,0,0,0.0,0.0,1,"[""SEG-VIP"", ""SEG-ALTA-RENDA"", ""SEG-CREDITO-ATIVO"", ""SEG-POUPADOR"", ""SEG-INVESTIDOR-EXPERIENTE"", ""SEG-PERFIL-FAMILIAR""]",0
249177,2022-09-28,N,BR,F,72,2008-05-28,0.0,172,1.0,,1,A,S,N,,KFC,N,SP,1.0,51114.41,02 - VAREJO,0,0,1,0,0,0,0,1,0,0,0,0,0,0,0,0,0,0,0,0,0,0.0,0.0,0,"[""SEG-SENIOR"", ""SEG-CREDITO-ATIVO"", ""SEG-SEM-CARTAO"", ""SEG-INVESTIDOR-INICIANTE"", ""SEG-POUPADOR"", ""SEG-VIAJANTE-EVENTO""]",1
309630,2023-03-28,N,BR,M,65,2008-12-20,0.0,171,1.0,,1.0,I,S,N,,KAB,N,PR,1.0,34654.13,02 - VAREJO,0,0,1,0,0,0,0,1,0,0,0,0,0,0,0,0,0,0,0,0,0,0.0,0.0,0,"[""SEG-SENIOR"", ""SEG-CREDITO-ATIVO"", ""SEG-SEM-CARTAO"", ""SEG-INVESTIDOR-INICIANTE"", ""SEG-POUPADOR""]",0
644221,2023-01-28,N,BR,F,58,2013-09-27,0.0,112,1.0,,1.0,A,S,N,,KAI,N,BA,1.0,46824.6,01 - ALTA RENDA,0,0,1,0,0,0,0,0,0,0,0,1,1,1,0,0,0,0,0,0,0,0.0,0.0,0,"[""SEG-VIP"", ""SEG-SENIOR"", ""SEG-CREDITO-ATIVO"", ""SEG-SEM-CARTAO"", ""SEG-POUPADOR"", ""SEG-CONTRIBUINTE-IR"", ""SEG-INVESTIDOR-EXPERIENTE"", ""SEG-PERFIL-FAMILIAR""]",0
266562,2022-10-28,N,BR,F,46,2008-09-20,0.0,169,1.0,,1.0,A,S,N,,KAT,N,MG,1.0,27011.33,02 - VAREJO,0,0,1,0,0,0,0,0,0,0,0,0,0,0,1,0,0,0,0,0,0,0.0,0.0,1,"[""SEG-SEM-CARTAO"", ""SEG-INVESTIDOR-INICIANTE"", ""SEG-PERFIL-FAMILIAR"", ""SEG-PROPRIETARIO""]",0
222172,2023-01-28,N,BR,F,66,2008-02-13,0.0,179,1.0,,1,A,S,N,,KAS,N,SP,1.0,93954.98,02 - VAREJO,0,0,1,0,0,0,0,0,0,0,0,0,0,0,0,0,0,0,0,0,0,0.0,0.0,0,"[""SEG-SENIOR"", ""SEG-CREDITO-ATIVO"", ""SEG-SEM-CARTAO"", ""SEG-INVESTIDOR-INICIANTE"", ""SEG-POUPADOR""]",0
136798,2023-03-28,N,BR,F,46,2006-06-28,0.0,165,1.0,,1.0,A,S,N,,KAT,N,SP,1.0,243444.25,02 - VAREJO,0,0,1,0,0,0,0,0,0,0,0,0,1,0,1,0,0,1,0,0,0,0.0,0.0,0,"[""SEG-ALTA-RENDA"", ""SEG-CREDITO-ATIVO"", ""SEG-SEM-CARTAO"", ""SEG-INVESTIDOR-INICIANTE"", ""SEG-POUPADOR"", ""SEG-CONTRIBUINTE-IR"", ""SEG-PERFIL-FAMILIAR"", ""SEG-PROPRIETARIO""]",0
271442,2022-03-28,N,BR,F,88,2008-09-10,0.0,166,1.0,,1.0,A,S,N,,KAT,N,RJ,1.0,32074.03,02 - VAREJO,0,0,1,0,0,0,0,0,0,0,0,1,0,0,0,0,0,0,0,0,0,0.0,0.0,0,"[""SEG-SENIOR"", ""SEG-SEM-CARTAO"", ""SEG-INVESTIDOR-INICIANTE""]",0
1262203,2022-05-28,N,BR,F,53,2021-06-06,0.0,13,1.0,,1.0,A,S,S,,KFC,N,SP,1.0,48276.48,02 - VAREJO,0,0,1,0,0,0,0,0,0,0,0,0,0,0,0,0,0,0,0,0,0,0.0,0.0,0,"[""SEG-CREDITO-ATIVO"", ""SEG-SEM-CARTAO"", ""SEG-INVESTIDOR-INICIANTE"", ""SEG-POUPADOR"", ""SEG-CONTRIBUINTE-IR"", ""SEG-PERFIL-FAMILIAR""]",0
762789,2022-12-28,N,BR,M,34,2015-04-22,0.0,92,1.0,,1.0,A,S,N,,KAT,N,ES,1.0,90063.03,02 - VAREJO,0,0,1,0,0,0,0,0,0,0,0,0,0,0,0,0,0,0,0,0,0,0.0,0.0,0,"[""SEG-ALTA-RENDA"", ""SEG-CREDITO-ATIVO"", ""SEG-SEM-CARTAO"", ""SEG-INVESTIDOR-INICIANTE"", ""SEG-POUPADOR"", ""SEG-CONTRIBUINTE-IR"", ""SEG-PERFIL-FAMILIAR""]",0
43997,2022-04-28,N,BR,M,47,2007-11-13,0.0,228,1.0,,1.0,A,S,N,,KAT,N,SP,1.0,85246.78,02 - VAREJO,0,0,0,0,0,0,0,0,0,0,0,0,0,0,0,0,0,0,1,0,0,0.0,0.0,0,"[""SEG-ALTA-RENDA"", ""SEG-CREDITO-ATIVO"", ""SEG-INVESTIDOR-INICIANTE"", ""SEG-POUPADOR"", ""SEG-CONTRIBUINTE-IR"", ""SEG-PERFIL-FAMILIAR""]",0
260125,2023-01-28,N,BR,F,68,2008-07-17,0.0,117,1.0,,1.0,A,S,N,,KFA,N,GO,1.0,87942.2,01 - ALTA RENDA,0,0,0,0,0,0,0,0,0,0,0,0,1,1,0,0,0,0,0,0,0,0.0,0.0,0,"[""SEG-VIP"", ""SEG-SENIOR"", ""SEG-CREDITO-ATIVO"", ""SEG-SEM-CARTAO"", ""SEG-POUPADOR"", ""SEG-INVESTIDOR-EXPERIENTE""]",0
1305051,2022-11-28,N,BR,F,21,2021-09-10,0.0,14,1.0,,1.0,I,S,N,,KHE,N,RJ,0.0,102481.91,03 - UNIVERSITARIO,0,0,0,0,0,0,0,0,0,0,0,0,0,0,0,0,0,0,0,0,0,0.0,0.0,0,"[""SEG-JOVEM"", ""SEG-POUPADOR""]",0
100040,2023-04-28,N,BR,F,60,2005-06-22,0.0,214,1.0,,1.0,A,S,N,,KAT,N,SP,1.0,72001.3,02 - VAREJO,0,0,1,0,0,0,0,0,0,0,0,0,0,0,0,0,0,0,0,0,0,0.0,0.0,0,"[""SEG-SENIOR"", ""SEG-CREDITO-ATIVO"", ""SEG-SEM-CARTAO"", ""SEG-INVESTIDOR-INICIANTE"", ""SEG-POUPADOR"", ""SEG-CONTRIBUINTE-IR"", ""SEG-PERFIL-FAMILIAR""]",0
208277,2023-03-28,N,BR,F,40,2007-12-07,0.0,183,1.0,,1.0,A,S,S,,KFC,N,PA,1.0,43202.75,02 - VAREJO,0,0,0,0,0,0,0,0,0,0,0,0,0,0,1,0,0,0,0,0,0,0.0,0.0,0,"[""SEG-CREDITO-ATIVO"", ""SEG-SEM-CARTAO"", ""SEG-INVESTIDOR-INICIANTE"", ""SEG-POUPADOR"", ""SEG-PERFIL-FAMILIAR"", ""SEG-PROPRIETARIO""]",0
1315512,2022-08-28,N,BR,M,20,2021-09-24,0.0,11,1.0,,1.0,I,S,N,,KHE,N,PE,0.0,7130.65,03 - UNIVERSITARIO,0,0,1,0,0,0,0,0,0,0,0,0,0,0,0,0,0,0,0,0,0,0.0,0.0,0,"[""SEG-JOVEM""]",0
366879,2023-02-28,N,BR,F,49,2009-07-01,0.0,164,1.0,,1.0,A,S,N,,KAH,N,BA,1.0,54513.95,02 - VAREJO,0,0,1,0,0,0,0,1,0,0,0,0,0,1,0,0,0,0,0,0,0,0.0,0.0,0,"[""SEG-CREDITO-ATIVO"", ""SEG-SEM-CARTAO"", ""SEG-POUPADOR"", ""SEG-CONTRIBUINTE-IR"", ""SEG-INVESTIDOR-EXPERIENTE"", ""SEG-PERFIL-FAMILIAR""]",0
1342339,2023-04-28,N,BR,M,44,2021-10-27,0.0,18,1.0,,1.0,A,S,N,,KAT,N,RJ,1.0,89534.91,02 - VAREJO,0,0,1,0,0,0,0,0,0,0,0,0,0,0,0,0,0,0,0,0,0,0.0,0.0,1,"[""SEG-ALTA-RENDA"", ""SEG-CREDITO-ATIVO"", ""SEG-SEM-CARTAO"", ""SEG-INVESTIDOR-INICIANTE"", ""SEG-POUPADOR"", ""SEG-CONTRIBUINTE-IR"", ""SEG-PERFIL-FAMILIAR""]",0
1456940,2023-02-28,N,BR,F,27,2022-09-22,1.0,5,1.0,,1.0,I,S,N,,KHQ,N,GO,1.0,22809.97,03 - UNIVERSITARIO,0,0,1,0,0,0,0,0,0,0,0,0,0,0,0,0,0,0,0,0,0,0.0,0.0,0,"[""SEG-JOVEM"", ""SEG-SEM-CARTAO"", ""SEG-INVESTIDOR-INICIANTE"", ""SEG-PERFIL-FAMILIAR""]",0
368308,2023-05-28,N,BR,M,42,2009-07-17,0.0,166,1.0,,1.0,A,S,N,,KAT,N,SP,1.0,128471.86,02 - VAREJO,0,0,1,0,0,0,0,1,0,0,0,1,1,0,0,0,0,0,0,0,0,0.0,0.0,1,"[""SEG-ALTA-RENDA"", ""SEG-CREDITO-ATIVO"", ""SEG-SEM-CARTAO"", ""SEG-INVESTIDOR-INICIANTE"", ""SEG-POUPADOR"", ""SEG-CONTRIBUINTE-IR"", ""SEG-PERFIL-FAMILIAR""]",0
387119,2023-04-28,N,BR,M,59,2010-08-08,0.0,152,1.0,,1.0,A,S,N,,KAT,N,SP,1.0,152320.84,02 - VAREJO,0,0,1,0,0,0,0,0,0,0,0,0,1,1,0,0,0,0,0,0,0,0.0,0.0,0,"[""SEG-SENIOR"", ""SEG-CREDITO-ATIVO"", ""SEG-SEM-CARTAO"", ""SEG-POUPADOR"", ""SEG-CONTRIBUINTE-IR"", ""SEG-INVESTIDOR-EXPERIENTE"", ""SEG-PERFIL-FAMILIAR""]",0
85905,2023-05-28,N,BR,F,46,2005-02-16,0.0,219,1.0,,1.0,A,S,N,,KAT,N,SP,1.0,75047.97,02 - VAREJO,0,0,0,0,1,0,0,0,0,0,0,0,1,0,0,0,0,1,0,0,0,1.0,1.0,1,"[""SEG-ALTA-RENDA"", ""SEG-CREDITO-ATIVO"", ""SEG-SEM-CARTAO"", ""SEG-INVESTIDOR-INICIANTE"", ""SEG-POUPADOR"", ""SEG-CONTRIBUINTE-IR"", ""SEG-PERFIL-FAMILIAR""]",0
604356,2022-12-28,N,BR,F,54,2013-03-23,0.0,117,1.0,,1.0,I,S,N,,KAM,N,RJ,0.0,40311.23,02 - VAREJO,0,0,0,0,0,0,0,1,0,0,0,0,0,0,0,0,0,0,0,0,0,0.0,0.0,0,"[""SEG-POUPADOR""]",0
725565,2023-04-28,N,BR,M,41,2014-10-15,0.0,102,1.0,,1.0,A,S,N,,KAT,N,RJ,1.0,9694.85,02 - VAREJO,0,0,0,0,1,0,0,0,0,0,0,0,0,1,0,0,0,0,0,0,0,0.0,0.0,1,"[""SEG-SEM-CARTAO"", ""SEG-INVESTIDOR-EXPERIENTE"", ""SEG-PERFIL-FAMILIAR""]",0
227883,2022-07-28,N,BR,M,82,2008-03-12,0.0,88,1.0,,1.0,A,S,N,,,S,MG,0.0,28474.1,,0,0,0,0,0,0,0,0,0,0,0,0,0,0,0,0,0,0,0,0,0,0.0,0.0,0,"[""SEG-SENIOR""]",0
649677,2022-02-28,N,BR,M,62,2013-10-19,0.0,105,1.0,,1.0,I,S,N,,KAP,N,SP,0.0,60576.64,02 - VAREJO,0,0,0,0,0,0,0,0,0,0,0,0,0,0,0,0,0,0,0,0,0,0.0,0.0,0,"[""SEG-SENIOR"", ""SEG-POUPADOR""]",0
408029,2022-12-28,N,BR,F,49,2010-02-20,0.0,154,1.0,,1.0,A,S,N,,KFC,N,PR,1.0,41083.55,02 - VAREJO,0,0,1,0,0,0,0,1,0,0,0,0,0,0,0,0,0,0,0,0,0,0.0,0.0,0,"[""SEG-CREDITO-ATIVO"", ""SEG-SEM-CARTAO"", ""SEG-INVESTIDOR-INICIANTE"", ""SEG-POUPADOR"", ""SEG-PERFIL-FAMILIAR""]",0
796849,2022-03-28,N,BR,F,54,2021-04-08,0.0,15,1.0,,1.0,A,S,N,,KFA,N,SP,1.0,63560.7,01 - ALTA RENDA,0,0,0,0,0,0,0,0,0,0,0,1,1,0,0,0,0,0,0,0,0,0.0,0.0,0,"[""SEG-VIP"", ""SEG-ALTA-RENDA"", ""SEG-CREDITO-ATIVO"", ""SEG-SEM-CARTAO"", ""SEG-INVESTIDOR-INICIANTE"", ""SEG-POUPADOR"", ""SEG-CONTRIBUINTE-IR"", ""SEG-PERFIL-FAMILIAR""]",0
115541,2023-02-28,N,BR,F,49,2005-12-18,0.0,206,1.0,,1.0,A,S,N,,KAT,N,SP,1.0,42185.96,02 - VAREJO,0,0,0,0,1,0,0,1,1,0,0,1,0,0,1,0,0,0,0,0,0,1.0,1.0,1,"[""SEG-CREDITO-ATIVO"", ""SEG-SEM-CARTAO"", ""SEG-INVESTIDOR-INICIANTE"", ""SEG-POUPADOR"", ""SEG-PERFIL-FAMILIAR"", ""SEG-PROPRIETARIO""]",0
216835,2022-08-28,N,BR,F,58,2008-01-22,0.0,175,1.0,,1,A,S,N,,KAT,N,SP,1.0,83684.6,02 - VAREJO,0,0,1,0,0,0,0,1,0,0,0,0,0,0,1,0,0,0,1,0,0,0.0,0.0,0,"[""SEG-SENIOR"", ""SEG-CREDITO-ATIVO"", ""SEG-INVESTIDOR-INICIANTE"", ""SEG-POUPADOR"", ""SEG-CONTRIBUINTE-IR"", ""SEG-PERFIL-FAMILIAR"", ""SEG-PROPRIETARIO""]",0
168222,2022-12-28,N,BR,M,41,2007-03-21,0.0,189,1.0,,1.0,A,S,N,,KAT,N,SP,1.0,208510.81,01 - ALTA RENDA,0,0,0,0,1,0,0,1,0,0,0,1,1,0,0,0,0,1,0,0,0,1.0,1.0,1,"[""SEG-VIP"", ""SEG-ALTA-RENDA"", ""SEG-CREDITO-ATIVO"", ""SEG-SEM-CARTAO"", ""SEG-INVESTIDOR-INICIANTE"", ""SEG-POUPADOR"", ""SEG-CONTRIBUINTE-IR"", ""SEG-PERFIL-FAMILIAR""]",0
1246418,2023-01-28,N,BR,F,45,2021-03-03,0.0,22,1.0,,1,A,S,N,,KAT,N,PR,1.0,36094.5,02 - VAREJO,0,0,1,0,0,0,0,0,0,0,0,0,0,0,0,0,0,0,0,0,0,0.0,0.0,0,"[""SEG-CREDITO-ATIVO"", ""SEG-SEM-CARTAO"", ""SEG-INVESTIDOR-INICIANTE"", ""SEG-POUPADOR"", ""SEG-PERFIL-FAMILIAR""]",0
434243,2022-11-28,N,BR,F,52,2010-09-08,0.0,146,1.0,,1,A,S,N,,KFC,N,PR,1.0,15740.58,02 - VAREJO,0,0,1,0,0,0,0,0,0,0,0,0,0,0,0,0,0,0,0,0,0,0.0,0.0,1,"[""SEG-SEM-CARTAO"", ""SEG-INVESTIDOR-INICIANTE"", ""SEG-PERFIL-FAMILIAR""]",0
1308740,2022-12-28,N,BR,M,21,2021-09-16,0.0,15,1.0,,1,A,S,N,,KHE,N,SP,1.0,13651.33,03 - UNIVERSITARIO,0,0,1,0,0,0,0,0,0,0,0,0,0,0,0,0,0,0,0,0,0,0.0,0.0,0,"[""SEG-JOVEM"", ""SEG-SEM-CARTAO"", ""SEG-INVESTIDOR-INICIANTE""]",0
1270670,2023-05-28,N,BR,M,23,2021-07-17,0.0,22,1.0,,1.0,A,S,N,,KHE,N,RJ,1.0,67741.52,03 - UNIVERSITARIO,0,0,1,0,0,0,0,0,0,0,0,0,0,0,0,0,0,0,0,0,0,0.0,0.0,0,"[""SEG-JOVEM"", ""SEG-CREDITO-ATIVO"", ""SEG-SEM-CARTAO"", ""SEG-INVESTIDOR-INICIANTE"", ""SEG-POUPADOR""]",0
511504,2023-03-28,N,BR,F,55,2012-01-13,0.0,134,1.0,,1.0,A,S,N,,KFC,N,SP,1.0,225457.09,01 - ALTA RENDA,0,0,0,0,1,0,0,1,1,0,0,1,1,0,0,0,0,1,1,0,0,0.0,0.0,1,"[""SEG-VIP"", ""SEG-SENIOR"", ""SEG-ALTA-RENDA"", ""SEG-CREDITO-ATIVO"", ""SEG-INVESTIDOR-INICIANTE"", ""SEG-POUPADOR"", ""SEG-CONTRIBUINTE-IR"", ""SEG-PERFIL-FAMILIAR""]",0
616118,2023-05-28,N,BR,F,56,2013-05-25,0.0,120,1.0,,1.0,A,S,N,,KFC,N,SP,1.0,34900.36,02 - VAREJO,0,0,1,0,0,0,0,1,0,0,0,0,1,0,0,0,0,0,0,0,0,0.0,0.0,0,"[""SEG-SENIOR"", ""SEG-CREDITO-ATIVO"", ""SEG-SEM-CARTAO"", ""SEG-INVESTIDOR-INICIANTE"", ""SEG-POUPADOR"", ""SEG-PERFIL-FAMILIAR""]",0
1133791,2023-05-28,N,BR,F,29,2020-05-13,0.0,36,1.0,,1,A,S,N,,KFC,N,SP,1.0,44737.31,02 - VAREJO,0,0,0,0,1,0,0,0,0,0,0,0,0,0,0,0,0,0,1,0,0,1.0,1.0,1,"[""SEG-JOVEM"", ""SEG-CREDITO-ATIVO"", ""SEG-INVESTIDOR-INICIANTE"", ""SEG-POUPADOR"", ""SEG-PERFIL-FAMILIAR""]",0
991909,2022-08-28,N,BR,F,58,2018-12-09,0.0,44,1.0,,1.0,A,S,N,,KFC,N,SP,1.0,41520.17,02 - VAREJO,0,0,1,0,0,0,0,0,0,0,0,0,0,0,0,0,0,0,0,0,0,0.0,0.0,0,"[""SEG-SENIOR"", ""SEG-CREDITO-ATIVO"", ""SEG-SEM-CARTAO"", ""SEG-INVESTIDOR-INICIANTE"", ""SEG-POUPADOR"", ""SEG-PERFIL-FAMILIAR""]",0
22973,2022-10-28,N,BR,F,46,2002-09-25,0.0,235,1.0,,1.0,A,S,N,,007,N,SP,0.0,555927.94,02 - VAREJO,0,0,0,0,0,0,0,0,0,0,0,0,0,0,0,0,0,0,0,0,0,0.0,0.0,0,"[""SEG-ALTA-RENDA"", ""SEG-POUPADOR"", ""SEG-CONTRIBUINTE-IR""]",0
805603,2023-04-28,N,BR,F,44,2015-10-20,0.0,90,1.0,,1.0,A,S,N,,KFA,N,SP,1.0,45761.86,01 - ALTA RENDA,0,0,0,0,1,0,0,0,0,0,0,0,1,1,0,0,0,1,1,0,0,1.0,1.0,1,"[""SEG-VIP"", ""SEG-CREDITO-ATIVO"", ""SEG-POUPADOR"", ""SEG-CONTRIBUINTE-IR"", ""SEG-INVESTIDOR-EXPERIENTE"", ""SEG-PERFIL-FAMILIAR""]",0
183313,2023-05-28,N,BR,M,43,2007-07-18,0.0,190,1.0,,1.0,A,S,N,,KAT,N,SP,1.0,131776.88,02 - VAREJO,0,0,1,0,0,0,0,1,0,0,0,0,0,0,0,0,0,1,1,0,0,0.0,0.0,1,"[""SEG-ALTA-RENDA"", ""SEG-CREDITO-ATIVO"", ""SEG-INVESTIDOR-INICIANTE"", ""SEG-POUPADOR"", ""SEG-CONTRIBUINTE-IR"", ""SEG-PERFIL-FAMILIAR""]",0
1117445,2023-04-28,N,BR,M,27,2020-01-10,0.0,39,1.0,,1.0,I,S,N,,KHE,N,MG,0.0,7943.62,03 - UNIVERSITARIO,0,0,0,0,0,0,0,0,0,0,0,0,0,0,0,0,0,0,0,0,0,0.0,0.0,0,"[""SEG-JOVEM""]",0
165742,2023-03-28,N,BR,F,82,2007-03-09,0.0,192,1.0,,1.0,A,S,N,,KAT,S,ES,1.0,34617.83,01 - ALTA RENDA,0,0,1,0,0,0,0,1,0,0,0,1,1,0,0,0,0,0,0,1,0,0.0,0.0,0,"[""SEG-VIP"", ""SEG-SENIOR"", ""SEG-CREDITO-ATIVO"", ""SEG-SEM-CARTAO"", ""SEG-INVESTIDOR-INICIANTE"", ""SEG-POUPADOR"", ""SEG-VIAJANTE-EVENTO""]",1
759675,2023-01-28,N,BR,F,53,2015-04-10,0.0,68,1.0,,1.0,A,S,S,,KFC,N,SP,1.0,104206.09,02 - VAREJO,0,0,1,0,0,0,0,0,0,0,0,1,0,0,0,0,0,0,0,0,0,0.0,0.0,0,"[""SEG-ALTA-RENDA"", ""SEG-CREDITO-ATIVO"", ""SEG-SEM-CARTAO"", ""SEG-INVESTIDOR-INICIANTE"", ""SEG-POUPADOR"", ""SEG-CONTRIBUINTE-IR"", ""SEG-PERFIL-FAMILIAR""]",0
690491,2022-11-28,N,BR,M,54,2014-05-11,0.0,102,1.0,,1.0,I,S,N,,KAT,N,RJ,0.0,91692.9,02 - VAREJO,0,0,1,0,0,0,0,0,0,0,0,0,0,0,0,0,0,0,0,0,0,0.0,0.0,0,"[""SEG-ALTA-RENDA"", ""SEG-POUPADOR"", ""SEG-CONTRIBUINTE-IR""]",0
236976,2022-11-28,N,BR,F,38,2008-04-04,0.0,175,1.0,,1.0,A,S,N,,KAT,N,SP,1.0,432801.16,02 - VAREJO,0,0,1,0,0,0,0,1,0,0,0,1,0,0,0,0,0,1,0,0,0,0.0,0.0,0,"[""SEG-ALTA-RENDA"", ""SEG-CREDITO-ATIVO"", ""SEG-SEM-CARTAO"", ""SEG-INVESTIDOR-INICIANTE"", ""SEG-POUPADOR"", ""SEG-CONTRIBUINTE-IR"", ""SEG-PERFIL-FAMILIAR""]",0
918473,2022-10-28,N,BR,F,31,2018-07-14,0.0,51,1.0,,1.0,A,S,N,,KHE,N,PE,1.0,73511.57,03 - UNIVERSITARIO,0,0,1,0,0,0,0,0,0,0,0,0,0,0,0,0,0,0,0,0,0,0.0,0.0,0,"[""SEG-ALTA-RENDA"", ""SEG-CREDITO-ATIVO"", ""SEG-SEM-CARTAO"", ""SEG-INVESTIDOR-INICIANTE"", ""SEG-POUPADOR"", ""SEG-CONTRIBUINTE-IR"", ""SEG-PERFIL-FAMILIAR"", ""SEG-VIAJANTE-EVENTO""]",1
981226,2023-03-28,N,BR,F,24,2018-11-17,0.0,52,1.0,,1.0,I,S,N,,KHE,N,AL,0.0,25858.36,03 - UNIVERSITARIO,0,0,0,0,0,0,0,0,0,0,0,0,0,0,0,0,0,0,0,0,0,0.0,0.0,0,"[""SEG-JOVEM""]",0
51315,2022-07-28,N,BR,F,68,2003-12-05,0.0,223,1.0,,1,A,S,N,,KAT,N,SP,1.0,111135.06,02 - VAREJO,0,0,1,0,0,0,0,0,0,0,0,0,1,1,0,0,0,0,0,0,0,0.0,0.0,0,"[""SEG-SENIOR"", ""SEG-CREDITO-ATIVO"", ""SEG-SEM-CARTAO"", ""SEG-POUPADOR"", ""SEG-INVESTIDOR-EXPERIENTE"", ""SEG-VIAJANTE-EVENTO""]",1
442642,2023-02-28,N,BR,M,100,2010-11-03,0.0,147,1.0,,1.0,I,S,N,,KAG,N,SP,0.0,8074.77,02 - VAREJO,0,0,0,0,0,0,0,0,0,0,0,0,0,0,0,0,0,0,0,0,0,0.0,0.0,0,"[""SEG-SENIOR"", ""SEG-VIAJANTE-EVENTO""]",1
468106,2023-03-28,N,BR,F,53,2011-04-12,0.0,143,1.0,,1,I,S,N,,KAT,N,SP,0.0,121274.6,02 - VAREJO,0,0,1,0,0,0,0,0,0,0,0,0,0,0,0,0,0,0,0,0,0,0.0,0.0,0,"[""SEG-ALTA-RENDA"", ""SEG-POUPADOR"", ""SEG-CONTRIBUINTE-IR""]",0
1246869,2023-04-28,N,BR,F,31,2021-03-05,0.0,25,1.0,,1,A,S,N,,KFC,N,SP,0.0,85302.44,02 - VAREJO,0,0,1,0,0,0,0,0,0,0,0,0,0,0,0,0,0,0,0,0,0,0.0,0.0,0,"[""SEG-ALTA-RENDA"", ""SEG-POUPADOR"", ""SEG-CONTRIBUINTE-IR""]",0
726200,2022-08-28,N,BR,F,60,2014-10-16,0.0,94,1.0,,1,A,S,N,,KAR,N,SP,1.0,124827.02,01 - ALTA RENDA,0,0,1,0,0,0,0,0,0,0,0,1,1,1,0,0,0,0,0,0,0,0.0,0.0,0,"[""SEG-VIP"", ""SEG-SENIOR"", ""SEG-CREDITO-ATIVO"", ""SEG-SEM-CARTAO"", ""SEG-POUPADOR"", ""SEG-CONTRIBUINTE-IR"", ""SEG-INVESTIDOR-EXPERIENTE"", ""SEG-PERFIL-FAMILIAR"", ""SEG-VIAJANTE-EVENTO""]",1
406550,2022-05-28,N,BR,M,44,2010-02-11,0.0,149,1.0,,1.0,A,S,S,,KAG,N,SP,1.0,354587.5,01 - ALTA RENDA,0,0,0,0,1,0,0,0,1,0,0,0,1,1,0,0,0,0,1,0,0,1.0,1.0,1,"[""SEG-VIP"", ""SEG-ALTA-RENDA"", ""SEG-CREDITO-ATIVO"", ""SEG-POUPADOR"", ""SEG-CONTRIBUINTE-IR"", ""SEG-INVESTIDOR-EXPERIENTE"", ""SEG-PERFIL-FAMILIAR""]",0
654602,2023-04-28,N,BR,F,48,2013-11-07,0.0,113,1.0,,1.0,A,S,N,,KFC,N,SP,1.0,174107.8,02 - VAREJO,0,0,0,0,1,0,0,0,0,0,0,0,0,0,0,0,0,1,0,0,0,0.0,0.0,1,"[""SEG-ALTA-RENDA"", ""SEG-CREDITO-ATIVO"", ""SEG-SEM-CARTAO"", ""SEG-INVESTIDOR-INICIANTE"", ""SEG-POUPADOR"", ""SEG-CONTRIBUINTE-IR"", ""SEG-PERFIL-FAMILIAR""]",0
1215031,2022-11-28,N,BR,M,68,2020-11-20,0.0,24,1.0,,1.0,A,S,N,,KAT,N,SP,1.0,52843.07,01 - ALTA RENDA,0,0,1,0,0,0,0,0,0,0,0,1,1,0,0,0,0,0,0,0,0,0.0,0.0,0,"[""SEG-VIP"", ""SEG-SENIOR"", ""SEG-CREDITO-ATIVO"", ""SEG-SEM-CARTAO"", ""SEG-INVESTIDOR-INICIANTE"", ""SEG-POUPADOR""]",0
1047565,2022-11-28,N,BR,F,35,2019-08-08,0.0,39,1.0,,1.0,A,S,N,,KFC,N,SE,1.0,191615.96,02 - VAREJO,0,0,0,0,1,0,0,0,0,0,0,0,0,0,0,0,0,0,0,0,0,1.0,1.0,0,"[""SEG-ALTA-RENDA"", ""SEG-CREDITO-ATIVO"", ""SEG-SEM-CARTAO"", ""SEG-INVESTIDOR-INICIANTE"", ""SEG-POUPADOR"", ""SEG-CONTRIBUINTE-IR"", ""SEG-PERFIL-FAMILIAR""]",0
407416,2022-10-28,N,BR,F,77,2010-02-17,0.0,152,1.0,,1.0,I,S,N,,KFC,N,MG,1.0,9198.88,02 - VAREJO,0,0,0,0,0,0,0,1,0,0,0,0,0,0,0,0,0,0,0,0,0,0.0,0.0,0,"[""SEG-SENIOR"", ""SEG-SEM-CARTAO"", ""SEG-INVESTIDOR-INICIANTE""]",0
119563,2023-01-28,N,BR,F,54,2006-02-08,0.0,203,1.0,,1,A,S,N,,KAT,N,SP,1.0,527156.89,01 - ALTA RENDA,0,0,1,0,0,0,0,1,0,0,0,0,0,1,0,0,0,0,0,0,0,0.0,0.0,0,"[""SEG-VIP"", ""SEG-ALTA-RENDA"", ""SEG-CREDITO-ATIVO"", ""SEG-SEM-CARTAO"", ""SEG-POUPADOR"", ""SEG-CONTRIBUINTE-IR"", ""SEG-INVESTIDOR-EXPERIENTE"", ""SEG-PERFIL-FAMILIAR""]",0
577889,2022-09-28,N,BR,M,81,2012-11-06,0.0,118,1.0,,1.0,A,S,N,,KAT,N,SP,1.0,65278.98,01 - ALTA RENDA,0,0,1,0,0,0,0,0,0,0,0,1,1,0,0,0,0,0,0,0,0,0.0,0.0,0,"[""SEG-VIP"", ""SEG-SENIOR"", ""SEG-CREDITO-ATIVO"", ""SEG-SEM-CARTAO"", ""SEG-INVESTIDOR-INICIANTE"", ""SEG-POUPADOR""]",0
887639,2023-04-28,N,BR,M,36,2017-08-03,0.0,68,1.0,,1.0,I,S,N,,KFC,N,MG,0.0,196634.51,02 - VAREJO,0,0,0,0,0,0,0,0,0,0,0,0,0,0,0,0,0,0,0,0,0,0.0,0.0,0,"[""SEG-ALTA-RENDA"", ""SEG-POUPADOR"", ""SEG-CONTRIBUINTE-IR"", ""SEG-VIAJANTE-EVENTO""]",1
1202246,2023-04-28,N,BR,F,32,2020-10-18,0.0,30,1.0,,1,I,S,N,,KFC,N,SP,1.0,18936.53,02 - VAREJO,0,0,1,0,0,0,0,0,0,0,0,0,0,0,0,0,0,0,0,0,0,0.0,0.0,0,"[""SEG-SEM-CARTAO"", ""SEG-INVESTIDOR-INICIANTE"", ""SEG-PERFIL-FAMILIAR""]",0
1330616,2023-04-28,N,BR,F,27,2021-10-10,0.0,18,1.0,,1.0,I,S,S,,KHE,N,MG,0.0,32024.81,03 - UNIVERSITARIO,0,0,1,0,0,0,0,0,0,0,0,0,0,0,0,0,0,0,0,0,0,0.0,0.0,0,"[""SEG-JOVEM""]",0
444499,2023-02-28,N,BR,M,50,2010-11-13,0.0,147,1.0,,1.0,I,S,N,,KAT,N,SP,0.0,77494.84,02 - VAREJO,0,0,0,0,0,0,0,0,0,0,0,0,0,0,0,0,0,0,0,0,0,0.0,0.0,0,"[""SEG-ALTA-RENDA"", ""SEG-POUPADOR"", ""SEG-CONTRIBUINTE-IR""]",0
942990,2023-02-28,N,BR,F,30,2018-09-14,0.0,53,1.0,,1.0,A,S,N,,KHE,N,SE,1.0,8433.29,03 - UNIVERSITARIO,0,0,1,0,0,0,0,0,0,0,0,0,0,0,0,0,0,0,0,0,0,0.0,0.0,0,"[""SEG-SEM-CARTAO"", ""SEG-INVESTIDOR-INICIANTE"", ""SEG-PERFIL-FAMILIAR""]",0
790999,2023-05-28,N,BR,F,42,2015-09-01,0.0,93,1.0,,1.0,I,S,S,,KGX,N,SP,0.0,68466.38,02 - VAREJO,0,0,1,0,0,0,0,0,0,0,0,0,0,0,0,0,0,0,0,0,0,0.0,0.0,0,"[""SEG-ALTA-RENDA"", ""SEG-POUPADOR"", ""SEG-CONTRIBUINTE-IR""]",0
941598,2023-03-28,N,BR,M,23,2018-09-13,0.0,54,1.0,,1,A,S,N,,KHE,N,RS,1.0,36602.67,03 - UNIVERSITARIO,0,0,1,0,0,0,0,0,0,0,0,0,0,0,0,0,0,0,0,0,0,0.0,0.0,0,"[""SEG-JOVEM"", ""SEG-CREDITO-ATIVO"", ""SEG-SEM-CARTAO"", ""SEG-INVESTIDOR-INICIANTE"", ""SEG-POUPADOR""]",0
180823,2022-09-28,N,BR,F,60,2007-07-06,0.0,182,1.0,,1,I,S,N,,KFC,N,SP,0.0,139890.74,02 - VAREJO,0,0,1,0,0,0,0,0,0,0,0,0,0,0,0,0,0,0,0,0,0,0.0,0.0,0,"[""SEG-SENIOR"", ""SEG-POUPADOR"", ""SEG-CONTRIBUINTE-IR""]",0
622209,2023-01-28,N,BR,M,28,2013-06-16,0.0,115,1.0,,1,A,S,N,,KAT,N,SP,1.0,179227.26,02 - VAREJO,0,0,1,0,0,0,0,0,0,0,0,0,0,0,0,0,0,0,1,0,0,0.0,0.0,1,"[""SEG-JOVEM"", ""SEG-ALTA-RENDA"", ""SEG-CREDITO-ATIVO"", ""SEG-INVESTIDOR-INICIANTE"", ""SEG-POUPADOR"", ""SEG-PERFIL-FAMILIAR""]",0
1286855,2022-12-28,N,BR,F,25,2021-07-31,0.0,17,1.0,,1.0,A,S,N,,KHE,N,BA,0.0,99229.42,03 - UNIVERSITARIO,0,0,1,0,0,0,0,0,0,0,0,0,0,0,0,0,0,0,0,0,0,0.0,0.0,0,"[""SEG-JOVEM"", ""SEG-ALTA-RENDA"", ""SEG-POUPADOR""]",0
1184814,2023-04-28,N,BR,M,47,2020-09-27,0.0,31,1.0,,1.0,A,S,N,,KFA,N,SP,1.0,242252.63,02 - VAREJO,0,0,0,0,1,0,0,0,0,0,0,0,1,0,0,0,0,0,0,0,0,1.0,1.0,1,"[""SEG-ALTA-RENDA"", ""SEG-CREDITO-ATIVO"", ""SEG-SEM-CARTAO"", ""SEG-INVESTIDOR-INICIANTE"", ""SEG-POUPADOR"", ""SEG-CONTRIBUINTE-IR"", ""SEG-PERFIL-FAMILIAR"", ""SEG-VIAJANTE-EVENTO""]",1
1294159,2022-08-28,N,BR,F,24,2021-08-06,0.0,12,1.0,,1.0,A,S,N,,KHE,N,DF,1.0,14397.12,03 - UNIVERSITARIO,0,0,1,0,0,0,0,0,0,0,0,0,0,0,0,0,0,0,0,0,0,0.0,0.0,0,"[""SEG-JOVEM"", ""SEG-SEM-CARTAO"", ""SEG-INVESTIDOR-INICIANTE""]",0
192495,2022-01-28,N,BR,M,43,2007-09-18,0.0,178,1.0,,1.0,A,S,N,,KFC,N,AP,1.0,12062.71,02 - VAREJO,0,0,0,0,1,0,0,1,0,0,0,1,0,0,0,0,0,0,0,0,0,1.0,1.0,1,"[""SEG-SEM-CARTAO"", ""SEG-INVESTIDOR-INICIANTE"", ""SEG-PERFIL-FAMILIAR"", ""SEG-VIAJANTE-EVENTO""]",1
728720,2023-03-28,N,BR,M,68,2014-10-26,0.0,101,1.0,,1.0,I,S,N,,KFC,N,ES,0.0,155154.98,02 - VAREJO,0,0,0,0,0,0,0,0,0,0,0,0,0,0,0,0,0,0,0,0,0,0.0,0.0,0,"[""SEG-SENIOR"", ""SEG-POUPADOR""]",0
420829,2022-06-28,N,BR,M,37,2011-12-30,0.0,146,1.0,,1.0,I,S,N,,KFA,N,SP,0.0,52508.79,02 - VAREJO,0,0,1,0,0,0,0,1,0,0,0,0,0,0,0,0,0,0,0,0,0,0.0,0.0,0,"[""SEG-POUPADOR"", ""SEG-CONTRIBUINTE-IR""]",0
49478,2023-05-28,N,BR,F,71,2003-11-07,0.0,234,1.0,,1.0,I,S,N,,KAT,N,RJ,0.0,66742.1,02 - VAREJO,0,0,0,0,0,0,0,0,0,0,0,0,0,0,0,0,0,0,0,0,0,0.0,0.0,0,"[""SEG-SENIOR"", ""SEG-POUPADOR"", ""SEG-VIAJANTE-EVENTO""]",1
1457820,2023-04-28,N,BR,F,34,2022-09-23,0.0,21,1.0,,1.0,A,S,N,,RED,N,RJ,1.0,57674.61,02 - VAREJO,0,0,1,0,0,0,0,0,0,0,0,0,0,1,0,0,0,0,0,0,0,0.0,0.0,0,"[""SEG-CREDITO-ATIVO"", ""SEG-SEM-CARTAO"", ""SEG-POUPADOR"", ""SEG-CONTRIBUINTE-IR"", ""SEG-INVESTIDOR-EXPERIENTE"", ""SEG-PERFIL-FAMILIAR""]",0
695795,2022-12-28,N,BR,M,45,2014-06-07,0.0,102,1.0,,1.0,I,S,N,,KFC,N,RJ,0.0,78461.43,02 - VAREJO,0,0,0,0,0,0,0,0,0,0,0,0,0,0,0,0,0,0,0,0,0,0.0,0.0,0,"[""SEG-ALTA-RENDA"", ""SEG-POUPADOR"", ""SEG-CONTRIBUINTE-IR""]",0
30414,2022-09-28,N,BR,F,54,2003-01-02,0.0,237,1.0,,1.0,I,S,N,,KAT,N,SP,0.0,581720.14,02 - VAREJO,0,0,1,0,0,0,0,0,0,0,0,0,0,0,0,0,0,0,0,0,0,0.0,0.0,0,"[""SEG-ALTA-RENDA"", ""SEG-POUPADOR"", ""SEG-CONTRIBUINTE-IR""]",0
414058,2022-08-28,N,BR,F,81,2010-04-07,0.0,148,1.0,,1.0,A,S,N,,KAT,N,SP,1.0,40671.04,01 - ALTA RENDA,0,0,0,0,1,0,0,0,0,0,0,0,1,0,0,0,0,0,0,0,0,0.0,1.0,1,"[""SEG-VIP"", ""SEG-SENIOR"", ""SEG-CREDITO-ATIVO"", ""SEG-SEM-CARTAO"", ""SEG-INVESTIDOR-INICIANTE"", ""SEG-POUPADOR""]",0
648403,2023-03-28,N,BR,M,18,2013-10-14,0.0,113,1.0,,1.0,A,S,N,,KFC,N,RJ,1.0,11575.03,02 - VAREJO,0,0,0,0,0,1,0,0,0,0,0,0,0,0,0,0,0,0,0,0,0,0.0,0.0,0,"[""SEG-JOVEM"", ""SEG-SEM-CARTAO"", ""SEG-INVESTIDOR-INICIANTE""]",0
491359,2022-10-28,N,BR,F,67,2011-09-15,0.0,133,1.0,,1.0,A,S,N,,KFC,N,BA,1.0,96637.39,02 - VAREJO,0,0,1,0,0,0,0,0,0,0,0,0,0,0,0,0,0,0,0,0,0,0.0,0.0,0,"[""SEG-SENIOR"", ""SEG-CREDITO-ATIVO"", ""SEG-SEM-CARTAO"", ""SEG-INVESTIDOR-INICIANTE"", ""SEG-POUPADOR""]",0
1317273,2022-04-28,N,BR,M,26,2021-09-25,0.0,10,1.0,,1.0,A,S,N,,KHE,N,SP,1.0,74045.59,03 - UNIVERSITARIO,0,0,0,0,0,0,0,0,0,0,0,0,0,0,0,0,0,0,0,0,0,0.0,0.0,1,"[""SEG-JOVEM"", ""SEG-ALTA-RENDA"", ""SEG-CREDITO-ATIVO"", ""SEG-SEM-CARTAO"", ""SEG-INVESTIDOR-INICIANTE"", ""SEG-POUPADOR"", ""SEG-PERFIL-FAMILIAR""]",0
165601,2022-09-28,N,BR,M,53,2007-03-08,0.0,186,1.0,,1.0,A,S,S,,KAT,N,SP,1.0,213407.56,02 - VAREJO,0,0,1,0,0,0,0,1,1,0,0,0,0,1,0,0,0,0,0,1,0,0.0,0.0,1,"[""SEG-ALTA-RENDA"", ""SEG-CREDITO-ATIVO"", ""SEG-SEM-CARTAO"", ""SEG-POUPADOR"", ""SEG-CONTRIBUINTE-IR"", ""SEG-PERFIL-FAMILIAR""]",0
834906,2022-02-28,N,BR,M,55,2016-02-17,0.0,77,1.0,,1.0,A,S,N,,KFC,N,RN,1.0,48207.15,02 - VAREJO,0,0,1,0,0,0,0,0,0,0,0,0,0,0,0,0,0,0,0,0,0,0.0,0.0,0,"[""SEG-SENIOR"", ""SEG-CREDITO-ATIVO"", ""SEG-SEM-CARTAO"", ""SEG-INVESTIDOR-INICIANTE"", ""SEG-POUPADOR"", ""SEG-CONTRIBUINTE-IR"", ""SEG-PERFIL-FAMILIAR""]",0
105426,2023-03-28,N,BR,M,44,2005-09-17,0.0,210,1.0,,1.0,I,S,N,,KFC,N,MG,0.0,554171.18,02 - VAREJO,0,0,0,0,0,0,0,0,0,0,0,0,0,0,0,0,0,1,0,0,0,0.0,0.0,0,"[""SEG-ALTA-RENDA"", ""SEG-POUPADOR"", ""SEG-CONTRIBUINTE-IR""]",0
771574,2022-12-28,N,BR,M,41,2015-06-03,0.0,90,1.0,,1.0,A,S,N,,KAT,N,SP,1.0,63785.81,02 - VAREJO,0,0,1,0,0,0,0,0,0,0,0,0,0,0,0,0,0,0,0,0,0,0.0,0.0,0,"[""SEG-ALTA-RENDA"", ""SEG-CREDITO-ATIVO"", ""SEG-SEM-CARTAO"", ""SEG-INVESTIDOR-INICIANTE"", ""SEG-POUPADOR"", ""SEG-CONTRIBUINTE-IR"", ""SEG-PERFIL-FAMILIAR""]",0
635160,2022-09-28,N,BR,F,49,2013-10-26,0.0,107,1.0,,1,A,S,N,,KAT,N,SP,1.0,30354.57,02 - VAREJO,0,0,1,0,0,0,0,0,0,0,0,0,0,0,1,0,0,0,0,0,0,0.0,0.0,1,"[""SEG-SEM-CARTAO"", ""SEG-INVESTIDOR-INICIANTE"", ""SEG-PERFIL-FAMILIAR"", ""SEG-PROPRIETARIO""]",0
322377,2023-03-28,N,BR,M,81,2009-01-26,0.0,144,1.0,,1.0,A,S,N,,KAG,N,SP,1.0,70753.7,02 - VAREJO,0,0,1,0,0,0,0,1,0,0,0,1,0,0,0,0,0,0,0,0,0,0.0,0.0,0,"[""SEG-SENIOR"", ""SEG-CREDITO-ATIVO"", ""SEG-SEM-CARTAO"", ""SEG-INVESTIDOR-INICIANTE"", ""SEG-POUPADOR""]",0
739602,2023-03-28,N,BR,M,18,2014-12-31,0.0,99,1.0,,1.0,A,S,N,,KAT,N,SP,1.0,145737.56,02 - VAREJO,0,0,0,0,0,1,0,0,0,0,0,0,0,0,0,0,0,0,0,0,0,0.0,0.0,0,"[""SEG-JOVEM"", ""SEG-CREDITO-ATIVO"", ""SEG-SEM-CARTAO"", ""SEG-INVESTIDOR-INICIANTE"", ""SEG-POUPADOR""]",0
309943,2022-05-28,N,BR,F,48,2008-12-21,0.0,163,1.0,,1.0,A,S,N,,KAT,N,PA,1.0,8108.9,01 - ALTA RENDA,0,0,1,0,0,0,0,1,0,0,0,1,0,1,0,0,0,0,0,0,0,0.0,0.0,0,"[""SEG-VIP"", ""SEG-SEM-CARTAO"", ""SEG-INVESTIDOR-EXPERIENTE"", ""SEG-PERFIL-FAMILIAR""]",0
1251117,2022-10-28,N,BR,M,56,2021-03-31,0.0,19,1.0,,1.0,A,S,N,,RED,N,PR,1.0,209861.94,02 - VAREJO,0,0,0,0,1,0,0,0,0,0,0,0,0,0,0,0,0,0,0,0,0,0.0,0.0,0,"[""SEG-SENIOR"", ""SEG-CREDITO-ATIVO"", ""SEG-SEM-CARTAO"", ""SEG-INVESTIDOR-INICIANTE"", ""SEG-POUPADOR"", ""SEG-CONTRIBUINTE-IR"", ""SEG-PERFIL-FAMILIAR""]",0
135421,2022-12-28,N,BR,F,46,2006-06-18,0.0,198,1.0,,1.0,I,S,S,,KAT,N,SP,0.0,104200.28,02 - VAREJO,0,0,1,0,0,0,0,0,0,0,0,0,0,0,0,0,0,0,0,0,0,0.0,0.0,0,"[""SEG-ALTA-RENDA"", ""SEG-POUPADOR"", ""SEG-CONTRIBUINTE-IR""]",0
100329,2022-07-28,N,BR,M,62,2007-09-15,0.0,205,1.0,,1.0,A,S,N,,KAY,N,RS,1.0,31386.03,02 - VAREJO,0,0,0,0,0,0,0,0,0,0,0,0,0,1,0,0,1,0,0,0,0,0.0,0.0,0,"[""SEG-SENIOR"", ""SEG-SEM-CARTAO"", ""SEG-INVESTIDOR-EXPERIENTE""]",0
988265,2023-03-28,N,BR,F,51,2018-12-01,0.0,52,1.0,,1.0,A,S,N,,KHE,N,ES,1.0,46038.17,02 - VAREJO,0,0,1,0,0,0,0,0,0,0,0,0,0,0,0,0,0,0,0,0,0,0.0,0.0,0,"[""SEG-CREDITO-ATIVO"", ""SEG-SEM-CARTAO"", ""SEG-INVESTIDOR-INICIANTE"", ""SEG-POUPADOR"", ""SEG-CONTRIBUINTE-IR"", ""SEG-PERFIL-FAMILIAR""]",0
1510052,2023-04-28,N,BR,F,22,2022-11-25,1.0,5,1.0,,1,I,S,N,,KHQ,N,MG,0.0,30837.83,03 - UNIVERSITARIO,0,0,1,0,0,0,0,0,0,0,0,0,0,0,0,0,0,0,0,0,0,0.0,0.0,0,"[""SEG-JOVEM""]",0
1337803,2022-03-28,N,BR,M,25,2021-10-21,0.0,9,1.0,,1.0,I,S,N,,KHE,N,SP,0.0,87607.44,03 - UNIVERSITARIO,0,0,1,0,0,0,0,0,0,0,0,0,0,0,0,0,0,0,0,0,0,0.0,0.0,0,"[""SEG-JOVEM"", ""SEG-ALTA-RENDA"", ""SEG-POUPADOR"", ""SEG-VIAJANTE-EVENTO""]",1
407180,2023-04-28,N,BR,F,65,2010-02-14,0.0,158,1.0,,1.0,A,S,N,,KFC,N,RJ,1.0,54072.61,02 - VAREJO,0,0,1,0,0,0,0,1,0,0,0,0,0,0,0,0,0,0,0,0,0,0.0,0.0,0,"[""SEG-SENIOR"", ""SEG-CREDITO-ATIVO"", ""SEG-SEM-CARTAO"", ""SEG-INVESTIDOR-INICIANTE"", ""SEG-POUPADOR""]",0
594281,2023-03-28,N,BR,M,96,2013-01-30,0.0,122,1.0,,1,A,S,N,,KAT,N,SP,1.0,21258.45,02 - VAREJO,0,0,1,0,0,0,0,0,1,0,0,0,1,0,0,0,0,0,0,0,0,0.0,0.0,1,"[""SEG-SENIOR"", ""SEG-SEM-CARTAO"", ""SEG-INVESTIDOR-INICIANTE""]",0
1527536,2023-01-28,N,BR,F,47,2023-01-26,1.0,0,1.0,,,,S,N,,,N,GO,1.0,20762.51,,0,0,1,0,0,0,0,0,0,0,0,0,0,0,0,0,0,0,0,0,0,0.0,0.0,0,"[""SEG-INVESTIDOR-INICIANTE"", ""SEG-PERFIL-FAMILIAR""]",0
605232,2022-11-28,N,BR,F,59,2013-03-29,0.0,116,1.0,,1.0,A,S,N,,KAT,N,SP,1.0,78798.6,02 - VAREJO,0,0,1,0,0,0,0,0,0,0,0,0,0,0,0,0,0,0,0,0,0,0.0,0.0,0,"[""SEG-SENIOR"", ""SEG-CREDITO-ATIVO"", ""SEG-SEM-CARTAO"", ""SEG-INVESTIDOR-INICIANTE"", ""SEG-POUPADOR"", ""SEG-CONTRIBUINTE-IR"", ""SEG-PERFIL-FAMILIAR""]",0
94985,2022-06-28,N,BR,F,55,2005-05-05,0.0,206,1.0,,1.0,A,S,N,,KAS,N,SP,1.0,117199.75,02 - VAREJO,0,0,1,0,0,0,0,0,0,0,0,0,0,0,1,0,0,1,0,0,0,0.0,0.0,0,"[""SEG-SENIOR"", ""SEG-ALTA-RENDA"", ""SEG-CREDITO-ATIVO"", ""SEG-SEM-CARTAO"", ""SEG-INVESTIDOR-INICIANTE"", ""SEG-POUPADOR"", ""SEG-CONTRIBUINTE-IR"", ""SEG-PERFIL-FAMILIAR"", ""SEG-PROPRIETARIO""]",0
643911,2023-04-28,N,BR,F,40,2021-03-13,0.0,25,1.0,,1.0,I,S,N,,KAT,N,SP,1.0,30451.54,02 - VAREJO,0,0,0,0,0,0,0,0,0,0,0,0,1,0,0,0,0,0,0,0,0,0.0,0.0,0,"[""SEG-SEM-CARTAO"", ""SEG-INVESTIDOR-INICIANTE"", ""SEG-PERFIL-FAMILIAR""]",0
203795,2023-03-28,N,BR,F,60,2007-11-09,0.0,184,1.0,,1.0,A,S,N,,KFC,N,PA,1.0,18699.19,01 - ALTA RENDA,0,0,1,0,0,0,0,0,0,0,0,1,1,0,0,0,0,0,0,1,0,0.0,0.0,0,"[""SEG-VIP"", ""SEG-SENIOR"", ""SEG-SEM-CARTAO"", ""SEG-INVESTIDOR-INICIANTE"", ""SEG-PERFIL-FAMILIAR""]",0
417485,2022-03-28,N,BR,F,38,2010-05-05,0.0,146,1.0,,1.0,A,S,N,,KFC,N,MA,1.0,29699.72,02 - VAREJO,0,0,1,0,0,0,0,0,0,0,0,1,0,0,0,0,0,0,0,0,0,0.0,0.0,0,"[""SEG-SEM-CARTAO"", ""SEG-INVESTIDOR-INICIANTE"", ""SEG-PERFIL-FAMILIAR""]",0
125067,2023-02-28,N,BR,F,46,2006-03-12,0.0,203,1.0,,1.0,A,S,N,,KAT,N,SP,1.0,123215.65,01 - ALTA RENDA,0,0,0,0,1,0,0,0,0,0,0,0,1,0,0,0,0,1,1,0,0,1.0,1.0,1,"[""SEG-VIP"", ""SEG-ALTA-RENDA"", ""SEG-CREDITO-ATIVO"", ""SEG-INVESTIDOR-INICIANTE"", ""SEG-POUPADOR"", ""SEG-CONTRIBUINTE-IR"", ""SEG-PERFIL-FAMILIAR""]",0
450720,2023-03-28,N,BR,F,43,2010-12-29,0.0,147,1.0,,1.0,A,S,N,,KFC,N,SP,1.0,243871.79,02 - VAREJO,0,0,1,0,0,0,0,1,0,0,0,0,0,0,1,0,0,1,1,0,0,0.0,0.0,1,"[""SEG-ALTA-RENDA"", ""SEG-CREDITO-ATIVO"", ""SEG-INVESTIDOR-INICIANTE"", ""SEG-POUPADOR"", ""SEG-CONTRIBUINTE-IR"", ""SEG-PERFIL-FAMILIAR"", ""SEG-PROPRIETARIO""]",0
508308,2023-02-28,N,BR,F,49,2011-12-27,0.0,134,1.0,,1.0,A,S,N,,KAT,N,SP,1.0,26704.13,01 - ALTA RENDA,0,0,1,0,0,0,0,0,0,0,0,1,1,0,0,0,0,0,0,0,0,0.0,0.0,0,"[""SEG-VIP"", ""SEG-SEM-CARTAO"", ""SEG-INVESTIDOR-INICIANTE"", ""SEG-PERFIL-FAMILIAR""]",0
601103,2022-04-28,N,BR,M,33,2013-03-07,0.0,50,1.0,,1.0,A,S,N,,KFC,N,SP,1.0,10816.64,02 - VAREJO,0,0,1,0,0,0,1,0,0,0,0,0,0,0,0,0,0,0,0,0,0,0.0,0.0,0,"[""SEG-SEM-CARTAO"", ""SEG-INVESTIDOR-INICIANTE"", ""SEG-PERFIL-FAMILIAR"", ""SEG-VIAJANTE-EVENTO""]",1
254786,2023-01-28,N,BR,F,42,2008-06-19,0.0,150,1.0,,1.0,I,S,N,,KCH,N,SP,1.0,82509.68,02 - VAREJO,0,0,1,0,0,0,0,0,0,0,0,0,0,0,0,0,0,0,0,0,0,0.0,0.0,0,"[""SEG-ALTA-RENDA"", ""SEG-CREDITO-ATIVO"", ""SEG-SEM-CARTAO"", ""SEG-INVESTIDOR-INICIANTE"", ""SEG-POUPADOR"", ""SEG-CONTRIBUINTE-IR"", ""SEG-PERFIL-FAMILIAR""]",0
451974,2023-04-28,N,BR,F,49,2011-01-07,0.0,147,1.0,,1.0,I,S,N,,KFC,N,SP,0.0,73576.98,02 - VAREJO,0,0,0,0,0,0,0,1,0,0,0,0,0,0,0,0,0,0,0,0,0,0.0,0.0,0,"[""SEG-ALTA-RENDA"", ""SEG-POUPADOR"", ""SEG-CONTRIBUINTE-IR""]",0
261200,2023-05-28,N,BR,M,47,2008-07-11,0.0,178,1.0,,1.0,I,S,N,,KFC,N,SP,1.0,107565.4,02 - VAREJO,0,0,1,0,0,0,0,1,0,0,0,0,0,0,0,0,0,0,0,0,0,0.0,0.0,0,"[""SEG-ALTA-RENDA"", ""SEG-CREDITO-ATIVO"", ""SEG-SEM-CARTAO"", ""SEG-INVESTIDOR-INICIANTE"", ""SEG-POUPADOR"", ""SEG-CONTRIBUINTE-IR"", ""SEG-PERFIL-FAMILIAR""]",0
1187514,2022-08-28,N,BR,F,51,2020-10-02,0.0,22,1.0,,1.0,I,S,N,,KAT,N,MG,0.0,19040.61,02 - VAREJO,0,0,0,0,0,0,0,0,0,0,0,0,0,0,0,0,0,0,0,0,0,0.0,0.0,0,"[""SEG-VIAJANTE-EVENTO""]",1
1524774,2023-04-28,N,BR,F,29,2023-01-16,1.0,3,1.0,,1.0,A,S,S,,KHM,N,RJ,1.0,54192.48,02 - VAREJO,0,0,1,0,0,0,0,0,0,0,0,0,0,0,0,0,0,0,0,0,0,0.0,0.0,0,"[""SEG-JOVEM"", ""SEG-SEM-CARTAO"", ""SEG-INVESTIDOR-INICIANTE"", ""SEG-POUPADOR"", ""SEG-PERFIL-FAMILIAR""]",0
808468,2022-11-28,N,BR,F,35,2015-10-23,0.0,85,1.0,,1.0,A,S,N,,KFC,N,PR,1.0,39940.56,02 - VAREJO,0,0,1,0,0,0,0,0,0,0,0,0,0,0,0,0,0,0,0,0,0,0.0,0.0,1,"[""SEG-CREDITO-ATIVO"", ""SEG-SEM-CARTAO"", ""SEG-INVESTIDOR-INICIANTE"", ""SEG-POUPADOR"", ""SEG-PERFIL-FAMILIAR""]",0
303311,2023-03-28,N,BR,M,42,2008-11-30,0.0,172,1.0,,1.0,A,S,N,,KAT,N,SP,1.0,94921.37,02 - VAREJO,0,0,1,0,0,0,0,1,0,0,0,0,0,0,0,0,0,0,0,0,0,0.0,0.0,0,"[""SEG-ALTA-RENDA"", ""SEG-CREDITO-ATIVO"", ""SEG-SEM-CARTAO"", ""SEG-INVESTIDOR-INICIANTE"", ""SEG-POUPADOR"", ""SEG-CONTRIBUINTE-IR"", ""SEG-PERFIL-FAMILIAR""]",0
622668,2022-03-28,N,BR,F,69,2013-06-19,0.0,107,1.0,,1.0,A,S,N,,KAT,N,SP,1.0,168396.29,01 - ALTA RENDA,0,0,1,0,0,0,0,0,0,0,0,0,0,1,0,1,0,0,0,0,0,0.0,0.0,0,"[""SEG-VIP"", ""SEG-SENIOR"", ""SEG-CREDITO-ATIVO"", ""SEG-SEM-CARTAO"", ""SEG-POUPADOR"", ""SEG-INVESTIDOR-EXPERIENTE""]",0
398230,2022-11-28,N,BR,F,24,2009-12-27,0.0,155,1.0,,1.0,A,S,N,,KAT,N,SP,1.0,139451.39,02 - VAREJO,0,0,0,0,0,0,0,0,0,0,0,0,1,0,0,0,0,0,0,0,0,0.0,0.0,0,"[""SEG-JOVEM"", ""SEG-CREDITO-ATIVO"", ""SEG-SEM-CARTAO"", ""SEG-INVESTIDOR-INICIANTE"", ""SEG-POUPADOR""]",0
187033,2022-10-28,N,BR,M,92,2007-08-07,0.0,182,1.0,,1.0,A,S,N,,KAT,N,RJ,0.0,50428.17,01 - ALTA RENDA,0,0,1,0,0,0,0,1,0,0,0,0,0,0,0,0,0,0,0,0,0,0.0,0.0,0,"[""SEG-VIP"", ""SEG-SENIOR"", ""SEG-POUPADOR""]",0
779063,2023-03-28,N,BR,F,81,2015-07-14,0.0,92,1.0,,1,A,S,N,,KFC,N,SP,1.0,365796.48,02 - VAREJO,0,0,1,0,0,0,0,0,0,0,0,0,0,0,0,0,0,0,0,0,0,0.0,0.0,0,"[""SEG-SENIOR"", ""SEG-CREDITO-ATIVO"", ""SEG-SEM-CARTAO"", ""SEG-INVESTIDOR-INICIANTE"", ""SEG-POUPADOR"", ""SEG-VIAJANTE-EVENTO""]",1
1486040,2023-04-28,N,BR,F,29,2022-10-21,0.0,6,1.0,,1.0,A,S,N,,KHQ,N,SP,1.0,67058.05,03 - UNIVERSITARIO,0,0,1,0,0,0,0,0,0,0,0,0,0,0,0,0,0,0,0,0,0,0.0,0.0,0,"[""SEG-JOVEM"", ""SEG-ALTA-RENDA"", ""SEG-CREDITO-ATIVO"", ""SEG-SEM-CARTAO"", ""SEG-INVESTIDOR-INICIANTE"", ""SEG-POUPADOR"", ""SEG-PERFIL-FAMILIAR""]",0
1027846,2023-01-28,N,BR,M,23,2019-07-23,0.0,42,1.0,,1,I,S,N,,KHE,N,BA,0.0,8472.72,03 - UNIVERSITARIO,0,0,1,0,0,0,0,0,0,0,0,0,0,0,0,0,0,0,0,0,0,0.0,0.0,0,"[""SEG-JOVEM"", ""SEG-VIAJANTE-EVENTO""]",1
1306393,2022-11-28,N,BR,F,20,2021-09-12,0.0,14,1.0,,1.0,A,S,N,,KHE,N,SP,1.0,68543.96,03 - UNIVERSITARIO,0,0,1,0,0,0,0,0,0,0,0,0,0,0,0,0,0,0,0,0,0,0.0,0.0,0,"[""SEG-JOVEM"", ""SEG-CREDITO-ATIVO"", ""SEG-SEM-CARTAO"", ""SEG-INVESTIDOR-INICIANTE"", ""SEG-POUPADOR""]",0
130594,2022-02-28,N,BR,F,46,2006-05-05,0.0,194,1.0,,1.0,A,S,N,,KAT,N,PA,1.0,307707.99,01 - ALTA RENDA,0,0,1,0,0,0,0,1,0,0,0,0,0,0,0,1,1,0,0,1,0,0.0,0.0,0,"[""SEG-VIP"", ""SEG-ALTA-RENDA"", ""SEG-SEM-CARTAO"", ""SEG-INVESTIDOR-INICIANTE"", ""SEG-POUPADOR"", ""SEG-PERFIL-FAMILIAR""]",0
265278,2022-08-28,N,BR,F,64,2008-07-27,0.0,169,1.0,,1.0,I,S,N,,KFC,N,PR,0.0,52282.52,02 - VAREJO,0,0,0,0,0,0,0,1,0,0,0,0,0,0,0,0,0,0,0,0,0,0.0,0.0,0,"[""SEG-SENIOR"", ""SEG-POUPADOR""]",0
495039,2022-01-28,N,BR,F,36,2011-10-07,0.0,129,1.0,,1.0,A,S,N,,KFD,N,SP,1.0,121413.16,02 - VAREJO,0,0,0,0,1,0,0,0,0,0,0,0,1,0,1,0,0,1,1,0,0,0.0,0.0,1,"[""SEG-ALTA-RENDA"", ""SEG-CREDITO-ATIVO"", ""SEG-INVESTIDOR-INICIANTE"", ""SEG-POUPADOR"", ""SEG-CONTRIBUINTE-IR"", ""SEG-PERFIL-FAMILIAR"", ""SEG-PROPRIETARIO""]",0
694308,2022-11-28,N,BR,F,41,2014-05-31,0.0,102,1.0,,1.0,I,S,N,,KAT,N,PE,0.0,48303.81,02 - VAREJO,0,0,1,0,0,0,0,0,0,0,0,0,0,0,0,0,0,0,0,0,0,0.0,0.0,0,"[""SEG-POUPADOR"", ""SEG-CONTRIBUINTE-IR""]",0
949521,2023-02-28,N,BR,M,25,2018-09-27,0.0,53,1.0,,1.0,I,S,S,,KHD,N,MS,1.0,29015.33,03 - UNIVERSITARIO,0,0,1,0,0,0,0,0,0,0,0,0,0,0,0,0,0,0,0,0,0,0.0,0.0,0,"[""SEG-JOVEM"", ""SEG-SEM-CARTAO"", ""SEG-INVESTIDOR-INICIANTE"", ""SEG-PERFIL-FAMILIAR""]",0
1154640,2022-01-28,N,BR,F,23,2020-08-03,0.0,23,1.0,,1.0,I,S,S,,KAT,N,SP,0.0,8330.11,03 - UNIVERSITARIO,0,0,1,0,0,0,0,0,0,0,0,0,0,0,0,0,0,0,0,0,0,0.0,0.0,0,"[""SEG-JOVEM""]",0
178655,2022-10-28,N,BR,M,51,2007-06-12,0.0,30,1.0,,1,A,S,N,,KAT,N,SP,1.0,101942.3,01 - ALTA RENDA,0,0,0,0,0,0,0,0,0,0,0,1,0,0,0,0,0,0,0,0,0,0.0,0.0,0,"[""SEG-VIP"", ""SEG-ALTA-RENDA"", ""SEG-CREDITO-ATIVO"", ""SEG-SEM-CARTAO"", ""SEG-INVESTIDOR-INICIANTE"", ""SEG-POUPADOR"", ""SEG-CONTRIBUINTE-IR"", ""SEG-PERFIL-FAMILIAR""]",0
234014,2022-09-28,N,BR,F,43,2008-03-27,0.0,131,1.0,,1.0,A,S,N,,KCI,N,SP,1.0,38986.31,02 - VAREJO,0,0,1,0,0,0,0,0,0,0,0,0,1,0,1,0,0,0,0,0,0,0.0,0.0,1,"[""SEG-CREDITO-ATIVO"", ""SEG-SEM-CARTAO"", ""SEG-INVESTIDOR-INICIANTE"", ""SEG-POUPADOR"", ""SEG-PERFIL-FAMILIAR"", ""SEG-PROPRIETARIO""]",0
480618,2023-03-28,N,BR,M,38,2011-06-24,0.0,141,1.0,,1.0,A,S,S,,KFC,N,SP,1.0,507333.2,02 - VAREJO,0,0,1,0,0,0,0,0,0,0,0,0,1,0,0,0,0,0,1,0,0,0.0,0.0,0,"[""SEG-ALTA-RENDA"", ""SEG-CREDITO-ATIVO"", ""SEG-INVESTIDOR-INICIANTE"", ""SEG-POUPADOR"", ""SEG-CONTRIBUINTE-IR"", ""SEG-PERFIL-FAMILIAR""]",0
719219,2022-12-28,N,BR,F,40,2014-09-18,0.0,99,1.0,,1.0,I,S,N,,KFC,N,BA,0.0,98831.11,02 - VAREJO,0,0,0,0,0,0,0,0,0,0,0,0,0,0,0,0,0,0,0,0,0,0.0,0.0,0,"[""SEG-ALTA-RENDA"", ""SEG-POUPADOR"", ""SEG-CONTRIBUINTE-IR"", ""SEG-VIAJANTE-EVENTO""]",1
1218878,2022-10-28,N,BR,M,23,2020-11-12,0.0,23,1.0,,1,I,S,S,,KHE,N,RJ,0.0,93465.98,03 - UNIVERSITARIO,0,0,0,0,0,0,0,0,0,0,0,0,0,0,0,0,0,0,0,0,0,0.0,0.0,0,"[""SEG-JOVEM"", ""SEG-POUPADOR""]",0
681572,2022-12-28,N,BR,M,79,2014-03-11,0.0,105,1.0,,1.0,A,S,N,,KFC,N,SP,1.0,249031.21,02 - VAREJO,0,0,1,0,0,0,0,0,0,0,0,0,0,0,0,0,0,0,0,0,0,0.0,0.0,0,"[""SEG-SENIOR"", ""SEG-CREDITO-ATIVO"", ""SEG-SEM-CARTAO"", ""SEG-INVESTIDOR-INICIANTE"", ""SEG-POUPADOR""]",0
1286843,2022-10-28,N,BR,M,54,2021-07-31,0.0,14,1.0,,1.0,A,S,N,,KAT,N,SP,1.0,37821.2,02 - VAREJO,0,0,1,0,0,0,0,0,0,0,0,0,1,0,0,0,0,0,0,0,0,0.0,0.0,0,"[""SEG-CREDITO-ATIVO"", ""SEG-SEM-CARTAO"", ""SEG-INVESTIDOR-INICIANTE"", ""SEG-POUPADOR"", ""SEG-PERFIL-FAMILIAR""]",0
700251,2022-09-28,N,BR,F,54,2014-06-28,0.0,99,1.0,,1.0,A,S,N,,KAT,N,RO,1.0,18925.11,01 - ALTA RENDA,0,0,1,0,0,0,0,0,0,0,0,1,0,0,0,0,0,0,0,0,0,0.0,0.0,0,"[""SEG-VIP"", ""SEG-SEM-CARTAO"", ""SEG-INVESTIDOR-INICIANTE"", ""SEG-PERFIL-FAMILIAR"", ""SEG-VIAJANTE-EVENTO""]",1
793795,2023-05-28,N,BR,F,45,2015-09-12,0.0,92,1.0,,1.0,A,S,N,,KFA,N,SP,1.0,142093.19,01 - ALTA RENDA,0,0,1,0,0,0,0,0,0,0,0,1,0,0,0,0,0,0,0,0,0,0.0,0.0,0,"[""SEG-VIP"", ""SEG-ALTA-RENDA"", ""SEG-CREDITO-ATIVO"", ""SEG-SEM-CARTAO"", ""SEG-INVESTIDOR-INICIANTE"", ""SEG-POUPADOR"", ""SEG-CONTRIBUINTE-IR"", ""SEG-PERFIL-FAMILIAR""]",0
869084,2023-05-28,N,BR,F,51,2017-03-22,0.0,74,1.0,,1,A,S,N,,KGX,N,SP,1.0,99927.72,01 - ALTA RENDA,0,0,1,0,0,0,0,0,0,0,0,1,1,0,0,0,0,0,0,0,0,0.0,0.0,0,"[""SEG-VIP"", ""SEG-ALTA-RENDA"", ""SEG-CREDITO-ATIVO"", ""SEG-SEM-CARTAO"", ""SEG-INVESTIDOR-INICIANTE"", ""SEG-POUPADOR"", ""SEG-CONTRIBUINTE-IR"", ""SEG-PERFIL-FAMILIAR""]",0
1510016,2023-04-28,N,BR,M,48,2022-11-25,1.0,5,1.0,,1,A,S,N,,KHN,N,AM,1.0,15888.26,02 - VAREJO,0,0,1,0,0,0,0,0,0,0,0,0,0,0,0,0,0,0,0,0,0,0.0,0.0,1,"[""SEG-SEM-CARTAO"", ""SEG-INVESTIDOR-INICIANTE"", ""SEG-PERFIL-FAMILIAR""]",0
944130,2022-09-28,N,BR,M,22,2018-09-16,0.0,48,1.0,,1.0,I,S,N,,KHE,N,SP,0.0,91205.29,03 - UNIVERSITARIO,0,0,1,0,0,0,0,0,0,0,0,0,0,0,0,0,0,0,0,0,0,0.0,0.0,0,"[""SEG-JOVEM"", ""SEG-POUPADOR""]",0
245214,2022-12-28,N,BR,F,45,2008-05-09,0.0,175,1.0,,1.0,I,S,N,,KCM,N,PR,0.0,56802.71,02 - VAREJO,0,0,0,0,0,0,0,0,0,0,0,0,0,0,0,0,0,0,0,0,0,0.0,0.0,0,"[""SEG-POUPADOR"", ""SEG-CONTRIBUINTE-IR""]",0
815276,2022-03-28,N,BR,F,49,2015-11-12,0.0,80,1.0,,1.0,I,S,N,,KFA,N,MA,1.0,45823.96,02 - VAREJO,0,0,1,0,0,0,0,0,1,0,0,0,0,0,0,0,0,0,0,0,0,0.0,0.0,0,"[""SEG-CREDITO-ATIVO"", ""SEG-SEM-CARTAO"", ""SEG-INVESTIDOR-INICIANTE"", ""SEG-POUPADOR"", ""SEG-CONTRIBUINTE-IR"", ""SEG-PERFIL-FAMILIAR""]",0
520290,2022-06-28,N,BR,M,71,2012-02-28,0.0,125,1.0,,1.0,I,S,N,,KAT,N,RS,0.0,60752.27,02 - VAREJO,0,0,1,0,0,0,0,0,0,0,0,0,0,0,0,0,0,0,0,0,0,0.0,0.0,0,"[""SEG-SENIOR"", ""SEG-POUPADOR""]",0
1462225,2023-04-28,N,BR,F,22,2022-09-28,0.0,7,1.0,,1.0,I,S,N,,KHQ,N,GO,0.0,27148.82,03 - UNIVERSITARIO,0,0,1,0,0,0,0,0,0,0,0,0,0,0,0,0,0,0,0,0,0,0.0,0.0,0,"[""SEG-JOVEM""]",0
252887,2022-07-28,N,BR,M,49,2008-06-12,0.0,169,1.0,,1.0,A,S,N,,KFC,N,SP,1.0,66028.52,02 - VAREJO,0,0,0,0,1,0,0,1,1,0,0,0,0,0,0,0,0,0,1,0,0,1.0,1.0,1,"[""SEG-ALTA-RENDA"", ""SEG-CREDITO-ATIVO"", ""SEG-INVESTIDOR-INICIANTE"", ""SEG-POUPADOR"", ""SEG-CONTRIBUINTE-IR"", ""SEG-PERFIL-FAMILIAR""]",0
153397,2023-03-28,N,BR,M,53,2007-01-14,0.0,194,1.0,,1.0,A,S,N,,KAT,N,RS,1.0,44965.49,02 - VAREJO,0,0,1,0,0,0,0,1,0,0,0,0,0,0,0,0,0,0,0,0,0,0.0,0.0,0,"[""SEG-CREDITO-ATIVO"", ""SEG-SEM-CARTAO"", ""SEG-INVESTIDOR-INICIANTE"", ""SEG-POUPADOR"", ""SEG-CONTRIBUINTE-IR"", ""SEG-PERFIL-FAMILIAR""]",0
54302,2023-04-28,N,BR,F,61,2005-02-09,0.0,218,1.0,,1.0,A,S,N,,KAT,N,SP,1.0,43104.55,02 - VAREJO,0,0,0,0,1,0,0,0,0,0,0,0,1,0,0,0,0,1,0,1,0,0.0,0.0,1,"[""SEG-SENIOR"", ""SEG-CREDITO-ATIVO"", ""SEG-SEM-CARTAO"", ""SEG-INVESTIDOR-INICIANTE"", ""SEG-POUPADOR""]",0
1238950,2022-08-28,N,BR,M,24,2021-01-20,0.0,19,1.0,,1,A,S,S,,KFC,N,BA,1.0,12792.82,02 - VAREJO,0,0,1,0,0,0,0,0,0,0,0,0,0,0,0,0,0,0,0,0,0,0.0,0.0,0,"[""SEG-JOVEM"", ""SEG-SEM-CARTAO"", ""SEG-INVESTIDOR-INICIANTE"", ""SEG-VIAJANTE-EVENTO""]",1
850249,2023-01-28,N,BR,F,64,2016-08-25,0.0,77,1.0,,1.0,A,S,N,,KAT,N,BA,1.0,297050.65,01 - ALTA RENDA,0,0,1,0,0,0,0,0,0,0,0,1,0,0,0,0,0,0,0,0,0,0.0,0.0,0,"[""SEG-VIP"", ""SEG-SENIOR"", ""SEG-CREDITO-ATIVO"", ""SEG-SEM-CARTAO"", ""SEG-INVESTIDOR-INICIANTE"", ""SEG-POUPADOR""]",0
513269,2023-02-28,N,BR,M,57,2012-01-24,0.0,133,1.0,,1.0,A,S,N,,KAT,N,SP,1.0,28060.36,02 - VAREJO,0,0,1,0,0,0,0,0,0,0,0,1,0,0,0,0,0,0,0,0,0,0.0,0.0,0,"[""SEG-SENIOR"", ""SEG-SEM-CARTAO"", ""SEG-INVESTIDOR-INICIANTE"", ""SEG-PERFIL-FAMILIAR""]",0
1248658,2022-04-28,N,BR,F,31,2021-03-17,0.0,16,1.0,,1.0,A,S,N,,KFC,N,AM,1.0,14154.31,03 - UNIVERSITARIO,0,0,0,0,1,0,0,0,0,0,0,0,1,0,0,0,0,0,0,0,0,0.0,0.0,1,"[""SEG-SEM-CARTAO"", ""SEG-INVESTIDOR-INICIANTE"", ""SEG-PERFIL-FAMILIAR""]",0
1135856,2022-01-28,N,BR,F,20,2021-07-30,0.0,12,1.0,,1.0,A,S,N,,KHE,N,TO,1.0,35166.7,03 - UNIVERSITARIO,0,0,1,0,0,0,0,0,0,0,0,0,0,0,0,0,0,0,0,0,0,0.0,0.0,0,"[""SEG-JOVEM"", ""SEG-CREDITO-ATIVO"", ""SEG-SEM-CARTAO"", ""SEG-INVESTIDOR-INICIANTE"", ""SEG-POUPADOR"", ""SEG-VIAJANTE-EVENTO""]",1
1526154,2023-04-28,N,BR,F,43,2023-01-21,1.0,3,1.0,,1,A,S,N,,KHN,N,BA,1.0,47313.51,02 - VAREJO,0,0,1,0,0,0,0,0,0,0,0,0,0,0,0,0,0,0,0,0,0,0.0,0.0,0,"[""SEG-SEM-CARTAO"", ""SEG-INVESTIDOR-INICIANTE"", ""SEG-POUPADOR"", ""SEG-CONTRIBUINTE-IR"", ""SEG-PERFIL-FAMILIAR""]",0
150678,2022-09-28,N,BR,M,65,2006-12-29,0.0,190,1.0,,1,A,S,N,,KAT,N,MA,1.0,108304.49,02 - VAREJO,0,0,1,0,0,0,0,0,0,0,0,0,0,0,0,0,0,0,0,0,0,0.0,0.0,0,"[""SEG-SENIOR"", ""SEG-CREDITO-ATIVO"", ""SEG-SEM-CARTAO"", ""SEG-INVESTIDOR-INICIANTE"", ""SEG-POUPADOR""]",0
555290,2023-02-28,N,BR,M,31,2012-09-10,0.0,125,1.0,,1.0,A,S,N,,KFC,N,SP,1.0,344941.27,03 - UNIVERSITARIO,0,0,1,0,0,0,0,1,0,0,0,0,0,1,0,0,0,1,0,0,0,0.0,0.0,0,"[""SEG-ALTA-RENDA"", ""SEG-CREDITO-ATIVO"", ""SEG-SEM-CARTAO"", ""SEG-POUPADOR"", ""SEG-CONTRIBUINTE-IR"", ""SEG-INVESTIDOR-EXPERIENTE"", ""SEG-PERFIL-FAMILIAR""]",0
1110815,2023-02-28,N,BR,F,44,2019-12-07,0.0,18,1.0,,1,A,S,N,,KAT,N,SP,1.0,117060.78,02 - VAREJO,0,0,1,0,0,0,0,0,0,0,0,0,0,0,0,0,0,0,0,0,0,0.0,0.0,0,"[""SEG-ALTA-RENDA"", ""SEG-CREDITO-ATIVO"", ""SEG-SEM-CARTAO"", ""SEG-INVESTIDOR-INICIANTE"", ""SEG-POUPADOR"", ""SEG-CONTRIBUINTE-IR"", ""SEG-PERFIL-FAMILIAR""]",0
937326,2022-08-28,N,BR,M,51,2018-08-31,0.0,48,1.0,,1,A,S,N,,KAT,N,SP,1.0,49785.22,02 - VAREJO,0,0,1,0,0,0,0,0,0,0,0,0,0,0,0,0,0,0,0,0,0,0.0,0.0,0,"[""SEG-CREDITO-ATIVO"", ""SEG-SEM-CARTAO"", ""SEG-INVESTIDOR-INICIANTE"", ""SEG-POUPADOR"", ""SEG-CONTRIBUINTE-IR"", ""SEG-PERFIL-FAMILIAR""]",0
1239409,2022-08-28,N,BR,M,30,2021-01-21,0.0,19,1.0,,1,I,S,N,,KFC,N,MS,0.0,41299.14,03 - UNIVERSITARIO,0,0,1,0,0,0,0,0,0,0,0,0,0,0,0,0,0,0,0,0,0,0.0,0.0,0,"[""SEG-POUPADOR"", ""SEG-VIAJANTE-EVENTO""]",1
1009551,2023-04-28,N,BR,F,24,2019-03-22,0.0,49,1.0,,1.0,A,S,N,,KFA,N,SP,1.0,112767.39,02 - VAREJO,0,0,0,0,1,0,0,0,0,0,0,0,1,0,0,0,0,0,0,0,0,0.0,1.0,0,"[""SEG-JOVEM"", ""SEG-CREDITO-ATIVO"", ""SEG-SEM-CARTAO"", ""SEG-INVESTIDOR-INICIANTE"", ""SEG-POUPADOR""]",0
1405322,2022-09-28,N,BR,F,46,2022-07-08,1.0,2,1.0,,1,A,S,N,,KHN,N,RJ,1.0,23604.88,02 - VAREJO,0,0,1,0,0,0,0,0,0,0,0,0,0,0,0,0,0,0,0,0,0,0.0,0.0,0,"[""SEG-INVESTIDOR-INICIANTE"", ""SEG-PERFIL-FAMILIAR""]",0
1396352,2023-01-28,N,BR,F,41,2022-05-11,0.0,8,1.0,,1,A,S,N,,KHN,N,PE,0.0,14308.83,02 - VAREJO,0,0,0,0,0,0,0,0,0,0,0,0,0,0,0,0,0,0,0,0,0,0.0,0.0,0,"[""SEG-VIAJANTE-EVENTO""]",1
1209906,2022-10-28,N,BR,M,26,2020-10-28,0.0,24,1.0,,1.0,I,S,N,,KHE,N,SP,0.0,17705.44,03 - UNIVERSITARIO,0,0,0,0,0,0,0,0,0,0,0,0,0,0,0,0,0,0,0,0,0,0.0,0.0,0,"[""SEG-JOVEM""]",0
189301,2022-12-28,N,BR,F,49,2007-08-25,0.0,184,1.0,,1.0,A,S,S,,KFC,N,PB,1.0,17718.39,02 - VAREJO,0,0,0,0,0,0,0,1,0,0,0,0,0,0,0,0,0,0,0,0,0,0.0,0.0,0,"[""SEG-SEM-CARTAO"", ""SEG-INVESTIDOR-INICIANTE"", ""SEG-PERFIL-FAMILIAR""]",0
416923,2023-01-28,N,BR,F,44,2010-04-28,0.0,153,1.0,,1.0,A,S,N,,KFC,N,SP,1.0,94905.65,02 - VAREJO,0,0,1,0,0,0,0,1,0,0,0,0,0,0,0,0,0,0,0,0,0,0.0,0.0,1,"[""SEG-ALTA-RENDA"", ""SEG-CREDITO-ATIVO"", ""SEG-SEM-CARTAO"", ""SEG-INVESTIDOR-INICIANTE"", ""SEG-POUPADOR"", ""SEG-CONTRIBUINTE-IR"", ""SEG-PERFIL-FAMILIAR""]",0
805566,2022-02-28,N,BR,F,46,2015-10-17,0.0,81,1.0,,1.0,A,S,N,,KFG,N,PE,1.0,28568.54,01 - ALTA RENDA,0,0,0,0,1,0,0,0,0,0,0,0,0,0,0,0,0,1,0,0,0,1.0,1.0,1,"[""SEG-VIP"", ""SEG-SEM-CARTAO"", ""SEG-INVESTIDOR-INICIANTE"", ""SEG-PERFIL-FAMILIAR""]",0
31833,2022-02-28,N,BR,M,47,2003-01-24,0.0,194,1.0,,1.0,A,S,N,,KAT,N,SP,1.0,116995.38,01 - ALTA RENDA,0,0,1,0,1,0,0,0,0,0,0,0,1,0,0,1,0,1,1,0,0,1.0,1.0,1,"[""SEG-VIP"", ""SEG-ALTA-RENDA"", ""SEG-CREDITO-ATIVO"", ""SEG-INVESTIDOR-INICIANTE"", ""SEG-POUPADOR"", ""SEG-PERFIL-FAMILIAR""]",0
443867,2022-03-28,N,BR,M,47,2010-11-08,0.0,140,1.0,,1.0,A,S,S,,KAI,N,SP,1.0,35744.71,01 - ALTA RENDA,0,0,1,0,0,0,0,1,0,0,0,1,0,0,0,0,0,0,0,0,0,0.0,0.0,0,"[""SEG-VIP"", ""SEG-CREDITO-ATIVO"", ""SEG-SEM-CARTAO"", ""SEG-INVESTIDOR-INICIANTE"", ""SEG-POUPADOR"", ""SEG-PERFIL-FAMILIAR""]",0
1039384,2023-05-28,N,BR,M,51,2020-03-25,0.0,45,1.0,,1.0,A,S,N,,KAT,N,SP,1.0,26342.11,02 - VAREJO,0,0,0,0,1,0,0,0,0,0,0,0,1,0,0,0,0,0,1,0,0,1.0,1.0,1,"[""SEG-INVESTIDOR-INICIANTE"", ""SEG-PERFIL-FAMILIAR""]",0
772293,2023-05-28,N,BR,M,36,2017-03-25,0.0,95,1.0,,1.0,A,S,N,,KAR,N,SP,1.0,30983.35,02 - VAREJO,0,0,0,0,1,0,0,0,0,0,0,0,0,0,0,0,0,1,0,0,0,1.0,1.0,0,"[""SEG-SEM-CARTAO"", ""SEG-INVESTIDOR-INICIANTE"", ""SEG-PERFIL-FAMILIAR""]",0
33158,2023-02-28,N,BR,F,64,2006-09-08,0.0,197,1.0,,1.0,I,S,N,,KFC,N,MG,0.0,11959.09,02 - VAREJO,0,0,0,0,0,0,0,0,0,0,0,0,0,0,0,0,0,0,0,0,0,0.0,0.0,0,"[""SEG-SENIOR"", ""SEG-VIAJANTE-EVENTO""]",1
664568,2022-01-28,N,BR,F,52,2013-12-23,0.0,103,1.0,,1.0,A,S,N,,KAT,N,SP,1.0,50207.11,02 - VAREJO,0,0,1,0,0,0,0,0,0,0,0,0,1,0,0,0,0,0,0,0,0,0.0,0.0,0,"[""SEG-CREDITO-ATIVO"", ""SEG-SEM-CARTAO"", ""SEG-INVESTIDOR-INICIANTE"", ""SEG-POUPADOR"", ""SEG-CONTRIBUINTE-IR"", ""SEG-PERFIL-FAMILIAR""]",0
88289,2022-03-28,N,BR,M,48,2018-05-19,0.0,50,1.0,,1.0,A,S,N,,KFC,N,SP,1.0,56059.08,02 - VAREJO,0,0,1,0,0,0,0,0,0,0,0,0,0,0,0,0,0,0,0,0,0,0.0,0.0,1,"[""SEG-CREDITO-ATIVO"", ""SEG-SEM-CARTAO"", ""SEG-INVESTIDOR-INICIANTE"", ""SEG-POUPADOR"", ""SEG-CONTRIBUINTE-IR"", ""SEG-PERFIL-FAMILIAR""]",0
1062363,2022-10-28,N,BR,F,57,2019-09-18,0.0,37,1.0,,1.0,A,S,N,,KFC,N,AC,1.0,15942.31,02 - VAREJO,0,0,0,0,1,0,0,0,0,0,0,0,1,0,0,0,0,1,1,0,0,1.0,1.0,1,"[""SEG-SENIOR"", ""SEG-INVESTIDOR-INICIANTE"", ""SEG-PERFIL-FAMILIAR"", ""SEG-VIAJANTE-EVENTO""]",1
551503,2022-10-28,N,BR,M,51,2012-08-24,0.0,122,1.0,,1.0,A,S,N,,KFA,N,SP,1.0,142372.83,02 - VAREJO,0,0,1,0,0,0,0,1,0,0,0,0,0,0,0,0,0,1,0,0,0,0.0,0.0,0,"[""SEG-ALTA-RENDA"", ""SEG-CREDITO-ATIVO"", ""SEG-SEM-CARTAO"", ""SEG-INVESTIDOR-INICIANTE"", ""SEG-POUPADOR"", ""SEG-CONTRIBUINTE-IR"", ""SEG-PERFIL-FAMILIAR"", ""SEG-VIAJANTE-EVENTO""]",1
729690,2022-04-28,N,BR,M,38,2015-01-05,0.0,90,1.0,,1.0,A,S,N,,013,N,SP,0.0,230768.41,02 - VAREJO,0,0,0,0,0,0,0,0,0,0,0,0,0,0,0,0,0,0,0,0,0,0.0,0.0,0,"[""SEG-ALTA-RENDA"", ""SEG-POUPADOR"", ""SEG-CONTRIBUINTE-IR""]",0
284782,2022-12-28,N,BR,M,41,2008-10-26,0.0,170,1.0,,1.0,A,S,N,,KAT,N,SP,1.0,131994.94,02 - VAREJO,0,0,1,0,1,0,0,0,0,0,0,0,1,0,1,0,0,1,0,0,0,1.0,1.0,1,"[""SEG-ALTA-RENDA"", ""SEG-CREDITO-ATIVO"", ""SEG-SEM-CARTAO"", ""SEG-INVESTIDOR-INICIANTE"", ""SEG-POUPADOR"", ""SEG-CONTRIBUINTE-IR"", ""SEG-PERFIL-FAMILIAR"", ""SEG-PROPRIETARIO""]",0
891528,2022-09-28,N,BR,F,40,2017-09-14,0.0,60,1.0,,1.0,A,S,N,,KAI,N,AC,1.0,36046.26,02 - VAREJO,0,0,1,0,0,0,0,0,0,0,0,0,0,0,0,0,0,0,0,0,0,0.0,0.0,0,"[""SEG-CREDITO-ATIVO"", ""SEG-SEM-CARTAO"", ""SEG-INVESTIDOR-INICIANTE"", ""SEG-POUPADOR"", ""SEG-PERFIL-FAMILIAR""]",0
257855,2023-02-28,N,BR,F,41,2008-06-29,0.0,176,1.0,,1.0,A,S,N,,KAS,N,RJ,1.0,16516.42,01 - ALTA RENDA,0,0,0,0,1,0,0,0,0,0,0,0,1,0,1,1,0,1,1,1,0,1.0,1.0,1,"[""SEG-VIP"", ""SEG-INVESTIDOR-INICIANTE"", ""SEG-PERFIL-FAMILIAR"", ""SEG-PROPRIETARIO"", ""SEG-VIAJANTE-EVENTO""]",1
894247,2023-04-28,N,BR,M,31,2017-10-14,0.0,66,1.0,,1.0,I,S,N,,KFC,N,SP,0.0,67812.2,02 - VAREJO,0,0,0,0,0,0,0,0,0,0,0,0,0,0,0,0,0,0,0,0,0,0.0,0.0,0,"[""SEG-ALTA-RENDA"", ""SEG-POUPADOR"", ""SEG-CONTRIBUINTE-IR""]",0
599536,2022-11-28,N,BR,F,44,2013-02-27,0.0,117,1.0,,1.0,A,S,N,,KAT,N,SP,1.0,205839.1,02 - VAREJO,0,0,0,0,0,0,0,0,0,0,0,0,0,0,0,0,0,0,1,0,0,0.0,0.0,0,"[""SEG-ALTA-RENDA"", ""SEG-CREDITO-ATIVO"", ""SEG-INVESTIDOR-INICIANTE"", ""SEG-POUPADOR"", ""SEG-CONTRIBUINTE-IR"", ""SEG-PERFIL-FAMILIAR""]",0
408103,2022-08-28,N,BR,F,55,2010-02-21,0.0,150,1.0,,1.0,A,S,N,,KAT,N,SP,1.0,167590.92,02 - VAREJO,0,0,1,0,0,0,0,1,0,0,0,0,0,1,0,0,0,0,0,0,0,0.0,0.0,0,"[""SEG-SENIOR"", ""SEG-ALTA-RENDA"", ""SEG-CREDITO-ATIVO"", ""SEG-SEM-CARTAO"", ""SEG-POUPADOR"", ""SEG-CONTRIBUINTE-IR"", ""SEG-INVESTIDOR-EXPERIENTE"", ""SEG-PERFIL-FAMILIAR""]",0
364435,2023-01-28,N,BR,M,68,2009-06-24,0.0,163,1.0,,1,A,S,N,,KBZ,N,SP,1.0,50338.88,02 - VAREJO,0,0,0,0,0,0,0,1,0,0,0,0,0,1,0,0,0,0,0,0,0,0.0,0.0,0,"[""SEG-SENIOR"", ""SEG-CREDITO-ATIVO"", ""SEG-SEM-CARTAO"", ""SEG-POUPADOR"", ""SEG-INVESTIDOR-EXPERIENTE""]",0
85205,2022-09-28,N,BR,F,52,2005-03-10,0.0,210,1.0,,1.0,A,S,N,,KAS,N,SP,1.0,116284.21,02 - VAREJO,0,0,1,0,0,0,0,1,1,0,0,0,0,0,1,0,0,0,0,0,0,0.0,0.0,1,"[""SEG-ALTA-RENDA"", ""SEG-CREDITO-ATIVO"", ""SEG-SEM-CARTAO"", ""SEG-INVESTIDOR-INICIANTE"", ""SEG-POUPADOR"", ""SEG-CONTRIBUINTE-IR"", ""SEG-PERFIL-FAMILIAR"", ""SEG-PROPRIETARIO""]",0
548196,2022-09-28,N,BR,M,46,2012-08-12,0.0,121,1.0,,1.0,A,S,N,,KFC,N,SP,1.0,44296.46,02 - VAREJO,0,0,1,0,0,0,0,0,0,0,0,0,0,1,0,0,0,0,0,0,0,0.0,0.0,0,"[""SEG-CREDITO-ATIVO"", ""SEG-SEM-CARTAO"", ""SEG-POUPADOR"", ""SEG-INVESTIDOR-EXPERIENTE"", ""SEG-PERFIL-FAMILIAR""]",0
1166912,2022-11-28,N,BR,M,24,2020-08-16,0.0,27,1.0,,1.0,I,S,N,,KHE,N,PE,0.0,8901.53,03 - UNIVERSITARIO,0,0,1,0,0,0,0,0,0,0,0,0,0,0,0,0,0,0,0,0,0,0.0,0.0,0,"[""SEG-JOVEM"", ""SEG-VIAJANTE-EVENTO""]",1
45394,2022-07-28,N,BR,F,55,2009-09-09,0.0,154,1.0,,1.0,I,S,N,,KBZ,N,SP,1.0,126821.39,02 - VAREJO,0,0,1,0,0,0,0,0,0,0,0,0,0,0,0,0,0,0,0,0,0,0.0,0.0,0,"[""SEG-SENIOR"", ""SEG-ALTA-RENDA"", ""SEG-CREDITO-ATIVO"", ""SEG-SEM-CARTAO"", ""SEG-INVESTIDOR-INICIANTE"", ""SEG-POUPADOR"", ""SEG-CONTRIBUINTE-IR"", ""SEG-PERFIL-FAMILIAR""]",0
395172,2022-06-28,N,BR,F,42,2009-12-10,0.0,151,1.0,,1.0,A,S,N,,KAT,N,MG,1.0,8205.97,01 - ALTA RENDA,0,0,1,0,1,0,0,0,0,0,0,1,1,1,1,0,0,1,1,1,0,1.0,1.0,1,"[""SEG-VIP"", ""SEG-PERFIL-FAMILIAR"", ""SEG-PROPRIETARIO""]",0
902331,2022-03-28,N,BR,F,50,2018-01-27,0.0,54,1.0,,1.0,A,S,N,,KFC,N,GO,1.0,100778.35,02 - VAREJO,0,0,1,0,0,0,1,0,0,0,1,1,0,0,0,0,0,0,0,0,0,0.0,0.0,1,"[""SEG-ALTA-RENDA"", ""SEG-CREDITO-ATIVO"", ""SEG-SEM-CARTAO"", ""SEG-INVESTIDOR-INICIANTE"", ""SEG-POUPADOR"", ""SEG-CONTRIBUINTE-IR"", ""SEG-PERFIL-FAMILIAR""]",0
1439148,2022-12-28,N,BR,M,43,2022-08-27,1.0,4,1.0,,1,A,S,N,,KHN,N,SP,1.0,50741.51,02 - VAREJO,0,0,0,0,0,0,0,0,0,0,0,1,0,0,0,0,0,0,0,0,0,0.0,0.0,0,"[""SEG-SEM-CARTAO"", ""SEG-INVESTIDOR-INICIANTE"", ""SEG-POUPADOR"", ""SEG-CONTRIBUINTE-IR"", ""SEG-PERFIL-FAMILIAR"", ""SEG-VIAJANTE-EVENTO""]",1
476257,2023-04-28,N,BR,F,58,2017-02-23,0.0,74,1.0,,1,A,S,N,,KAT,N,SP,1.0,160292.41,01 - ALTA RENDA,0,0,1,0,0,0,0,0,0,0,0,1,1,0,0,0,0,0,0,0,0,0.0,0.0,1,"[""SEG-VIP"", ""SEG-SENIOR"", ""SEG-CREDITO-ATIVO"", ""SEG-SEM-CARTAO"", ""SEG-INVESTIDOR-INICIANTE"", ""SEG-POUPADOR"", ""SEG-CONTRIBUINTE-IR"", ""SEG-PERFIL-FAMILIAR""]",0
1101001,2022-02-28,N,BR,F,41,2019-11-14,0.0,32,1.0,,1.0,A,S,N,,KFC,N,RJ,1.0,61436.15,02 - VAREJO,0,0,1,0,0,0,0,0,0,0,0,0,1,0,0,0,0,0,0,0,0,0.0,0.0,0,"[""SEG-ALTA-RENDA"", ""SEG-CREDITO-ATIVO"", ""SEG-SEM-CARTAO"", ""SEG-INVESTIDOR-INICIANTE"", ""SEG-POUPADOR"", ""SEG-CONTRIBUINTE-IR"", ""SEG-PERFIL-FAMILIAR"", ""SEG-VIAJANTE-EVENTO""]",1
1331034,2022-05-28,N,BR,F,47,2021-10-13,0.0,9,1.0,,1.0,A,S,N,,KAT,N,MA,1.0,97551.2,01 - ALTA RENDA,0,0,0,0,0,0,0,0,0,0,0,0,0,1,0,0,0,0,0,0,0,0.0,0.0,0,"[""SEG-VIP"", ""SEG-ALTA-RENDA"", ""SEG-CREDITO-ATIVO"", ""SEG-SEM-CARTAO"", ""SEG-POUPADOR"", ""SEG-CONTRIBUINTE-IR"", ""SEG-INVESTIDOR-EXPERIENTE"", ""SEG-PERFIL-FAMILIAR""]",0
1181917,2022-08-28,N,BR,F,24,2020-09-24,0.0,23,1.0,,1.0,I,S,N,,KHE,N,PA,1.0,94266.67,03 - UNIVERSITARIO,0,0,0,0,0,0,0,0,0,0,0,0,0,0,0,0,0,0,0,0,0,0.0,0.0,0,"[""SEG-JOVEM"", ""SEG-CREDITO-ATIVO"", ""SEG-SEM-CARTAO"", ""SEG-INVESTIDOR-INICIANTE"", ""SEG-POUPADOR""]",0
490468,2022-12-28,N,BR,F,50,2011-09-10,0.0,135,1.0,,1.0,A,S,N,,KFC,N,SP,1.0,148083.19,02 - VAREJO,0,0,1,0,1,0,0,1,1,0,0,0,1,0,0,0,0,0,1,0,0,1.0,1.0,1,"[""SEG-ALTA-RENDA"", ""SEG-CREDITO-ATIVO"", ""SEG-INVESTIDOR-INICIANTE"", ""SEG-POUPADOR"", ""SEG-CONTRIBUINTE-IR"", ""SEG-PERFIL-FAMILIAR""]",0
41387,2022-03-28,N,BR,M,49,2003-06-17,0.0,229,1.0,,1.0,A,S,S,,KAT,N,SP,1.0,365378.7,03 - UNIVERSITARIO,0,0,1,0,1,0,0,0,0,0,0,1,1,1,0,0,0,1,0,0,0,1.0,1.0,1,"[""SEG-ALTA-RENDA"", ""SEG-CREDITO-ATIVO"", ""SEG-SEM-CARTAO"", ""SEG-POUPADOR"", ""SEG-CONTRIBUINTE-IR"", ""SEG-INVESTIDOR-EXPERIENTE"", ""SEG-PERFIL-FAMILIAR""]",0
1135984,2022-09-28,N,BR,F,53,2020-05-31,0.0,28,1.0,,1,A,S,N,,KAT,N,PE,1.0,45838.35,02 - VAREJO,0,0,1,0,0,0,0,0,0,0,0,0,0,0,0,0,0,0,0,0,0,0.0,0.0,0,"[""SEG-CREDITO-ATIVO"", ""SEG-SEM-CARTAO"", ""SEG-INVESTIDOR-INICIANTE"", ""SEG-POUPADOR"", ""SEG-CONTRIBUINTE-IR"", ""SEG-PERFIL-FAMILIAR""]",0
216292,2023-02-28,N,BR,M,74,2008-01-18,0.0,181,1.0,,1.0,I,S,N,,KAT,N,SP,0.0,72805.4,02 - VAREJO,0,0,1,0,0,0,0,0,0,0,0,0,0,0,0,0,0,0,0,0,0,0.0,0.0,0,"[""SEG-SENIOR"", ""SEG-POUPADOR"", ""SEG-VIAJANTE-EVENTO""]",1
350067,2023-03-28,N,BR,F,41,2009-04-15,0.0,167,1.0,,1.0,A,S,N,,KAT,N,SP,1.0,46954.98,01 - ALTA RENDA,0,0,0,0,1,0,0,0,0,0,0,0,1,0,0,0,0,1,0,1,0,1.0,1.0,1,"[""SEG-VIP"", ""SEG-CREDITO-ATIVO"", ""SEG-SEM-CARTAO"", ""SEG-INVESTIDOR-INICIANTE"", ""SEG-POUPADOR"", ""SEG-CONTRIBUINTE-IR"", ""SEG-PERFIL-FAMILIAR""]",0
778099,2022-02-28,N,BR,M,49,2015-07-08,0.0,84,1.0,,1.0,A,S,N,,KFC,N,SP,1.0,119864.5,02 - VAREJO,0,0,0,0,1,0,0,0,1,0,0,0,0,0,0,0,0,0,0,0,0,0.0,0.0,0,"[""SEG-ALTA-RENDA"", ""SEG-CREDITO-ATIVO"", ""SEG-SEM-CARTAO"", ""SEG-INVESTIDOR-INICIANTE"", ""SEG-POUPADOR"", ""SEG-CONTRIBUINTE-IR"", ""SEG-PERFIL-FAMILIAR""]",0
1018043,2022-02-28,N,BR,M,70,2019-05-31,0.0,38,1.0,,1.0,A,S,N,,KFA,N,SP,1.0,183754.47,01 - ALTA RENDA,0,0,1,0,0,0,0,0,0,0,0,1,1,0,0,0,0,0,0,0,0,0.0,0.0,0,"[""SEG-VIP"", ""SEG-SENIOR"", ""SEG-CREDITO-ATIVO"", ""SEG-SEM-CARTAO"", ""SEG-INVESTIDOR-INICIANTE"", ""SEG-POUPADOR""]",0
791483,2022-10-28,N,BR,F,38,2015-09-03,0.0,85,1.0,,1,I,S,N,,KAE,N,MG,0.0,239668.35,02 - VAREJO,0,0,0,0,0,0,0,0,0,0,0,0,0,0,0,0,0,0,0,0,0,0.0,0.0,0,"[""SEG-ALTA-RENDA"", ""SEG-POUPADOR"", ""SEG-CONTRIBUINTE-IR"", ""SEG-VIAJANTE-EVENTO""]",1
690290,2022-11-28,N,BR,F,55,2015-04-03,0.0,91,1.0,,1.0,A,S,N,,KFA,N,SP,1.0,16334.39,02 - VAREJO,0,0,1,0,0,0,0,0,0,0,0,0,0,0,1,0,0,0,0,0,0,0.0,0.0,1,"[""SEG-SENIOR"", ""SEG-SEM-CARTAO"", ""SEG-INVESTIDOR-INICIANTE"", ""SEG-PERFIL-FAMILIAR"", ""SEG-PROPRIETARIO""]",0
1528170,2023-03-28,N,BR,M,57,2023-01-28,1.0,2,1.0,,1,A,S,N,,KHN,N,AM,1.0,15929.64,02 - VAREJO,0,0,1,0,0,0,0,0,0,0,0,0,0,0,0,0,0,0,0,0,0,0.0,0.0,0,"[""SEG-SENIOR"", ""SEG-INVESTIDOR-INICIANTE"", ""SEG-PERFIL-FAMILIAR""]",0
1190673,2023-01-28,N,BR,M,29,2020-10-07,0.0,27,1.0,,1.0,A,S,N,,KHE,N,MG,1.0,42517.57,03 - UNIVERSITARIO,0,0,1,0,0,0,0,0,0,0,0,0,0,0,0,0,0,0,0,0,0,0.0,0.0,1,"[""SEG-JOVEM"", ""SEG-CREDITO-ATIVO"", ""SEG-SEM-CARTAO"", ""SEG-INVESTIDOR-INICIANTE"", ""SEG-POUPADOR"", ""SEG-PERFIL-FAMILIAR""]",0
360164,2023-03-28,N,BR,M,45,2009-08-22,0.0,163,1.0,,1.0,A,S,N,,KAD,N,SP,1.0,48306.31,02 - VAREJO,0,0,1,0,1,0,0,1,1,0,0,1,1,0,1,0,0,0,1,0,0,1.0,1.0,1,"[""SEG-CREDITO-ATIVO"", ""SEG-INVESTIDOR-INICIANTE"", ""SEG-POUPADOR"", ""SEG-CONTRIBUINTE-IR"", ""SEG-PERFIL-FAMILIAR"", ""SEG-PROPRIETARIO""]",0
1389726,2023-03-28,N,BR,F,31,2022-03-26,0.0,12,1.0,,1.0,A,S,N,,KHN,N,SP,1.0,70474.38,01 - ALTA RENDA,0,0,1,0,0,0,0,0,0,0,0,0,1,0,0,0,0,0,0,0,0,0.0,0.0,0,"[""SEG-VIP"", ""SEG-ALTA-RENDA"", ""SEG-CREDITO-ATIVO"", ""SEG-SEM-CARTAO"", ""SEG-INVESTIDOR-INICIANTE"", ""SEG-POUPADOR"", ""SEG-CONTRIBUINTE-IR"", ""SEG-PERFIL-FAMILIAR""]",0
1310116,2023-04-28,N,BR,F,20,2021-09-17,0.0,19,1.0,,1.0,A,S,S,,KHE,N,AP,1.0,31497.5,03 - UNIVERSITARIO,0,0,1,0,0,0,0,0,0,0,0,0,0,0,0,0,0,0,0,0,0,0.0,0.0,0,"[""SEG-JOVEM"", ""SEG-SEM-CARTAO"", ""SEG-INVESTIDOR-INICIANTE""]",0
498249,2023-02-28,N,BR,F,49,2011-11-23,0.0,135,1.0,,1.0,A,S,N,,KAT,N,SP,1.0,189211.83,02 - VAREJO,0,0,0,0,1,0,0,0,0,0,0,1,1,0,1,0,0,1,0,0,0,1.0,1.0,1,"[""SEG-ALTA-RENDA"", ""SEG-CREDITO-ATIVO"", ""SEG-SEM-CARTAO"", ""SEG-INVESTIDOR-INICIANTE"", ""SEG-POUPADOR"", ""SEG-CONTRIBUINTE-IR"", ""SEG-PERFIL-FAMILIAR"", ""SEG-PROPRIETARIO""]",0
635267,2022-11-28,N,BR,M,39,2013-08-20,0.0,111,1.0,,1,A,S,N,,KFC,N,SP,1.0,333325.59,01 - ALTA RENDA,0,0,1,0,0,0,0,0,0,0,0,1,0,0,0,0,0,0,0,0,0,0.0,0.0,1,"[""SEG-VIP"", ""SEG-ALTA-RENDA"", ""SEG-CREDITO-ATIVO"", ""SEG-SEM-CARTAO"", ""SEG-INVESTIDOR-INICIANTE"", ""SEG-POUPADOR"", ""SEG-CONTRIBUINTE-IR"", ""SEG-PERFIL-FAMILIAR""]",0
634919,2023-05-28,N,BR,F,59,2013-08-18,0.0,117,1.0,,1.0,A,S,N,,KAT,N,SP,1.0,74797.22,02 - VAREJO,0,0,0,0,0,0,0,0,0,0,0,1,0,0,0,0,0,0,0,0,0,0.0,0.0,0,"[""SEG-SENIOR"", ""SEG-CREDITO-ATIVO"", ""SEG-SEM-CARTAO"", ""SEG-INVESTIDOR-INICIANTE"", ""SEG-POUPADOR"", ""SEG-CONTRIBUINTE-IR"", ""SEG-PERFIL-FAMILIAR"", ""SEG-VIAJANTE-EVENTO""]",1
601378,2023-05-28,N,BR,M,41,2013-03-08,0.0,122,1.0,,1.0,A,S,N,,KFC,N,RJ,1.0,84358.93,02 - VAREJO,0,0,1,0,0,0,0,0,0,0,0,0,0,0,0,0,0,1,0,0,0,0.0,0.0,0,"[""SEG-ALTA-RENDA"", ""SEG-CREDITO-ATIVO"", ""SEG-SEM-CARTAO"", ""SEG-INVESTIDOR-INICIANTE"", ""SEG-POUPADOR"", ""SEG-CONTRIBUINTE-IR"", ""SEG-PERFIL-FAMILIAR""]",0
614083,2022-04-28,N,BR,F,54,2013-05-18,0.0,110,1.0,,1.0,A,S,N,,KFC,N,SP,1.0,180784.52,02 - VAREJO,0,0,1,0,0,0,0,0,0,0,0,0,0,0,0,0,0,0,0,0,0,0.0,0.0,0,"[""SEG-ALTA-RENDA"", ""SEG-CREDITO-ATIVO"", ""SEG-SEM-CARTAO"", ""SEG-INVESTIDOR-INICIANTE"", ""SEG-POUPADOR"", ""SEG-CONTRIBUINTE-IR"", ""SEG-PERFIL-FAMILIAR""]",0
718144,2023-04-28,N,BR,M,42,2014-09-12,0.0,103,1.0,,1.0,A,S,N,,KFC,N,ES,1.0,13850.59,02 - VAREJO,0,0,1,0,0,0,0,1,0,0,0,0,0,0,0,0,0,0,0,0,0,0.0,0.0,0,"[""SEG-SEM-CARTAO"", ""SEG-INVESTIDOR-INICIANTE"", ""SEG-PERFIL-FAMILIAR""]",0
635012,2022-07-28,N,BR,F,55,2013-08-18,0.0,107,1.0,,1.0,I,S,N,,KBZ,N,SP,0.0,114777.26,02 - VAREJO,0,0,1,0,0,0,0,0,0,0,0,0,0,0,0,0,0,0,0,0,0,0.0,0.0,0,"[""SEG-SENIOR"", ""SEG-ALTA-RENDA"", ""SEG-POUPADOR"", ""SEG-CONTRIBUINTE-IR"", ""SEG-VIAJANTE-EVENTO""]",1
438955,2023-04-28,N,BR,F,43,2011-04-16,0.0,144,1.0,,1.0,A,S,N,,KAT,N,BA,1.0,23117.08,02 - VAREJO,0,0,0,0,1,0,0,0,0,0,0,0,0,0,1,0,0,1,1,0,0,1.0,1.0,1,"[""SEG-INVESTIDOR-INICIANTE"", ""SEG-PERFIL-FAMILIAR"", ""SEG-PROPRIETARIO""]",0
944180,2023-01-28,N,BR,M,25,2018-09-16,0.0,52,1.0,,1.0,I,S,N,,KHE,N,RS,0.0,125882.64,03 - UNIVERSITARIO,0,0,1,0,0,0,0,0,0,0,0,0,0,0,0,0,0,0,0,0,0,0.0,0.0,0,"[""SEG-JOVEM"", ""SEG-ALTA-RENDA"", ""SEG-POUPADOR"", ""SEG-VIAJANTE-EVENTO""]",1
172096,2023-03-28,N,BR,F,59,2007-04-11,0.0,191,1.0,,1.0,A,S,N,,KAT,N,SP,1.0,69480.82,01 - ALTA RENDA,0,0,1,0,0,0,0,1,0,0,0,0,0,0,0,0,0,0,0,1,0,0.0,0.0,0,"[""SEG-VIP"", ""SEG-SENIOR"", ""SEG-CREDITO-ATIVO"", ""SEG-SEM-CARTAO"", ""SEG-INVESTIDOR-INICIANTE"", ""SEG-POUPADOR"", ""SEG-CONTRIBUINTE-IR"", ""SEG-PERFIL-FAMILIAR""]",0
260800,2023-04-28,N,BR,M,87,2008-07-10,0.0,177,1.0,,1.0,A,S,N,,KAT,N,SP,1.0,12613.76,01 - ALTA RENDA,0,0,1,0,0,0,0,1,0,0,0,1,0,0,0,0,0,0,0,0,0,0.0,0.0,0,"[""SEG-VIP"", ""SEG-SENIOR"", ""SEG-SEM-CARTAO"", ""SEG-INVESTIDOR-INICIANTE""]",0
433369,2022-07-28,N,BR,M,83,2010-09-02,0.0,143,1.0,,1.0,A,S,N,,KAA,N,RJ,1.0,56461.42,02 - VAREJO,0,0,0,0,0,0,0,1,0,0,0,0,0,0,0,0,0,0,0,0,0,0.0,0.0,0,"[""SEG-SENIOR"", ""SEG-CREDITO-ATIVO"", ""SEG-SEM-CARTAO"", ""SEG-INVESTIDOR-INICIANTE"", ""SEG-POUPADOR""]",0
315552,2022-11-28,N,BR,M,96,2009-01-14,0.0,166,1.0,,1.0,A,S,N,,KFC,N,SC,1.0,112510.74,02 - VAREJO,0,0,1,0,0,0,0,1,0,0,0,0,0,1,0,0,0,0,0,0,0,0.0,0.0,0,"[""SEG-SENIOR"", ""SEG-CREDITO-ATIVO"", ""SEG-SEM-CARTAO"", ""SEG-POUPADOR"", ""SEG-INVESTIDOR-EXPERIENTE"", ""SEG-VIAJANTE-EVENTO""]",1
181687,2023-04-28,N,BR,M,68,2009-10-14,0.0,162,1.0,,1.0,I,S,N,,KAT,N,SP,0.0,46491.04,02 - VAREJO,0,0,1,0,0,0,0,1,0,0,0,0,0,0,0,0,0,0,0,0,0,0.0,0.0,0,"[""SEG-SENIOR"", ""SEG-POUPADOR""]",0
128943,2023-05-28,N,BR,F,45,2006-04-21,0.0,178,1.0,,1.0,A,S,N,,KFA,N,SP,1.0,11410.0,02 - VAREJO,0,0,1,0,0,0,0,0,0,0,0,1,0,0,0,0,0,1,0,0,0,0.0,0.0,1,"[""SEG-SEM-CARTAO"", ""SEG-INVESTIDOR-INICIANTE"", ""SEG-PERFIL-FAMILIAR"", ""SEG-VIAJANTE-EVENTO""]",1
1110823,2022-11-28,N,BR,F,39,2019-12-07,0.0,35,1.0,,1,I,S,N,,KFC,N,SP,0.0,600934.92,02 - VAREJO,0,0,0,0,0,0,0,0,0,0,0,0,0,0,0,0,0,0,0,0,0,0.0,0.0,0,"[""SEG-ALTA-RENDA"", ""SEG-POUPADOR"", ""SEG-CONTRIBUINTE-IR""]",0
829859,2022-09-28,N,BR,F,64,2016-01-29,0.0,80,1.0,,1,A,S,N,,KFL,N,MA,1.0,22681.17,02 - VAREJO,0,0,1,0,0,0,0,0,0,0,0,0,0,0,0,0,0,0,0,0,0,0.0,0.0,0,"[""SEG-SENIOR"", ""SEG-SEM-CARTAO"", ""SEG-INVESTIDOR-INICIANTE""]",0
981047,2022-01-28,N,BR,M,46,2018-11-17,0.0,44,1.0,,1.0,A,S,N,,KHE,N,PE,1.0,43071.78,02 - VAREJO,0,0,1,0,0,0,0,0,0,0,0,0,0,0,0,0,0,0,0,0,0,0.0,0.0,0,"[""SEG-CREDITO-ATIVO"", ""SEG-SEM-CARTAO"", ""SEG-INVESTIDOR-INICIANTE"", ""SEG-POUPADOR"", ""SEG-PERFIL-FAMILIAR""]",0
15991,2023-05-28,B,BR,F,71,2002-01-16,0.0,236,1.0,,1.0,A,S,N,N,KAT,N,SP,1.0,366558.66,02 - VAREJO,0,0,0,0,1,0,0,0,0,0,0,0,0,1,0,0,0,0,0,0,0,0.0,0.0,1,"[""SEG-SENIOR"", ""SEG-CREDITO-ATIVO"", ""SEG-SEM-CARTAO"", ""SEG-POUPADOR"", ""SEG-INVESTIDOR-EXPERIENTE"", ""SEG-VIAJANTE-EVENTO""]",1
257395,2023-04-28,N,BR,F,61,2008-06-28,0.0,178,1.0,,1.0,I,S,N,,KDC,N,SP,0.0,33039.9,02 - VAREJO,0,0,0,0,0,0,0,0,0,0,0,0,0,0,0,0,0,0,0,0,0,0.0,0.0,0,"[""SEG-SENIOR"", ""SEG-VIAJANTE-EVENTO""]",1
1074335,2023-05-28,N,BR,F,27,2019-10-03,0.0,43,1.0,,1.0,I,S,N,,KHE,N,PE,0.0,31356.84,03 - UNIVERSITARIO,0,0,1,0,0,0,0,0,0,0,0,0,0,0,0,0,0,0,0,0,0,0.0,0.0,0,"[""SEG-JOVEM""]",0
148874,2023-04-28,N,BR,M,51,2006-11-17,0.0,197,1.0,,1.0,A,S,N,,KAT,N,SP,1.0,300123.85,02 - VAREJO,0,0,0,0,1,0,0,0,0,0,0,0,1,0,1,0,0,1,1,0,0,1.0,1.0,1,"[""SEG-ALTA-RENDA"", ""SEG-CREDITO-ATIVO"", ""SEG-INVESTIDOR-INICIANTE"", ""SEG-POUPADOR"", ""SEG-CONTRIBUINTE-IR"", ""SEG-PERFIL-FAMILIAR"", ""SEG-PROPRIETARIO""]",0
575339,2023-04-28,N,BR,F,46,2012-10-27,0.0,126,1.0,,1.0,A,S,N,,KFC,N,RJ,1.0,63809.79,02 - VAREJO,0,0,1,0,0,0,0,0,0,0,0,1,0,1,0,0,0,0,0,0,0,0.0,0.0,1,"[""SEG-ALTA-RENDA"", ""SEG-CREDITO-ATIVO"", ""SEG-SEM-CARTAO"", ""SEG-POUPADOR"", ""SEG-CONTRIBUINTE-IR"", ""SEG-INVESTIDOR-EXPERIENTE"", ""SEG-PERFIL-FAMILIAR""]",0
419988,2023-03-28,N,BR,F,43,2010-05-21,0.0,154,1.0,,1.0,I,S,N,,KAT,N,MG,0.0,107707.96,02 - VAREJO,0,0,1,0,0,0,0,1,0,0,0,0,0,0,0,0,0,0,0,0,0,0.0,0.0,0,"[""SEG-ALTA-RENDA"", ""SEG-POUPADOR"", ""SEG-CONTRIBUINTE-IR""]",0
118648,2023-03-28,N,BR,F,49,2006-02-03,0.0,206,1.0,,1.0,A,S,S,,KAT,N,RJ,1.0,74754.64,01 - ALTA RENDA,0,0,0,0,1,0,0,1,0,0,0,1,1,1,0,0,0,1,1,0,0,1.0,1.0,1,"[""SEG-VIP"", ""SEG-ALTA-RENDA"", ""SEG-CREDITO-ATIVO"", ""SEG-POUPADOR"", ""SEG-CONTRIBUINTE-IR"", ""SEG-INVESTIDOR-EXPERIENTE"", ""SEG-PERFIL-FAMILIAR""]",0
164330,2022-04-28,N,BR,F,82,2007-03-03,0.0,185,1.0,,1.0,A,S,N,,KAT,N,SP,1.0,87461.97,02 - VAREJO,0,0,1,0,0,0,0,0,0,0,0,0,0,1,0,0,0,0,0,0,0,0.0,0.0,0,"[""SEG-SENIOR"", ""SEG-CREDITO-ATIVO"", ""SEG-SEM-CARTAO"", ""SEG-POUPADOR"", ""SEG-INVESTIDOR-EXPERIENTE""]",0
120681,2022-01-28,N,BR,M,49,2006-02-01,0.0,198,1.0,,1.0,A,S,N,,KAT,N,SP,1.0,50420.68,02 - VAREJO,0,0,0,0,1,0,0,0,0,0,0,0,0,1,0,0,0,0,0,0,0,0.0,0.0,0,"[""SEG-CREDITO-ATIVO"", ""SEG-SEM-CARTAO"", ""SEG-POUPADOR"", ""SEG-CONTRIBUINTE-IR"", ""SEG-INVESTIDOR-EXPERIENTE"", ""SEG-PERFIL-FAMILIAR""]",0
312762,2023-05-28,N,BR,F,43,2009-03-15,0.0,170,1.0,,1.0,A,S,N,,KAT,N,SP,1.0,136148.09,02 - VAREJO,0,0,0,0,1,0,0,1,0,0,0,0,0,0,0,0,0,1,0,0,1,1.0,1.0,0,"[""SEG-ALTA-RENDA"", ""SEG-CREDITO-ATIVO"", ""SEG-SEM-CARTAO"", ""SEG-INVESTIDOR-INICIANTE"", ""SEG-POUPADOR"", ""SEG-CONTRIBUINTE-IR"", ""SEG-PERFIL-FAMILIAR""]",0
958867,2022-06-28,N,BR,M,23,2018-10-11,0.0,45,1.0,,1.0,A,S,N,,KHD,N,SP,1.0,9607.28,03 - UNIVERSITARIO,0,0,1,0,0,0,0,0,0,0,0,0,0,0,0,0,0,0,0,0,0,0.0,0.0,1,"[""SEG-JOVEM"", ""SEG-SEM-CARTAO"", ""SEG-INVESTIDOR-INICIANTE"", ""SEG-VIAJANTE-EVENTO""]",1
110310,2022-03-28,N,BR,M,66,2008-10-04,0.0,165,1.0,,1.0,A,S,N,,KAT,N,SP,1.0,19504.27,02 - VAREJO,0,0,1,0,0,0,0,1,0,0,0,0,1,0,0,0,0,0,0,0,0,0.0,0.0,0,"[""SEG-SENIOR"", ""SEG-SEM-CARTAO"", ""SEG-INVESTIDOR-INICIANTE""]",0
1217522,2023-01-28,N,BR,F,25,2020-11-11,0.0,26,1.0,,1,A,S,N,,KFC,N,PE,1.0,19818.78,03 - UNIVERSITARIO,0,0,1,0,0,0,0,0,0,0,0,0,0,0,0,0,0,0,0,0,0,0.0,0.0,0,"[""SEG-JOVEM"", ""SEG-SEM-CARTAO"", ""SEG-INVESTIDOR-INICIANTE"", ""SEG-PERFIL-FAMILIAR""]",0
198654,2022-11-28,N,BR,M,44,2007-10-13,0.0,181,1.0,,1.0,A,S,N,,KAT,N,RJ,1.0,42116.34,01 - ALTA RENDA,0,0,1,0,0,0,0,0,0,0,0,0,1,1,0,0,0,0,0,0,0,0.0,0.0,0,"[""SEG-VIP"", ""SEG-CREDITO-ATIVO"", ""SEG-SEM-CARTAO"", ""SEG-POUPADOR"", ""SEG-INVESTIDOR-EXPERIENTE"", ""SEG-PERFIL-FAMILIAR""]",0
624854,2023-04-28,N,BR,F,45,2013-06-30,0.0,118,1.0,,1.0,I,S,N,,KAT,N,SP,1.0,325138.63,02 - VAREJO,0,0,1,0,0,0,0,0,0,0,0,0,0,0,0,0,0,0,0,0,0,0.0,0.0,0,"[""SEG-ALTA-RENDA"", ""SEG-CREDITO-ATIVO"", ""SEG-SEM-CARTAO"", ""SEG-INVESTIDOR-INICIANTE"", ""SEG-POUPADOR"", ""SEG-CONTRIBUINTE-IR"", ""SEG-PERFIL-FAMILIAR""]",0
1432450,2022-11-28,N,BR,M,37,2022-08-08,1.0,3,1.0,,1.0,I,S,N,,KHM,N,SP,0.0,133429.02,02 - VAREJO,0,0,0,0,0,0,0,0,0,0,0,0,0,0,0,0,0,0,0,0,0,0.0,0.0,0,"[""SEG-ALTA-RENDA"", ""SEG-POUPADOR"", ""SEG-CONTRIBUINTE-IR""]",0
706559,2023-03-28,N,BR,M,50,2014-07-27,0.0,104,1.0,,1.0,I,S,N,,KAT,N,AP,0.0,354465.57,02 - VAREJO,0,0,0,0,0,0,0,0,0,0,0,0,0,0,0,0,0,0,0,0,0,0.0,0.0,0,"[""SEG-ALTA-RENDA"", ""SEG-POUPADOR"", ""SEG-CONTRIBUINTE-IR""]",0
1057692,2022-09-28,N,BR,F,37,2019-09-10,0.0,36,1.0,,1.0,A,S,N,,KFC,N,SP,1.0,90058.16,02 - VAREJO,0,0,1,0,0,0,0,0,0,0,0,0,1,0,0,0,0,0,0,0,0,0.0,0.0,1,"[""SEG-ALTA-RENDA"", ""SEG-CREDITO-ATIVO"", ""SEG-SEM-CARTAO"", ""SEG-INVESTIDOR-INICIANTE"", ""SEG-POUPADOR"", ""SEG-CONTRIBUINTE-IR"", ""SEG-PERFIL-FAMILIAR""]",0
749871,2022-12-28,N,BR,M,41,2015-02-23,0.0,94,1.0,,1.0,A,S,N,,KAY,N,SP,1.0,25712.6,01 - ALTA RENDA,0,0,0,0,1,0,0,0,0,0,0,0,0,0,0,0,0,1,0,0,0,1.0,1.0,1,"[""SEG-VIP"", ""SEG-SEM-CARTAO"", ""SEG-INVESTIDOR-INICIANTE"", ""SEG-PERFIL-FAMILIAR""]",0
725480,2023-02-28,N,BR,F,52,2021-06-25,0.0,100,1.0,,1.0,A,S,N,,KFC,N,SP,1.0,142733.47,02 - VAREJO,0,0,0,0,0,0,0,0,0,0,0,0,0,0,0,0,0,0,0,0,0,0.0,0.0,0,"[""SEG-ALTA-RENDA"", ""SEG-CREDITO-ATIVO"", ""SEG-SEM-CARTAO"", ""SEG-INVESTIDOR-INICIANTE"", ""SEG-POUPADOR"", ""SEG-CONTRIBUINTE-IR"", ""SEG-PERFIL-FAMILIAR""]",0
113061,2023-04-28,N,BR,F,70,2005-11-28,0.0,209,1.0,,1.0,A,S,N,,KAY,N,RJ,0.0,8837.59,02 - VAREJO,0,0,1,0,0,0,0,0,0,0,0,0,0,0,0,0,0,0,0,0,0,0.0,0.0,0,"[""SEG-SENIOR"", ""SEG-VIAJANTE-EVENTO""]",1
176431,2022-11-28,N,BR,F,42,2007-05-18,0.0,186,1.0,,1.0,A,S,N,,KFC,N,SP,1.0,96320.49,02 - VAREJO,0,0,1,0,0,0,0,0,0,0,0,0,0,0,0,0,0,1,1,0,0,0.0,0.0,1,"[""SEG-ALTA-RENDA"", ""SEG-CREDITO-ATIVO"", ""SEG-INVESTIDOR-INICIANTE"", ""SEG-POUPADOR"", ""SEG-CONTRIBUINTE-IR"", ""SEG-PERFIL-FAMILIAR""]",0
1014582,2023-01-28,N,BR,M,56,2019-05-04,0.0,44,1.0,,1,A,S,S,,KAT,N,MG,1.0,8055.09,02 - VAREJO,0,0,0,0,1,0,0,0,0,0,0,0,1,0,0,0,0,0,0,0,0,1.0,1.0,1,"[""SEG-SENIOR"", ""SEG-SEM-CARTAO"", ""SEG-INVESTIDOR-INICIANTE"", ""SEG-PERFIL-FAMILIAR""]",0
1278715,2023-03-28,N,BR,F,27,2021-07-28,0.0,20,1.0,,1.0,A,S,S,,KHE,N,MG,1.0,9245.89,03 - UNIVERSITARIO,0,0,1,0,0,0,0,0,0,0,0,0,0,0,0,0,0,0,0,0,0,0.0,0.0,0,"[""SEG-JOVEM"", ""SEG-SEM-CARTAO"", ""SEG-INVESTIDOR-INICIANTE"", ""SEG-PERFIL-FAMILIAR""]",0
137769,2022-08-28,N,BR,M,46,2006-07-07,0.0,165,1.0,,1.0,A,S,N,,KAT,N,SP,1.0,579519.45,02 - VAREJO,0,0,0,0,0,0,0,0,0,0,0,0,0,0,0,1,0,0,0,0,0,0.0,0.0,0,"[""SEG-ALTA-RENDA"", ""SEG-CREDITO-ATIVO"", ""SEG-SEM-CARTAO"", ""SEG-INVESTIDOR-INICIANTE"", ""SEG-POUPADOR"", ""SEG-PERFIL-FAMILIAR""]",0
408322,2023-01-28,N,BR,F,44,2012-02-07,0.0,155,1.0,,1.0,A,S,N,,KAT,N,SP,1.0,31079.88,02 - VAREJO,0,0,1,0,0,0,0,1,0,0,0,0,0,0,0,0,0,0,0,0,0,0.0,0.0,0,"[""SEG-SEM-CARTAO"", ""SEG-INVESTIDOR-INICIANTE"", ""SEG-PERFIL-FAMILIAR""]",0
529521,2022-12-28,N,BR,M,83,2012-04-19,0.0,128,1.0,,1.0,I,S,N,,KFC,N,PE,0.0,23768.08,02 - VAREJO,0,0,0,0,0,0,0,0,0,0,0,0,0,0,0,0,0,0,0,0,0,0.0,0.0,0,"[""SEG-SENIOR""]",0
1452761,2023-04-28,N,BR,M,24,2022-09-17,0.0,7,1.0,,1.0,I,S,N,,KHQ,N,SC,1.0,10609.65,03 - UNIVERSITARIO,0,0,1,0,0,0,0,0,0,0,0,0,0,0,0,0,0,0,0,0,0,0.0,0.0,0,"[""SEG-JOVEM"", ""SEG-SEM-CARTAO"", ""SEG-INVESTIDOR-INICIANTE"", ""SEG-VIAJANTE-EVENTO""]",1
20636,2022-11-28,N,BR,F,70,2002-07-25,0.0,244,1.0,,1.0,A,S,N,,KAT,N,SP,1.0,607077.06,01 - ALTA RENDA,0,0,0,0,1,0,0,1,1,0,0,1,0,1,0,0,0,1,0,0,0,1.0,1.0,1,"[""SEG-VIP"", ""SEG-SENIOR"", ""SEG-CREDITO-ATIVO"", ""SEG-SEM-CARTAO"", ""SEG-POUPADOR"", ""SEG-INVESTIDOR-EXPERIENTE""]",0
765036,2022-10-28,N,BR,F,39,2015-04-29,0.0,12,1.0,,1,I,S,N,,KAT,N,SP,0.0,53852.27,02 - VAREJO,0,0,1,0,0,0,0,0,0,0,0,0,0,0,0,0,0,0,0,0,0,0.0,0.0,0,"[""SEG-POUPADOR"", ""SEG-CONTRIBUINTE-IR"", ""SEG-VIAJANTE-EVENTO""]",1
327804,2022-05-28,N,BR,M,37,2011-11-29,0.0,128,1.0,,1.0,A,S,S,,KAF,N,BA,1.0,45409.8,01 - ALTA RENDA,0,0,1,0,0,0,0,0,0,0,0,0,1,0,0,0,0,1,0,0,0,0.0,0.0,1,"[""SEG-VIP"", ""SEG-CREDITO-ATIVO"", ""SEG-SEM-CARTAO"", ""SEG-INVESTIDOR-INICIANTE"", ""SEG-POUPADOR"", ""SEG-CONTRIBUINTE-IR"", ""SEG-PERFIL-FAMILIAR""]",0
1410601,2022-11-28,N,BR,F,18,2022-07-21,1.0,4,1.0,,1.0,A,S,N,,KHQ,N,MG,1.0,77273.72,03 - UNIVERSITARIO,0,0,1,0,0,0,0,0,0,0,0,0,0,0,0,0,0,0,0,0,0,0.0,0.0,0,"[""SEG-JOVEM"", ""SEG-SEM-CARTAO"", ""SEG-INVESTIDOR-INICIANTE"", ""SEG-POUPADOR"", ""SEG-VIAJANTE-EVENTO""]",1
446413,2023-02-28,N,BR,M,65,2010-11-25,0.0,147,1.0,,1.0,I,S,N,,KAT,N,SP,0.0,137924.28,02 - VAREJO,0,0,0,0,0,0,0,0,0,0,0,0,0,0,0,0,0,0,0,0,0,0.0,0.0,0,"[""SEG-SENIOR"", ""SEG-POUPADOR"", ""SEG-VIAJANTE-EVENTO""]",1
1237784,2022-10-28,N,BR,F,31,2021-01-13,0.0,21,1.0,,1,A,S,N,,KFC,N,SC,1.0,21791.43,02 - VAREJO,0,0,1,0,0,0,0,0,0,0,0,0,0,0,0,0,0,0,0,0,0,0.0,0.0,0,"[""SEG-SEM-CARTAO"", ""SEG-INVESTIDOR-INICIANTE"", ""SEG-PERFIL-FAMILIAR""]",0
1171350,2022-08-28,N,BR,M,18,2020-08-29,0.0,24,1.0,,1.0,A,S,N,,KFC,N,SP,1.0,84455.18,02 - VAREJO,0,0,0,0,0,1,0,0,0,0,0,0,0,0,0,0,0,0,0,0,0,0.0,0.0,0,"[""SEG-JOVEM"", ""SEG-CREDITO-ATIVO"", ""SEG-SEM-CARTAO"", ""SEG-INVESTIDOR-INICIANTE"", ""SEG-POUPADOR""]",0
159004,2023-04-28,N,BR,F,51,2007-02-03,0.0,194,1.0,,1.0,A,S,N,,KAY,N,PR,1.0,8012.79,02 - VAREJO,0,0,1,0,0,0,0,1,0,0,0,0,0,1,0,0,0,0,0,0,0,0.0,0.0,0,"[""SEG-SEM-CARTAO"", ""SEG-INVESTIDOR-EXPERIENTE"", ""SEG-PERFIL-FAMILIAR""]",0
791606,2022-09-28,N,BR,F,59,2015-09-03,0.0,84,1.0,,1,I,S,N,,KAT,N,MS,0.0,25345.96,02 - VAREJO,0,0,0,0,0,0,0,0,0,0,0,0,0,0,0,0,0,0,0,0,0,0.0,0.0,0,"[""SEG-SENIOR"", ""SEG-VIAJANTE-EVENTO""]",1
92834,2022-10-28,N,BR,F,65,2005-05-04,0.0,210,1.0,,1.0,A,S,N,,KAT,N,PA,1.0,43907.21,02 - VAREJO,0,0,1,0,0,0,0,0,0,0,0,0,0,0,1,0,0,0,0,0,0,0.0,0.0,1,"[""SEG-SENIOR"", ""SEG-CREDITO-ATIVO"", ""SEG-SEM-CARTAO"", ""SEG-INVESTIDOR-INICIANTE"", ""SEG-POUPADOR"", ""SEG-PROPRIETARIO""]",0
450022,2023-04-28,N,BR,F,41,2010-12-22,0.0,148,1.0,,1.0,A,S,N,,KFC,N,SP,1.0,19884.28,01 - ALTA RENDA,0,0,0,0,0,0,0,1,0,0,0,0,0,0,0,0,0,0,0,0,0,0.0,0.0,0,"[""SEG-VIP"", ""SEG-SEM-CARTAO"", ""SEG-INVESTIDOR-INICIANTE"", ""SEG-PERFIL-FAMILIAR""]",0
788611,2023-03-28,N,BR,F,33,2015-08-25,0.0,91,1.0,,1,A,S,N,,KFC,N,SP,1.0,38525.78,02 - VAREJO,0,0,1,0,0,0,0,0,0,0,0,0,0,0,0,0,0,0,0,0,0,0.0,0.0,0,"[""SEG-CREDITO-ATIVO"", ""SEG-SEM-CARTAO"", ""SEG-INVESTIDOR-INICIANTE"", ""SEG-POUPADOR"", ""SEG-PERFIL-FAMILIAR""]",0
577326,2023-03-28,N,BR,F,49,2012-11-03,0.0,124,1.0,,1.0,A,S,N,,KAT,N,SP,1.0,200803.43,02 - VAREJO,0,0,1,0,0,0,0,0,0,0,0,0,0,1,0,0,0,0,0,1,0,0.0,0.0,0,"[""SEG-ALTA-RENDA"", ""SEG-CREDITO-ATIVO"", ""SEG-SEM-CARTAO"", ""SEG-POUPADOR"", ""SEG-CONTRIBUINTE-IR"", ""SEG-PERFIL-FAMILIAR""]",0
916100,2023-03-28,N,BR,M,56,2018-06-22,0.0,57,1.0,,1,A,S,N,,KFC,N,SP,1.0,75167.47,02 - VAREJO,0,0,1,0,0,0,0,0,0,0,0,0,0,0,0,0,0,0,0,0,0,0.0,0.0,0,"[""SEG-SENIOR"", ""SEG-CREDITO-ATIVO"", ""SEG-SEM-CARTAO"", ""SEG-INVESTIDOR-INICIANTE"", ""SEG-POUPADOR"", ""SEG-CONTRIBUINTE-IR"", ""SEG-PERFIL-FAMILIAR""]",0
1393006,2022-08-28,N,BR,M,31,2022-04-20,1.0,4,1.0,,1,A,S,N,,KHK,N,RJ,1.0,32328.45,03 - UNIVERSITARIO,0,0,1,0,0,0,0,0,0,0,0,0,0,0,0,0,0,0,0,0,0,0.0,0.0,1,"[""SEG-SEM-CARTAO"", ""SEG-INVESTIDOR-INICIANTE"", ""SEG-PERFIL-FAMILIAR""]",0
522548,2022-12-28,N,BR,F,52,2012-03-11,0.0,129,1.0,,1.0,A,S,N,,KAH,N,SP,1.0,29932.11,02 - VAREJO,0,0,1,0,0,0,0,0,0,0,0,0,0,0,1,0,0,0,0,0,0,0.0,0.0,0,"[""SEG-SEM-CARTAO"", ""SEG-INVESTIDOR-INICIANTE"", ""SEG-PERFIL-FAMILIAR"", ""SEG-PROPRIETARIO""]",0
93954,2022-06-28,N,BR,F,74,2005-04-30,0.0,207,1.0,,1.0,A,S,N,,KAT,N,SP,1.0,271387.39,01 - ALTA RENDA,0,0,1,0,0,0,0,0,1,0,0,0,1,1,1,0,0,0,1,1,0,0.0,0.0,1,"[""SEG-VIP"", ""SEG-SENIOR"", ""SEG-CREDITO-ATIVO"", ""SEG-POUPADOR"", ""SEG-PROPRIETARIO""]",0
276164,2022-10-28,N,BR,F,61,2008-09-28,0.0,169,1.0,,1.0,I,S,N,,KCL,N,PR,0.0,104840.7,02 - VAREJO,0,0,0,0,0,0,0,0,0,0,0,0,0,0,0,0,0,0,0,0,0,0.0,0.0,0,"[""SEG-SENIOR"", ""SEG-POUPADOR""]",0
1251901,2022-07-28,N,BR,F,37,2021-04-03,0.0,18,1.0,,1.0,A,S,N,,RED,N,MG,1.0,50700.23,02 - VAREJO,0,0,1,0,0,0,0,0,0,0,0,0,0,0,0,0,0,0,0,0,0,0.0,0.0,1,"[""SEG-CREDITO-ATIVO"", ""SEG-SEM-CARTAO"", ""SEG-INVESTIDOR-INICIANTE"", ""SEG-POUPADOR"", ""SEG-CONTRIBUINTE-IR"", ""SEG-PERFIL-FAMILIAR""]",0
556488,2022-11-28,N,BR,F,37,2012-09-15,0.0,122,1.0,,1,I,S,S,,KFC,N,PA,0.0,21292.37,02 - VAREJO,0,0,0,0,0,0,0,0,0,0,0,0,0,0,0,0,0,0,0,0,0,0.0,0.0,0,"[""SEG-VIAJANTE-EVENTO""]",1
839617,2022-09-28,N,BR,M,72,2016-03-27,0.0,78,1.0,,1,A,S,N,,KFA,N,SP,1.0,336307.79,01 - ALTA RENDA,0,0,1,0,0,0,0,0,0,0,0,1,1,0,0,0,0,0,0,0,0,0.0,0.0,0,"[""SEG-VIP"", ""SEG-SENIOR"", ""SEG-CREDITO-ATIVO"", ""SEG-SEM-CARTAO"", ""SEG-INVESTIDOR-INICIANTE"", ""SEG-POUPADOR""]",0
274054,2022-04-28,N,BR,F,51,2008-09-24,0.0,166,1.0,,1.0,A,S,N,,KAT,N,BA,1.0,27803.0,02 - VAREJO,0,0,1,0,0,0,0,1,1,0,0,0,0,0,0,0,0,0,0,0,0,0.0,0.0,0,"[""SEG-SEM-CARTAO"", ""SEG-INVESTIDOR-INICIANTE"", ""SEG-PERFIL-FAMILIAR""]",0
869925,2023-05-28,N,BR,F,61,2020-06-10,0.0,74,1.0,,1.0,I,S,N,,KAT,N,SP,0.0,273415.69,02 - VAREJO,0,0,0,0,0,0,0,0,0,0,0,0,0,0,0,0,0,0,0,0,0,0.0,0.0,0,"[""SEG-SENIOR"", ""SEG-POUPADOR"", ""SEG-VIAJANTE-EVENTO""]",1
452327,2022-06-28,N,BR,F,36,2011-01-09,0.0,138,1.0,,1.0,A,S,N,,KAT,N,BA,1.0,14818.23,02 - VAREJO,0,0,0,0,1,0,0,0,0,0,0,0,0,0,1,0,0,0,0,0,0,1.0,1.0,1,"[""SEG-SEM-CARTAO"", ""SEG-INVESTIDOR-INICIANTE"", ""SEG-PERFIL-FAMILIAR"", ""SEG-PROPRIETARIO""]",0
424342,2022-08-28,N,BR,F,59,2010-06-23,0.0,146,1.0,,1.0,A,S,N,,013,S,SP,1.0,86402.85,02 - VAREJO,0,0,0,0,0,0,0,0,0,0,0,0,0,0,1,0,0,1,0,0,0,0.0,0.0,0,"[""SEG-SENIOR"", ""SEG-CREDITO-ATIVO"", ""SEG-SEM-CARTAO"", ""SEG-INVESTIDOR-INICIANTE"", ""SEG-POUPADOR"", ""SEG-CONTRIBUINTE-IR"", ""SEG-PERFIL-FAMILIAR"", ""SEG-PROPRIETARIO""]",0
162210,2023-05-28,N,BR,F,56,2007-03-02,0.0,195,1.0,,1.0,A,S,N,,KAT,N,RS,1.0,186052.96,01 - ALTA RENDA,0,0,0,0,0,0,0,1,0,0,0,1,1,0,0,0,0,0,0,0,0,0.0,0.0,0,"[""SEG-VIP"", ""SEG-SENIOR"", ""SEG-CREDITO-ATIVO"", ""SEG-SEM-CARTAO"", ""SEG-INVESTIDOR-INICIANTE"", ""SEG-POUPADOR"", ""SEG-CONTRIBUINTE-IR"", ""SEG-PERFIL-FAMILIAR""]",0
1064102,2023-04-28,N,BR,F,32,2019-09-20,0.0,43,1.0,,1.0,A,S,N,,KFC,N,RJ,1.0,8723.46,02 - VAREJO,0,0,0,0,1,0,0,0,0,0,0,0,0,0,0,0,0,0,0,0,0,1.0,1.0,0,"[""SEG-SEM-CARTAO"", ""SEG-INVESTIDOR-INICIANTE"", ""SEG-PERFIL-FAMILIAR""]",0
268343,2023-04-28,N,BR,M,44,2018-04-13,0.0,176,1.0,,1.0,I,S,N,,KFC,N,SP,0.0,77726.8,02 - VAREJO,0,0,0,0,0,0,0,0,0,0,0,0,0,0,0,0,0,0,0,0,0,0.0,0.0,0,"[""SEG-ALTA-RENDA"", ""SEG-POUPADOR"", ""SEG-CONTRIBUINTE-IR""]",0
330510,2023-01-28,N,BR,F,94,2009-02-14,0.0,167,1.0,,1,A,S,N,,KFC,S,ES,1.0,30012.48,02 - VAREJO,0,0,1,0,0,0,0,0,0,0,0,1,0,0,0,0,0,0,0,0,0,0.0,0.0,0,"[""SEG-SENIOR"", ""SEG-SEM-CARTAO"", ""SEG-INVESTIDOR-INICIANTE""]",0
1105339,2023-02-28,N,BR,F,50,2019-11-23,0.0,39,1.0,,1.0,A,S,N,,KAT,N,SP,1.0,80420.4,02 - VAREJO,0,0,1,0,0,0,0,0,0,0,0,1,1,0,0,0,0,0,0,0,0,0.0,0.0,0,"[""SEG-ALTA-RENDA"", ""SEG-CREDITO-ATIVO"", ""SEG-SEM-CARTAO"", ""SEG-INVESTIDOR-INICIANTE"", ""SEG-POUPADOR"", ""SEG-CONTRIBUINTE-IR"", ""SEG-PERFIL-FAMILIAR""]",0
310151,2022-06-28,N,BR,M,55,2008-12-22,0.0,163,1.0,,1.0,A,S,N,,KFC,N,PA,1.0,23963.27,02 - VAREJO,0,0,0,0,1,0,0,1,1,0,0,0,0,0,1,0,0,0,1,0,0,1.0,1.0,1,"[""SEG-SENIOR"", ""SEG-INVESTIDOR-INICIANTE"", ""SEG-PERFIL-FAMILIAR"", ""SEG-PROPRIETARIO""]",0
981275,2023-02-28,N,BR,F,24,2018-11-17,0.0,51,1.0,,1.0,I,S,N,,KHE,N,AL,1.0,40744.26,03 - UNIVERSITARIO,0,0,1,0,0,0,0,0,0,0,0,0,0,0,0,0,0,0,0,0,0,0.0,0.0,0,"[""SEG-JOVEM"", ""SEG-CREDITO-ATIVO"", ""SEG-SEM-CARTAO"", ""SEG-INVESTIDOR-INICIANTE"", ""SEG-POUPADOR""]",0
74813,2023-05-28,N,BR,F,65,2004-10-27,0.0,223,1.0,,1.0,A,S,N,,KFC,N,SP,1.0,127116.46,01 - ALTA RENDA,0,0,1,0,1,0,0,1,1,0,0,1,1,1,0,0,0,1,1,0,0,0.0,1.0,1,"[""SEG-VIP"", ""SEG-SENIOR"", ""SEG-CREDITO-ATIVO"", ""SEG-POUPADOR"", ""SEG-INVESTIDOR-EXPERIENTE""]",0
281614,2023-04-28,N,BR,F,57,2008-10-11,0.0,117,1.0,,1.0,A,S,S,,KAT,N,SP,1.0,24546.46,01 - ALTA RENDA,0,0,1,0,0,0,0,0,0,0,0,1,1,1,0,0,0,0,0,0,0,0.0,0.0,1,"[""SEG-VIP"", ""SEG-SENIOR"", ""SEG-SEM-CARTAO"", ""SEG-INVESTIDOR-EXPERIENTE"", ""SEG-PERFIL-FAMILIAR""]",0
146495,2023-02-28,N,BR,F,60,2006-10-19,0.0,196,1.0,,1.0,A,S,N,,KAT,N,PA,1.0,36962.27,02 - VAREJO,0,0,0,0,0,0,0,0,0,0,0,0,0,1,0,1,0,0,0,0,0,0.0,0.0,0,"[""SEG-SENIOR"", ""SEG-CREDITO-ATIVO"", ""SEG-SEM-CARTAO"", ""SEG-POUPADOR"", ""SEG-INVESTIDOR-EXPERIENTE"", ""SEG-PERFIL-FAMILIAR""]",0
1405970,2023-05-28,N,BR,F,72,2022-07-13,0.0,10,1.0,,1,A,S,N,,KHM,N,RJ,1.0,29560.98,02 - VAREJO,0,0,0,0,1,0,0,0,0,0,0,0,1,0,0,0,0,0,0,0,0,0.0,0.0,0,"[""SEG-SENIOR"", ""SEG-SEM-CARTAO"", ""SEG-INVESTIDOR-INICIANTE""]",0
1080388,2023-03-28,N,BR,F,25,2019-10-15,0.0,41,1.0,,1.0,A,S,N,,KHE,N,AC,1.0,47497.65,03 - UNIVERSITARIO,0,0,1,0,0,0,0,0,0,0,0,0,0,0,0,0,0,0,0,0,0,0.0,0.0,0,"[""SEG-JOVEM"", ""SEG-CREDITO-ATIVO"", ""SEG-SEM-CARTAO"", ""SEG-INVESTIDOR-INICIANTE"", ""SEG-POUPADOR"", ""SEG-PERFIL-FAMILIAR""]",0
514581,2023-03-28,N,BR,F,60,2012-01-31,0.0,134,1.0,,1.0,A,S,N,,KAG,N,SP,1.0,38707.2,02 - VAREJO,0,0,1,0,0,0,0,1,0,0,0,0,0,1,0,0,0,0,0,0,0,0.0,0.0,0,"[""SEG-SENIOR"", ""SEG-CREDITO-ATIVO"", ""SEG-SEM-CARTAO"", ""SEG-POUPADOR"", ""SEG-INVESTIDOR-EXPERIENTE"", ""SEG-PERFIL-FAMILIAR""]",0
638520,2023-04-28,N,BR,M,45,2013-09-05,0.0,115,1.0,,1.0,A,S,N,,013,N,RJ,1.0,76547.62,02 - VAREJO,0,0,0,0,1,0,0,0,1,0,0,0,0,0,0,0,1,1,1,0,0,1.0,1.0,1,"[""SEG-ALTA-RENDA"", ""SEG-INVESTIDOR-INICIANTE"", ""SEG-POUPADOR"", ""SEG-CONTRIBUINTE-IR"", ""SEG-PERFIL-FAMILIAR""]",0
1070753,2022-10-28,N,BR,F,27,2019-10-01,0.0,36,1.0,,1.0,I,S,N,,KHE,N,SP,0.0,117955.01,03 - UNIVERSITARIO,0,0,1,0,0,0,0,0,0,0,0,0,0,0,0,0,0,0,0,0,0,0.0,0.0,0,"[""SEG-JOVEM"", ""SEG-ALTA-RENDA"", ""SEG-POUPADOR""]",0
320197,2022-07-28,N,BR,F,57,2009-01-22,0.0,162,1.0,,1.0,A,S,N,,KAT,N,SP,1.0,70762.73,01 - ALTA RENDA,0,0,1,0,1,0,0,0,0,0,0,0,1,0,0,0,0,1,0,1,0,1.0,1.0,1,"[""SEG-VIP"", ""SEG-SENIOR"", ""SEG-CREDITO-ATIVO"", ""SEG-SEM-CARTAO"", ""SEG-INVESTIDOR-INICIANTE"", ""SEG-POUPADOR"", ""SEG-CONTRIBUINTE-IR"", ""SEG-PERFIL-FAMILIAR""]",0
475139,2022-07-28,N,BR,F,51,2021-05-21,0.0,134,1.0,,1.0,A,S,N,,KAT,N,SP,1.0,320937.69,02 - VAREJO,0,0,1,0,0,0,0,0,0,0,0,0,0,0,0,0,0,0,0,0,0,0.0,0.0,1,"[""SEG-ALTA-RENDA"", ""SEG-CREDITO-ATIVO"", ""SEG-SEM-CARTAO"", ""SEG-INVESTIDOR-INICIANTE"", ""SEG-POUPADOR"", ""SEG-CONTRIBUINTE-IR"", ""SEG-PERFIL-FAMILIAR""]",0
725950,2022-01-28,N,BR,M,56,2014-10-16,0.0,93,1.0,,1.0,I,S,N,,KFC,N,SP,1.0,9124.92,02 - VAREJO,0,0,0,0,0,0,0,0,0,0,0,0,0,0,0,0,0,0,0,0,0,0.0,0.0,0,"[""SEG-SENIOR"", ""SEG-SEM-CARTAO"", ""SEG-INVESTIDOR-INICIANTE"", ""SEG-PERFIL-FAMILIAR""]",0
830564,2023-01-28,N,BR,M,43,2016-01-30,0.0,71,1.0,,1.0,A,S,N,,KFC,N,MG,1.0,38091.44,02 - VAREJO,0,0,0,0,0,0,0,0,0,0,0,1,1,0,0,0,0,0,0,0,0,0.0,0.0,0,"[""SEG-CREDITO-ATIVO"", ""SEG-SEM-CARTAO"", ""SEG-INVESTIDOR-INICIANTE"", ""SEG-POUPADOR"", ""SEG-PERFIL-FAMILIAR""]",0
1361226,2023-04-28,N,BR,M,29,2021-11-26,0.0,17,1.0,,1.0,I,S,N,,KHE,N,AL,0.0,30656.44,03 - UNIVERSITARIO,0,0,0,0,0,0,0,0,0,0,0,0,0,0,0,0,0,0,0,0,0,0.0,0.0,0,"[""SEG-JOVEM"", ""SEG-VIAJANTE-EVENTO""]",1
518356,2023-04-28,N,BR,M,45,2012-02-17,0.0,134,1.0,,1.0,A,S,N,,KFC,N,SP,1.0,170575.58,02 - VAREJO,0,0,1,0,0,0,0,0,1,0,0,0,0,0,1,0,0,1,0,0,0,0.0,0.0,1,"[""SEG-ALTA-RENDA"", ""SEG-CREDITO-ATIVO"", ""SEG-SEM-CARTAO"", ""SEG-INVESTIDOR-INICIANTE"", ""SEG-POUPADOR"", ""SEG-CONTRIBUINTE-IR"", ""SEG-PERFIL-FAMILIAR"", ""SEG-PROPRIETARIO""]",0
195322,2022-12-28,N,BR,F,60,2007-09-29,0.0,183,1.0,,1.0,A,S,N,,KAT,N,SC,1.0,84295.81,02 - VAREJO,0,0,1,0,0,0,0,0,1,0,0,0,0,0,0,0,0,0,0,0,0,0.0,0.0,0,"[""SEG-SENIOR"", ""SEG-CREDITO-ATIVO"", ""SEG-SEM-CARTAO"", ""SEG-INVESTIDOR-INICIANTE"", ""SEG-POUPADOR"", ""SEG-CONTRIBUINTE-IR"", ""SEG-PERFIL-FAMILIAR""]",0
591521,2022-07-28,N,BR,F,40,2013-01-14,0.0,114,1.0,,1.0,I,S,N,,KFC,N,RJ,0.0,19623.39,02 - VAREJO,0,0,0,0,0,0,0,0,0,0,0,0,0,0,0,0,0,0,0,0,0,0.0,0.0,0,"[""SEG-VIAJANTE-EVENTO""]",1
766617,2023-05-28,N,BR,F,55,2015-05-07,0.0,96,1.0,,1.0,A,S,S,,KAJ,N,GO,1.0,107893.05,01 - ALTA RENDA,0,0,0,0,0,0,0,0,0,0,0,1,0,0,0,0,0,0,0,0,0,0.0,0.0,0,"[""SEG-VIP"", ""SEG-SENIOR"", ""SEG-ALTA-RENDA"", ""SEG-CREDITO-ATIVO"", ""SEG-SEM-CARTAO"", ""SEG-INVESTIDOR-INICIANTE"", ""SEG-POUPADOR"", ""SEG-CONTRIBUINTE-IR"", ""SEG-PERFIL-FAMILIAR""]",0
1503511,2023-05-28,N,BR,M,41,2022-11-13,0.0,6,1.0,,1,A,S,N,,KHM,N,PA,1.0,15640.74,02 - VAREJO,0,0,1,0,0,0,0,0,0,0,0,0,0,0,0,0,0,0,0,0,0,0.0,0.0,0,"[""SEG-SEM-CARTAO"", ""SEG-INVESTIDOR-INICIANTE"", ""SEG-PERFIL-FAMILIAR""]",0
1111526,2022-06-28,N,BR,F,35,2019-12-10,0.0,31,1.0,,1.0,A,S,N,,KFC,N,SP,1.0,48963.41,02 - VAREJO,0,0,0,0,1,0,0,0,0,0,0,0,1,0,0,0,0,0,0,0,0,1.0,1.0,0,"[""SEG-CREDITO-ATIVO"", ""SEG-SEM-CARTAO"", ""SEG-INVESTIDOR-INICIANTE"", ""SEG-POUPADOR"", ""SEG-CONTRIBUINTE-IR"", ""SEG-PERFIL-FAMILIAR"", ""SEG-VIAJANTE-EVENTO""]",1
511597,2023-05-28,N,BR,M,48,2012-01-13,0.0,136,1.0,,1.0,A,S,N,,KCI,N,SP,1.0,86749.73,02 - VAREJO,0,0,0,0,0,0,0,0,1,0,0,0,0,0,0,0,0,0,0,0,0,0.0,0.0,0,"[""SEG-ALTA-RENDA"", ""SEG-CREDITO-ATIVO"", ""SEG-SEM-CARTAO"", ""SEG-INVESTIDOR-INICIANTE"", ""SEG-POUPADOR"", ""SEG-CONTRIBUINTE-IR"", ""SEG-PERFIL-FAMILIAR""]",0
1034548,2023-01-28,N,BR,M,25,2019-07-28,0.0,42,1.0,,1.0,A,S,N,,KAT,N,MA,1.0,33086.38,03 - UNIVERSITARIO,0,0,1,0,0,0,0,0,0,0,0,0,0,0,0,0,0,0,0,0,0,0.0,0.0,0,"[""SEG-JOVEM"", ""SEG-SEM-CARTAO"", ""SEG-INVESTIDOR-INICIANTE"", ""SEG-PERFIL-FAMILIAR""]",0
148780,2023-03-28,N,BR,F,55,2006-11-10,0.0,196,1.0,,1.0,A,S,N,,KAT,N,SP,1.0,30517.75,01 - ALTA RENDA,0,0,1,0,0,0,0,0,0,0,0,1,0,0,0,0,0,0,0,0,0,0.0,0.0,1,"[""SEG-VIP"", ""SEG-SENIOR"", ""SEG-SEM-CARTAO"", ""SEG-INVESTIDOR-INICIANTE"", ""SEG-PERFIL-FAMILIAR"", ""SEG-VIAJANTE-EVENTO""]",1
836661,2022-01-28,N,BR,F,43,2016-02-27,0.0,77,1.0,,1.0,A,S,N,,KFC,N,SP,1.0,66150.54,01 - ALTA RENDA,0,0,1,0,0,0,0,0,1,0,0,1,0,0,0,0,0,0,0,0,0,0.0,0.0,0,"[""SEG-VIP"", ""SEG-ALTA-RENDA"", ""SEG-CREDITO-ATIVO"", ""SEG-SEM-CARTAO"", ""SEG-INVESTIDOR-INICIANTE"", ""SEG-POUPADOR"", ""SEG-CONTRIBUINTE-IR"", ""SEG-PERFIL-FAMILIAR"", ""SEG-VIAJANTE-EVENTO""]",1
1228680,2022-07-28,N,BR,F,53,2020-12-03,0.0,19,1.0,,1.0,A,S,N,,KFC,N,SP,1.0,68740.06,02 - VAREJO,0,0,0,0,0,0,0,0,0,0,0,0,1,0,0,0,0,0,0,0,0,0.0,0.0,0,"[""SEG-ALTA-RENDA"", ""SEG-CREDITO-ATIVO"", ""SEG-SEM-CARTAO"", ""SEG-INVESTIDOR-INICIANTE"", ""SEG-POUPADOR"", ""SEG-CONTRIBUINTE-IR"", ""SEG-PERFIL-FAMILIAR""]",0
699010,2022-12-28,N,BR,F,49,2014-06-23,0.0,100,1.0,,1.0,A,S,N,,KAT,N,SP,1.0,51063.62,02 - VAREJO,0,0,1,0,0,0,0,0,0,0,0,0,0,0,0,0,0,1,0,0,0,0.0,0.0,0,"[""SEG-CREDITO-ATIVO"", ""SEG-SEM-CARTAO"", ""SEG-INVESTIDOR-INICIANTE"", ""SEG-POUPADOR"", ""SEG-CONTRIBUINTE-IR"", ""SEG-PERFIL-FAMILIAR""]",0
616525,2023-05-28,N,BR,F,48,2013-05-26,0.0,120,1.0,,1.0,I,S,S,,KAT,N,SP,0.0,12572.7,02 - VAREJO,0,0,0,0,0,0,0,0,0,0,0,0,0,0,0,0,0,0,0,0,0,0.0,0.0,0,"[""SEG-VIAJANTE-EVENTO""]",1
1235496,2023-05-28,N,BR,M,21,2021-01-03,0.0,28,1.0,,1,A,S,S,,KHE,N,GO,1.0,51387.29,03 - UNIVERSITARIO,0,0,1,0,0,0,0,0,0,0,0,0,0,0,0,0,0,0,0,0,0,0.0,0.0,0,"[""SEG-JOVEM"", ""SEG-CREDITO-ATIVO"", ""SEG-SEM-CARTAO"", ""SEG-INVESTIDOR-INICIANTE"", ""SEG-POUPADOR""]",0
379910,2022-11-28,N,BR,F,43,2009-08-29,0.0,159,1.0,,1.0,A,S,N,,KFC,N,BA,1.0,253844.02,02 - VAREJO,0,0,1,0,0,0,0,1,0,0,0,0,0,0,0,0,0,0,0,0,0,0.0,0.0,0,"[""SEG-ALTA-RENDA"", ""SEG-CREDITO-ATIVO"", ""SEG-SEM-CARTAO"", ""SEG-INVESTIDOR-INICIANTE"", ""SEG-POUPADOR"", ""SEG-CONTRIBUINTE-IR"", ""SEG-PERFIL-FAMILIAR""]",0
490124,2023-02-28,N,BR,M,32,2011-09-08,0.0,137,1.0,,1.0,A,S,S,,KFA,N,SP,1.0,478630.33,03 - UNIVERSITARIO,0,0,0,0,1,0,0,1,0,0,0,0,1,0,0,0,0,0,1,0,0,1.0,1.0,1,"[""SEG-ALTA-RENDA"", ""SEG-CREDITO-ATIVO"", ""SEG-INVESTIDOR-INICIANTE"", ""SEG-POUPADOR"", ""SEG-CONTRIBUINTE-IR"", ""SEG-PERFIL-FAMILIAR""]",0
122489,2022-12-28,N,BR,M,47,2019-09-26,0.0,202,1.0,,1.0,A,S,N,,KAT,N,SP,1.0,326308.65,02 - VAREJO,0,0,0,0,0,0,0,0,0,0,0,0,0,0,0,0,0,0,1,0,0,0.0,0.0,0,"[""SEG-ALTA-RENDA"", ""SEG-CREDITO-ATIVO"", ""SEG-INVESTIDOR-INICIANTE"", ""SEG-POUPADOR"", ""SEG-CONTRIBUINTE-IR"", ""SEG-PERFIL-FAMILIAR""]",0
1016918,2022-10-28,N,BR,F,36,2019-09-28,0.0,37,1.0,,1,A,S,N,,KHE,N,MG,1.0,139012.64,02 - VAREJO,0,0,1,0,0,0,0,0,0,0,0,0,0,0,0,0,0,0,0,0,0,0.0,0.0,0,"[""SEG-ALTA-RENDA"", ""SEG-CREDITO-ATIVO"", ""SEG-SEM-CARTAO"", ""SEG-INVESTIDOR-INICIANTE"", ""SEG-POUPADOR"", ""SEG-CONTRIBUINTE-IR"", ""SEG-PERFIL-FAMILIAR""]",0
400744,2022-06-28,N,BR,F,27,2010-01-11,0.0,24,1.0,,1.0,A,S,N,,KFA,N,SP,1.0,113754.69,03 - UNIVERSITARIO,0,0,1,0,0,0,0,0,0,0,0,0,0,0,0,0,0,0,0,0,0,0.0,0.0,0,"[""SEG-JOVEM"", ""SEG-ALTA-RENDA"", ""SEG-CREDITO-ATIVO"", ""SEG-SEM-CARTAO"", ""SEG-INVESTIDOR-INICIANTE"", ""SEG-POUPADOR"", ""SEG-PERFIL-FAMILIAR""]",0
60941,2022-05-28,N,BR,F,45,2004-04-02,0.0,220,1.0,,1.0,A,S,N,,KAT,N,RR,1.0,23815.89,01 - ALTA RENDA,0,0,1,0,0,0,0,1,0,0,0,0,0,1,0,0,0,0,1,0,0,0.0,0.0,0,"[""SEG-VIP"", ""SEG-INVESTIDOR-EXPERIENTE"", ""SEG-PERFIL-FAMILIAR""]",0
899906,2022-05-28,N,BR,M,36,2017-12-29,0.0,55,1.0,,1.0,A,S,N,,KAT,N,SE,1.0,8839.74,02 - VAREJO,0,0,1,0,0,0,0,0,0,0,0,0,0,0,0,0,0,0,0,0,0,0.0,0.0,1,"[""SEG-SEM-CARTAO"", ""SEG-INVESTIDOR-INICIANTE"", ""SEG-PERFIL-FAMILIAR""]",0
63500,2022-11-28,N,BR,F,49,2004-05-08,0.0,222,1.0,,1.0,A,S,N,,KAT,N,SP,1.0,20807.3,01 - ALTA RENDA,0,0,1,0,1,0,0,0,0,0,0,0,0,0,1,1,0,0,1,1,0,1.0,1.0,1,"[""SEG-VIP"", ""SEG-INVESTIDOR-INICIANTE"", ""SEG-PERFIL-FAMILIAR"", ""SEG-PROPRIETARIO""]",0
1429986,2022-11-28,N,BR,F,20,2022-08-06,1.0,3,1.0,,1.0,A,S,N,,KHQ,N,DF,1.0,8766.93,03 - UNIVERSITARIO,0,0,1,0,0,0,0,0,0,0,0,0,0,0,0,0,0,0,0,0,0,0.0,0.0,0,"[""SEG-JOVEM"", ""SEG-SEM-CARTAO"", ""SEG-INVESTIDOR-INICIANTE""]",0
1520738,2023-03-28,N,BR,M,31,2023-01-04,1.0,2,1.0,,1,A,S,N,,KHN,N,SP,1.0,72776.94,02 - VAREJO,0,0,0,0,0,0,1,0,0,0,0,0,0,0,0,0,0,0,0,0,0,0.0,0.0,0,"[""SEG-ALTA-RENDA"", ""SEG-INVESTIDOR-INICIANTE"", ""SEG-POUPADOR"", ""SEG-CONTRIBUINTE-IR"", ""SEG-PERFIL-FAMILIAR"", ""SEG-VIAJANTE-EVENTO""]",1
859775,2023-04-28,N,BR,M,40,2016-12-21,0.0,76,1.0,,1.0,I,S,S,,KAT,N,SP,1.0,103087.88,02 - VAREJO,0,0,1,0,0,0,0,0,1,0,0,0,0,0,0,0,0,1,0,0,0,0.0,0.0,0,"[""SEG-ALTA-RENDA"", ""SEG-CREDITO-ATIVO"", ""SEG-SEM-CARTAO"", ""SEG-INVESTIDOR-INICIANTE"", ""SEG-POUPADOR"", ""SEG-CONTRIBUINTE-IR"", ""SEG-PERFIL-FAMILIAR""]",0
1250705,2022-10-28,N,BR,F,37,2021-03-27,0.0,19,1.0,,1,A,S,N,,KFC,N,MG,1.0,8171.8,01 - ALTA RENDA,0,0,1,0,0,0,0,0,0,0,0,0,0,0,0,0,0,0,0,0,0,0.0,0.0,0,"[""SEG-VIP"", ""SEG-SEM-CARTAO"", ""SEG-INVESTIDOR-INICIANTE"", ""SEG-PERFIL-FAMILIAR""]",0
869577,2023-02-28,N,BR,F,53,2017-03-24,0.0,71,1.0,,1,A,S,N,,KAT,N,RS,1.0,77919.55,01 - ALTA RENDA,0,0,1,0,0,0,0,0,0,0,0,1,0,0,0,0,0,0,0,0,0,0.0,0.0,0,"[""SEG-VIP"", ""SEG-ALTA-RENDA"", ""SEG-CREDITO-ATIVO"", ""SEG-SEM-CARTAO"", ""SEG-INVESTIDOR-INICIANTE"", ""SEG-POUPADOR"", ""SEG-CONTRIBUINTE-IR"", ""SEG-PERFIL-FAMILIAR""]",0
772549,2022-11-28,N,BR,M,37,2015-06-09,0.0,89,1.0,,1.0,A,S,N,,KFA,N,SP,1.0,165392.52,02 - VAREJO,0,0,1,0,0,0,0,0,0,0,0,0,1,0,0,0,0,1,1,1,0,0.0,0.0,1,"[""SEG-ALTA-RENDA"", ""SEG-CREDITO-ATIVO"", ""SEG-INVESTIDOR-INICIANTE"", ""SEG-POUPADOR"", ""SEG-CONTRIBUINTE-IR"", ""SEG-PERFIL-FAMILIAR""]",0
1022269,2023-02-28,N,BR,F,43,2019-07-05,0.0,43,1.0,,1.0,A,S,N,,KFC,N,PE,1.0,13312.24,02 - VAREJO,0,0,0,0,0,0,0,0,0,0,0,0,1,0,0,0,0,0,0,0,0,0.0,0.0,0,"[""SEG-SEM-CARTAO"", ""SEG-INVESTIDOR-INICIANTE"", ""SEG-PERFIL-FAMILIAR""]",0
1106039,2023-01-28,N,BR,F,75,2019-11-27,0.0,38,1.0,,1.0,A,S,N,,KAT,N,BA,1.0,20911.19,02 - VAREJO,0,0,1,0,0,0,0,0,0,0,0,0,0,0,0,0,0,0,0,0,0,0.0,0.0,0,"[""SEG-SENIOR"", ""SEG-SEM-CARTAO"", ""SEG-INVESTIDOR-INICIANTE"", ""SEG-VIAJANTE-EVENTO""]",1
1239826,2023-03-28,N,BR,M,54,2021-01-23,0.0,26,1.0,,1.0,I,S,N,,KAT,N,MG,0.0,10507.31,02 - VAREJO,0,0,0,0,0,0,0,0,0,0,0,0,0,0,0,0,0,0,0,0,0,0.0,0.0,0,"[""SEG-VIAJANTE-EVENTO""]",1
1120550,2023-02-28,N,BR,M,42,2020-02-04,0.0,36,1.0,,1.0,A,S,N,,KFC,N,MT,1.0,18485.38,02 - VAREJO,0,0,0,0,1,0,0,0,0,0,0,0,0,0,0,0,0,0,1,0,0,1.0,1.0,0,"[""SEG-INVESTIDOR-INICIANTE"", ""SEG-PERFIL-FAMILIAR""]",0
321001,2022-02-28,N,BR,M,64,2009-01-23,0.0,162,1.0,,1.0,A,S,N,,KAT,N,SP,1.0,15970.95,02 - VAREJO,0,0,1,0,0,0,0,1,0,0,0,0,0,1,0,0,0,0,0,0,0,0.0,0.0,0,"[""SEG-SENIOR"", ""SEG-SEM-CARTAO"", ""SEG-INVESTIDOR-EXPERIENTE""]",0
47843,2023-05-28,N,BR,M,51,2003-10-24,0.0,235,1.0,,1.0,A,S,N,,KAT,N,MG,1.0,17521.8,02 - VAREJO,0,0,1,0,0,0,0,0,0,0,0,0,0,0,0,0,0,0,0,0,0,0.0,0.0,0,"[""SEG-SEM-CARTAO"", ""SEG-INVESTIDOR-INICIANTE"", ""SEG-PERFIL-FAMILIAR""]",0
1080578,2023-05-28,N,BR,M,30,2019-10-15,0.0,43,1.0,,1.0,I,S,N,,KHE,N,RJ,0.0,226566.71,03 - UNIVERSITARIO,0,0,1,0,0,0,0,0,0,0,0,0,0,0,0,0,0,0,0,0,0,0.0,0.0,0,"[""SEG-ALTA-RENDA"", ""SEG-POUPADOR"", ""SEG-CONTRIBUINTE-IR"", ""SEG-VIAJANTE-EVENTO""]",1
1431011,2023-03-28,N,BR,M,20,2022-08-06,0.0,7,1.0,,1,A,S,N,,KHQ,N,GO,1.0,13837.16,03 - UNIVERSITARIO,0,0,1,0,0,0,0,0,0,0,0,0,0,0,0,0,0,0,0,0,0,0.0,0.0,0,"[""SEG-JOVEM"", ""SEG-SEM-CARTAO"", ""SEG-INVESTIDOR-INICIANTE"", ""SEG-VIAJANTE-EVENTO""]",1
202044,2023-05-28,N,BR,M,49,2007-10-31,0.0,187,1.0,,1.0,A,S,N,,KAT,S,RJ,1.0,90539.46,01 - ALTA RENDA,0,0,0,0,1,0,0,0,0,0,0,1,1,1,0,0,0,0,0,0,0,0.0,0.0,1,"[""SEG-VIP"", ""SEG-ALTA-RENDA"", ""SEG-CREDITO-ATIVO"", ""SEG-SEM-CARTAO"", ""SEG-POUPADOR"", ""SEG-CONTRIBUINTE-IR"", ""SEG-INVESTIDOR-EXPERIENTE"", ""SEG-PERFIL-FAMILIAR""]",0
985938,2023-02-28,N,BR,F,30,2018-11-28,0.0,51,1.0,,1.0,I,S,N,,KHE,N,SP,1.0,49198.95,03 - UNIVERSITARIO,0,0,1,0,0,0,0,0,0,0,0,0,0,0,0,0,0,0,0,0,0,0.0,0.0,0,"[""SEG-CREDITO-ATIVO"", ""SEG-SEM-CARTAO"", ""SEG-INVESTIDOR-INICIANTE"", ""SEG-POUPADOR"", ""SEG-CONTRIBUINTE-IR"", ""SEG-PERFIL-FAMILIAR""]",0
905347,2023-04-28,N,BR,M,29,2018-03-01,0.0,62,1.0,,1.0,A,S,N,,KAT,N,MT,1.0,32617.0,03 - UNIVERSITARIO,0,0,0,0,0,0,0,0,0,0,0,0,1,0,0,0,0,0,1,0,0,0.0,0.0,0,"[""SEG-JOVEM"", ""SEG-INVESTIDOR-INICIANTE"", ""SEG-PERFIL-FAMILIAR"", ""SEG-VIAJANTE-EVENTO""]",1
1498029,2023-04-28,N,BR,F,26,2022-11-04,1.0,5,1.0,,1.0,I,S,N,,KHQ,N,SP,0.0,70251.08,03 - UNIVERSITARIO,0,0,0,0,0,0,0,0,0,0,0,0,0,0,0,0,0,0,0,0,0,0.0,0.0,0,"[""SEG-JOVEM"", ""SEG-ALTA-RENDA"", ""SEG-POUPADOR""]",0
554925,2023-03-28,N,BR,M,61,2012-09-08,0.0,126,1.0,,1.0,A,S,N,,KFC,N,SP,1.0,103708.86,01 - ALTA RENDA,0,0,1,0,0,0,0,0,0,0,0,0,0,1,0,0,0,0,0,0,0,0.0,0.0,0,"[""SEG-VIP"", ""SEG-SENIOR"", ""SEG-CREDITO-ATIVO"", ""SEG-SEM-CARTAO"", ""SEG-POUPADOR"", ""SEG-INVESTIDOR-EXPERIENTE""]",0
1186405,2023-04-28,N,BR,F,33,2020-10-01,0.0,30,1.0,,1.0,I,S,N,,KHE,N,SP,0.0,102244.87,03 - UNIVERSITARIO,0,0,1,0,0,0,0,0,0,0,0,0,0,0,0,0,0,0,0,0,0,0.0,0.0,0,"[""SEG-ALTA-RENDA"", ""SEG-POUPADOR"", ""SEG-CONTRIBUINTE-IR""]",0
869248,2022-08-28,N,BR,F,70,2017-03-23,0.0,65,1.0,,1.0,A,S,N,,KGX,N,SP,1.0,69027.4,02 - VAREJO,0,0,1,0,0,0,0,0,0,0,0,0,0,0,0,0,0,0,0,0,0,0.0,0.0,1,"[""SEG-SENIOR"", ""SEG-CREDITO-ATIVO"", ""SEG-SEM-CARTAO"", ""SEG-INVESTIDOR-INICIANTE"", ""SEG-POUPADOR""]",0
174138,2023-04-28,N,BR,M,43,2007-08-31,0.0,188,1.0,,1.0,A,S,N,,KAT,N,SP,1.0,26895.49,02 - VAREJO,0,0,0,0,1,0,0,0,0,0,0,1,1,1,0,0,0,1,0,0,0,0.0,0.0,1,"[""SEG-SEM-CARTAO"", ""SEG-INVESTIDOR-EXPERIENTE"", ""SEG-PERFIL-FAMILIAR""]",0
354418,2023-01-28,N,BR,F,60,2009-04-24,0.0,165,1.0,,1.0,A,S,N,,KFC,N,MG,1.0,44388.86,02 - VAREJO,0,0,1,0,0,0,0,1,0,0,0,1,0,1,0,0,0,1,0,0,0,0.0,0.0,0,"[""SEG-SENIOR"", ""SEG-CREDITO-ATIVO"", ""SEG-SEM-CARTAO"", ""SEG-POUPADOR"", ""SEG-INVESTIDOR-EXPERIENTE"", ""SEG-PERFIL-FAMILIAR""]",0
857577,2022-12-28,N,BR,F,44,2016-11-20,0.0,73,1.0,,1.0,A,S,N,,KAT,N,RS,1.0,242382.55,01 - ALTA RENDA,0,0,0,0,1,0,0,0,1,0,0,1,1,0,0,0,0,1,1,1,0,0.0,0.0,1,"[""SEG-VIP"", ""SEG-ALTA-RENDA"", ""SEG-CREDITO-ATIVO"", ""SEG-INVESTIDOR-INICIANTE"", ""SEG-POUPADOR"", ""SEG-CONTRIBUINTE-IR"", ""SEG-PERFIL-FAMILIAR""]",0
1426766,2023-05-28,N,BR,M,22,2022-08-03,0.0,10,1.0,,1.0,I,S,N,,KHQ,N,RJ,0.0,16513.84,03 - UNIVERSITARIO,0,0,0,0,0,0,0,0,0,0,0,0,0,0,0,0,0,0,0,0,0,0.0,0.0,0,"[""SEG-JOVEM"", ""SEG-VIAJANTE-EVENTO""]",1
1513665,2023-04-28,N,BR,M,54,2022-12-04,1.0,4,1.0,,1,A,S,N,,KHM,N,SP,1.0,70215.51,02 - VAREJO,0,0,1,0,0,0,0,0,0,0,0,0,0,0,0,0,0,0,0,0,0,0.0,0.0,1,"[""SEG-ALTA-RENDA"", ""SEG-SEM-CARTAO"", ""SEG-INVESTIDOR-INICIANTE"", ""SEG-POUPADOR"", ""SEG-CONTRIBUINTE-IR"", ""SEG-PERFIL-FAMILIAR""]",0
1060638,2023-05-28,N,BR,F,29,2019-09-14,0.0,44,1.0,,1.0,A,S,N,,KHE,N,PE,1.0,36066.77,03 - UNIVERSITARIO,0,0,1,0,0,0,0,0,0,0,0,0,0,0,0,0,0,0,0,0,0,0.0,0.0,0,"[""SEG-JOVEM"", ""SEG-CREDITO-ATIVO"", ""SEG-SEM-CARTAO"", ""SEG-INVESTIDOR-INICIANTE"", ""SEG-POUPADOR"", ""SEG-PERFIL-FAMILIAR""]",0
1148074,2023-02-28,N,BR,F,39,2020-07-25,0.0,31,1.0,,1.0,A,S,N,,KFC,N,SP,1.0,26800.41,01 - ALTA RENDA,0,0,0,0,1,0,0,0,0,0,0,0,0,0,0,0,0,1,0,0,0,1.0,1.0,0,"[""SEG-VIP"", ""SEG-SEM-CARTAO"", ""SEG-INVESTIDOR-INICIANTE"", ""SEG-PERFIL-FAMILIAR""]",0
343736,2023-02-28,N,BR,F,43,2009-03-18,0.0,167,1.0,,1.0,A,S,N,,KAT,N,SP,1.0,79500.19,01 - ALTA RENDA,0,0,1,0,0,0,0,1,0,0,0,1,0,1,0,0,0,0,0,0,0,0.0,0.0,0,"[""SEG-VIP"", ""SEG-ALTA-RENDA"", ""SEG-CREDITO-ATIVO"", ""SEG-SEM-CARTAO"", ""SEG-POUPADOR"", ""SEG-CONTRIBUINTE-IR"", ""SEG-INVESTIDOR-EXPERIENTE"", ""SEG-PERFIL-FAMILIAR""]",0
375147,2023-03-28,N,BR,F,68,2009-07-25,0.0,164,1.0,,1.0,A,S,N,,KAT,N,SP,1.0,97583.8,02 - VAREJO,0,0,1,0,0,0,0,0,1,0,0,0,1,0,0,0,0,0,0,0,0,0.0,0.0,1,"[""SEG-SENIOR"", ""SEG-CREDITO-ATIVO"", ""SEG-SEM-CARTAO"", ""SEG-INVESTIDOR-INICIANTE"", ""SEG-POUPADOR""]",0
1369188,2022-09-28,N,BR,M,30,2021-12-15,0.0,9,1.0,,1.0,A,S,N,,KHK,N,SP,1.0,66762.97,02 - VAREJO,0,0,1,0,0,0,0,0,0,0,0,0,0,0,0,0,0,0,0,0,0,0.0,0.0,0,"[""SEG-ALTA-RENDA"", ""SEG-CREDITO-ATIVO"", ""SEG-SEM-CARTAO"", ""SEG-INVESTIDOR-INICIANTE"", ""SEG-POUPADOR"", ""SEG-CONTRIBUINTE-IR"", ""SEG-PERFIL-FAMILIAR"", ""SEG-VIAJANTE-EVENTO""]",1
729418,2022-08-28,N,BR,M,43,2014-10-30,0.0,94,1.0,,1.0,A,S,N,,KAT,N,SP,1.0,120423.15,01 - ALTA RENDA,0,0,1,0,0,0,0,0,0,0,0,1,1,1,0,0,0,1,1,0,0,0.0,0.0,1,"[""SEG-VIP"", ""SEG-ALTA-RENDA"", ""SEG-CREDITO-ATIVO"", ""SEG-POUPADOR"", ""SEG-CONTRIBUINTE-IR"", ""SEG-INVESTIDOR-EXPERIENTE"", ""SEG-PERFIL-FAMILIAR""]",0
1505347,2022-12-28,N,BR,M,21,2022-11-17,1.0,1,1.0,,1.0,A,S,N,,KHQ,N,RO,0.0,31119.12,03 - UNIVERSITARIO,0,0,0,0,0,0,0,0,0,0,0,0,0,0,0,0,0,0,0,0,0,0.0,0.0,0,"[""SEG-JOVEM""]",0
966764,2023-04-28,N,BR,M,23,2018-10-20,0.0,54,1.0,,1.0,I,S,N,,KHE,N,AP,0.0,7977.45,03 - UNIVERSITARIO,0,0,1,0,0,0,0,0,0,0,0,0,0,0,0,0,0,0,0,0,0,0.0,0.0,0,"[""SEG-JOVEM""]",0
78842,2023-02-28,N,BR,M,45,2004-12-10,0.0,218,1.0,,1.0,A,S,N,,KAT,N,SP,1.0,147935.59,01 - ALTA RENDA,0,0,1,0,0,0,0,0,1,0,0,1,1,0,1,0,0,1,0,1,0,1.0,1.0,1,"[""SEG-VIP"", ""SEG-ALTA-RENDA"", ""SEG-CREDITO-ATIVO"", ""SEG-SEM-CARTAO"", ""SEG-INVESTIDOR-INICIANTE"", ""SEG-POUPADOR"", ""SEG-CONTRIBUINTE-IR"", ""SEG-PERFIL-FAMILIAR"", ""SEG-PROPRIETARIO""]",0
1069448,2022-12-28,N,BR,F,56,2019-09-27,0.0,39,1.0,,1.0,I,S,S,,KFC,N,PR,0.0,38326.26,02 - VAREJO,0,0,1,0,0,0,0,0,0,0,0,0,0,0,0,0,0,0,0,0,0,0.0,0.0,0,"[""SEG-SENIOR"", ""SEG-POUPADOR""]",0
825360,2023-05-28,N,BR,F,44,2016-01-07,0.0,88,1.0,,1,A,S,N,,KFC,N,PE,1.0,27333.54,02 - VAREJO,0,0,1,0,0,0,0,0,1,0,0,0,0,0,0,0,0,0,0,0,0,0.0,0.0,0,"[""SEG-SEM-CARTAO"", ""SEG-INVESTIDOR-INICIANTE"", ""SEG-PERFIL-FAMILIAR""]",0
311591,2023-02-28,N,BR,M,45,2008-12-28,0.0,170,1.0,,1,I,S,S,,KAT,N,SP,0.0,86854.43,02 - VAREJO,0,0,0,0,0,0,0,0,0,0,0,0,0,0,0,0,0,0,0,0,0,0.0,0.0,0,"[""SEG-ALTA-RENDA"", ""SEG-POUPADOR"", ""SEG-CONTRIBUINTE-IR""]",0
380483,2022-03-28,N,BR,F,41,2009-09-04,0.0,154,1.0,,1.0,A,S,N,,KAT,N,SP,1.0,65724.36,02 - VAREJO,0,0,1,0,1,0,0,0,0,0,0,0,0,0,1,0,0,0,0,1,0,1.0,1.0,1,"[""SEG-ALTA-RENDA"", ""SEG-CREDITO-ATIVO"", ""SEG-SEM-CARTAO"", ""SEG-INVESTIDOR-INICIANTE"", ""SEG-POUPADOR"", ""SEG-CONTRIBUINTE-IR"", ""SEG-PERFIL-FAMILIAR"", ""SEG-PROPRIETARIO""]",0
1053621,2023-03-28,N,BR,F,22,2019-08-23,0.0,43,1.0,,1.0,I,S,N,,KHD,N,GO,1.0,27240.43,03 - UNIVERSITARIO,0,0,1,0,0,0,0,0,0,0,0,0,0,0,0,0,0,0,0,0,0,0.0,0.0,0,"[""SEG-JOVEM"", ""SEG-SEM-CARTAO"", ""SEG-INVESTIDOR-INICIANTE""]",0
828974,2023-05-28,N,BR,F,52,2016-01-26,0.0,88,1.0,,1.0,A,S,N,,KFC,N,SP,1.0,26167.9,02 - VAREJO,0,0,1,0,0,0,0,0,0,0,0,0,0,0,0,0,0,0,0,0,0,0.0,0.0,0,"[""SEG-SEM-CARTAO"", ""SEG-INVESTIDOR-INICIANTE"", ""SEG-PERFIL-FAMILIAR""]",0
1022142,2022-08-28,N,BR,F,32,2019-07-05,0.0,37,1.0,,1.0,A,S,N,,KAT,N,SP,1.0,48689.41,03 - UNIVERSITARIO,0,0,0,0,1,0,0,0,0,0,0,0,1,0,1,0,0,0,1,0,0,1.0,1.0,1,"[""SEG-CREDITO-ATIVO"", ""SEG-INVESTIDOR-INICIANTE"", ""SEG-POUPADOR"", ""SEG-CONTRIBUINTE-IR"", ""SEG-PERFIL-FAMILIAR"", ""SEG-PROPRIETARIO""]",0
314476,2023-04-28,N,BR,F,43,2009-01-11,0.0,171,1.0,,1.0,A,S,N,,KAT,N,SP,1.0,8445.11,02 - VAREJO,0,0,1,0,0,0,0,1,0,0,0,0,0,0,0,0,0,0,0,0,0,0.0,0.0,0,"[""SEG-SEM-CARTAO"", ""SEG-INVESTIDOR-INICIANTE"", ""SEG-PERFIL-FAMILIAR""]",0
1298641,2023-05-28,N,BR,M,47,2022-10-21,0.0,21,1.0,,1.0,A,S,N,,KFC,N,SP,1.0,72620.73,02 - VAREJO,0,0,0,0,0,0,0,0,0,0,0,1,0,0,0,0,0,0,0,0,0,0.0,0.0,0,"[""SEG-ALTA-RENDA"", ""SEG-CREDITO-ATIVO"", ""SEG-SEM-CARTAO"", ""SEG-INVESTIDOR-INICIANTE"", ""SEG-POUPADOR"", ""SEG-CONTRIBUINTE-IR"", ""SEG-PERFIL-FAMILIAR""]",0
418485,2023-05-28,N,BR,F,52,2010-05-09,0.0,156,1.0,,1.0,A,S,N,,KAT,N,MG,1.0,38443.08,02 - VAREJO,0,0,1,0,0,0,0,1,0,0,0,0,0,0,0,0,0,0,0,1,0,0.0,0.0,0,"[""SEG-CREDITO-ATIVO"", ""SEG-SEM-CARTAO"", ""SEG-INVESTIDOR-INICIANTE"", ""SEG-POUPADOR"", ""SEG-PERFIL-FAMILIAR""]",0
413777,2023-05-28,N,BR,F,38,2010-04-04,0.0,158,1.0,,1.0,I,S,N,,KAG,N,SP,0.0,333127.37,02 - VAREJO,0,0,0,0,0,0,0,1,0,0,0,0,0,0,0,0,0,0,0,0,0,0.0,0.0,0,"[""SEG-ALTA-RENDA"", ""SEG-POUPADOR"", ""SEG-CONTRIBUINTE-IR""]",0
189480,2022-10-28,N,BR,M,44,2007-08-28,0.0,182,1.0,,1.0,A,S,N,,KFC,N,SP,1.0,116452.75,02 - VAREJO,0,0,0,0,1,0,0,0,0,0,0,0,1,0,0,0,0,0,1,0,0,0.0,0.0,0,"[""SEG-ALTA-RENDA"", ""SEG-CREDITO-ATIVO"", ""SEG-INVESTIDOR-INICIANTE"", ""SEG-POUPADOR"", ""SEG-CONTRIBUINTE-IR"", ""SEG-PERFIL-FAMILIAR""]",0
861814,2022-07-28,N,BR,M,49,2017-01-19,0.0,66,1.0,,1,A,S,N,,KAT,N,SP,1.0,86988.64,02 - VAREJO,0,0,1,0,0,0,0,0,1,0,0,0,0,0,0,0,0,0,0,0,0,0.0,0.0,0,"[""SEG-ALTA-RENDA"", ""SEG-CREDITO-ATIVO"", ""SEG-SEM-CARTAO"", ""SEG-INVESTIDOR-INICIANTE"", ""SEG-POUPADOR"", ""SEG-CONTRIBUINTE-IR"", ""SEG-PERFIL-FAMILIAR""]",0
1074981,2022-08-28,N,BR,F,26,2019-10-04,0.0,34,1.0,,1.0,I,S,N,,KHE,N,AL,0.0,8498.51,03 - UNIVERSITARIO,0,0,0,0,0,0,0,0,0,0,0,0,0,0,0,0,0,0,0,0,0,0.0,0.0,0,"[""SEG-JOVEM""]",0
1175945,2023-04-28,N,BR,F,50,2020-09-13,0.0,31,1.0,,1,I,S,N,,KFC,N,PI,1.0,37070.81,02 - VAREJO,0,0,0,0,0,0,0,0,0,0,0,0,1,0,0,0,0,0,0,0,0,0.0,0.0,0,"[""SEG-CREDITO-ATIVO"", ""SEG-SEM-CARTAO"", ""SEG-INVESTIDOR-INICIANTE"", ""SEG-POUPADOR"", ""SEG-PERFIL-FAMILIAR"", ""SEG-VIAJANTE-EVENTO""]",1
88181,2022-04-28,N,BR,F,53,2005-03-04,0.0,209,1.0,,1.0,A,S,N,,KFC,N,PR,1.0,25192.83,02 - VAREJO,0,0,1,0,0,0,0,0,1,0,0,0,0,1,0,0,0,1,0,0,0,0.0,0.0,1,"[""SEG-SEM-CARTAO"", ""SEG-INVESTIDOR-EXPERIENTE"", ""SEG-PERFIL-FAMILIAR""]",0
332399,2022-06-28,N,BR,M,59,2009-02-20,0.0,161,1.0,,1.0,I,S,N,,KFC,N,SP,0.0,46710.33,02 - VAREJO,0,0,0,0,0,0,0,1,0,0,0,0,0,0,0,0,0,0,0,0,0,0.0,0.0,0,"[""SEG-SENIOR"", ""SEG-POUPADOR"", ""SEG-CONTRIBUINTE-IR"", ""SEG-VIAJANTE-EVENTO""]",1
926594,2022-07-28,N,BR,F,38,2018-08-02,0.0,47,1.0,,1,A,S,N,,KFC,N,SP,1.0,25534.56,02 - VAREJO,0,0,0,0,1,0,0,0,0,0,0,0,0,0,0,0,0,0,0,0,0,1.0,1.0,1,"[""SEG-SEM-CARTAO"", ""SEG-INVESTIDOR-INICIANTE"", ""SEG-PERFIL-FAMILIAR"", ""SEG-VIAJANTE-EVENTO""]",1
28210,2023-02-28,N,BR,F,45,2002-11-29,0.0,243,1.0,,1.0,A,S,N,,KAT,N,SP,1.0,179073.24,02 - VAREJO,0,0,0,0,0,0,0,0,0,0,0,0,0,1,0,0,0,0,0,0,0,0.0,0.0,0,"[""SEG-ALTA-RENDA"", ""SEG-CREDITO-ATIVO"", ""SEG-SEM-CARTAO"", ""SEG-POUPADOR"", ""SEG-CONTRIBUINTE-IR"", ""SEG-INVESTIDOR-EXPERIENTE"", ""SEG-PERFIL-FAMILIAR""]",0
754469,2023-02-28,N,BR,M,69,2015-06-25,0.0,92,1.0,,1.0,I,S,N,,KAI,N,MA,0.0,35542.44,02 - VAREJO,0,0,1,0,0,0,0,0,0,0,0,0,0,0,0,0,0,0,0,0,0,0.0,0.0,0,"[""SEG-SENIOR"", ""SEG-POUPADOR"", ""SEG-VIAJANTE-EVENTO""]",1
1404197,2022-10-28,N,BR,M,37,2022-07-02,1.0,4,1.0,,1,A,S,N,,KHN,N,SP,1.0,217289.2,01 - ALTA RENDA,0,0,0,0,1,0,0,0,0,0,0,0,1,0,0,0,0,0,0,0,0,1.0,1.0,1,"[""SEG-VIP"", ""SEG-ALTA-RENDA"", ""SEG-SEM-CARTAO"", ""SEG-INVESTIDOR-INICIANTE"", ""SEG-POUPADOR"", ""SEG-CONTRIBUINTE-IR"", ""SEG-PERFIL-FAMILIAR""]",0
453928,2023-05-28,N,BR,F,63,2011-01-19,0.0,148,1.0,,1.0,A,S,N,,KAT,N,SP,1.0,84509.8,02 - VAREJO,0,0,1,0,0,0,0,1,0,0,0,0,0,0,0,0,0,0,0,0,0,0.0,0.0,0,"[""SEG-SENIOR"", ""SEG-CREDITO-ATIVO"", ""SEG-SEM-CARTAO"", ""SEG-INVESTIDOR-INICIANTE"", ""SEG-POUPADOR""]",0
556710,2023-05-28,N,BR,F,85,2012-09-16,0.0,128,1.0,,1.0,A,S,N,,KFA,N,SP,1.0,43143.61,02 - VAREJO,0,0,1,0,0,0,0,1,0,0,0,0,0,0,0,0,0,0,0,0,0,0.0,0.0,0,"[""SEG-SENIOR"", ""SEG-CREDITO-ATIVO"", ""SEG-SEM-CARTAO"", ""SEG-INVESTIDOR-INICIANTE"", ""SEG-POUPADOR""]",0
475559,2022-03-28,N,BR,F,18,2011-05-24,0.0,134,1.0,,1.0,A,S,N,,KAT,N,SP,1.0,14571.98,02 - VAREJO,0,0,0,0,0,1,0,0,0,0,0,0,0,0,0,0,0,0,0,0,0,0.0,0.0,0,"[""SEG-JOVEM"", ""SEG-SEM-CARTAO"", ""SEG-INVESTIDOR-INICIANTE"", ""SEG-VIAJANTE-EVENTO""]",1
959484,2023-04-28,N,BR,F,45,2018-10-11,0.0,54,1.0,,1,I,S,N,,KFC,N,SP,0.0,105170.07,02 - VAREJO,0,0,0,0,0,0,0,0,0,0,0,0,0,0,0,0,0,0,0,0,0,0.0,0.0,0,"[""SEG-ALTA-RENDA"", ""SEG-POUPADOR"", ""SEG-CONTRIBUINTE-IR""]",0
684956,2023-03-28,N,BR,F,38,2014-04-03,0.0,108,1.0,,1.0,I,S,N,,KAW,N,RJ,1.0,21392.51,02 - VAREJO,0,0,1,0,0,0,0,0,0,0,0,0,0,0,0,0,0,0,0,0,0,0.0,0.0,0,"[""SEG-SEM-CARTAO"", ""SEG-INVESTIDOR-INICIANTE"", ""SEG-PERFIL-FAMILIAR""]",0
1400751,2023-05-28,N,BR,F,58,2022-06-08,0.0,11,1.0,,1,A,S,N,,KHM,N,SP,1.0,291936.37,02 - VAREJO,0,0,1,0,0,0,0,0,0,0,0,0,0,0,0,0,0,0,0,0,0,0.0,0.0,0,"[""SEG-SENIOR"", ""SEG-CREDITO-ATIVO"", ""SEG-SEM-CARTAO"", ""SEG-INVESTIDOR-INICIANTE"", ""SEG-POUPADOR"", ""SEG-CONTRIBUINTE-IR"", ""SEG-PERFIL-FAMILIAR""]",0
34140,2023-05-28,N,BR,F,64,2003-03-04,0.0,95,1.0,,1.0,I,S,N,,KFD,N,SP,0.0,94523.45,02 - VAREJO,0,0,0,0,0,0,0,0,0,0,0,0,0,0,0,0,0,0,0,0,0,0.0,0.0,0,"[""SEG-SENIOR"", ""SEG-POUPADOR""]",0
883065,2023-05-28,N,BR,F,48,2017-06-16,0.0,71,1.0,,1.0,A,S,N,,KAT,N,PR,1.0,12655.58,02 - VAREJO,0,0,1,0,0,0,0,0,0,0,0,0,0,0,0,0,0,0,0,1,0,0.0,0.0,1,"[""SEG-SEM-CARTAO"", ""SEG-INVESTIDOR-INICIANTE"", ""SEG-PERFIL-FAMILIAR""]",0
1372837,2022-09-28,N,BR,M,48,2021-12-29,0.0,9,1.0,,1,A,S,N,,KHK,N,SP,1.0,13301.19,02 - VAREJO,0,0,0,0,1,0,0,0,0,0,0,0,0,0,0,0,0,0,0,0,0,1.0,1.0,1,"[""SEG-SEM-CARTAO"", ""SEG-INVESTIDOR-INICIANTE"", ""SEG-PERFIL-FAMILIAR"", ""SEG-VIAJANTE-EVENTO""]",1
1018472,2023-01-28,N,BR,F,53,2019-06-04,0.0,43,1.0,,1.0,A,S,N,,KFC,N,SP,1.0,27315.67,02 - VAREJO,0,0,1,0,0,0,0,0,0,0,0,1,0,0,0,0,0,0,0,0,0,0.0,0.0,0,"[""SEG-SEM-CARTAO"", ""SEG-INVESTIDOR-INICIANTE"", ""SEG-PERFIL-FAMILIAR""]",0
1104127,2022-11-28,N,BR,F,48,2019-11-21,0.0,15,1.0,,1.0,A,S,N,,KAT,N,SP,1.0,145738.9,01 - ALTA RENDA,0,0,0,0,0,0,0,0,0,0,0,0,1,0,0,0,0,1,0,0,0,0.0,0.0,0,"[""SEG-VIP"", ""SEG-ALTA-RENDA"", ""SEG-CREDITO-ATIVO"", ""SEG-SEM-CARTAO"", ""SEG-INVESTIDOR-INICIANTE"", ""SEG-POUPADOR"", ""SEG-CONTRIBUINTE-IR"", ""SEG-PERFIL-FAMILIAR"", ""SEG-VIAJANTE-EVENTO""]",1
685151,2022-07-28,N,BR,M,41,2014-04-04,0.0,99,1.0,,1.0,A,S,N,,KFC,N,SC,1.0,31110.04,02 - VAREJO,0,0,0,0,1,0,0,1,0,0,0,0,1,0,0,0,0,0,0,0,0,0.0,1.0,0,"[""SEG-SEM-CARTAO"", ""SEG-INVESTIDOR-INICIANTE"", ""SEG-PERFIL-FAMILIAR""]",0
272590,2022-08-28,N,BR,F,65,2008-09-17,0.0,167,1.0,,1.0,I,S,N,,KFC,N,SP,0.0,20557.79,02 - VAREJO,0,0,0,0,0,0,0,0,0,0,0,0,0,0,0,0,0,0,0,0,0,0.0,0.0,0,"[""SEG-SENIOR""]",0
530880,2023-05-28,N,BR,F,68,2012-07-01,0.0,131,1.0,,1.0,A,S,N,,KAA,N,RJ,1.0,27317.14,02 - VAREJO,0,0,1,0,0,0,0,0,0,0,0,0,0,0,1,0,0,0,0,0,0,0.0,0.0,1,"[""SEG-SENIOR"", ""SEG-SEM-CARTAO"", ""SEG-INVESTIDOR-INICIANTE"", ""SEG-PROPRIETARIO""]",0
29129,2023-05-28,N,BR,F,84,2002-12-13,0.0,245,1.0,,1.0,A,S,N,,KAT,N,SP,1.0,111630.23,02 - VAREJO,0,0,1,0,0,0,0,1,0,0,0,0,0,1,0,0,0,0,0,0,0,0.0,0.0,0,"[""SEG-SENIOR"", ""SEG-CREDITO-ATIVO"", ""SEG-SEM-CARTAO"", ""SEG-POUPADOR"", ""SEG-INVESTIDOR-EXPERIENTE""]",0
184243,2023-04-28,N,BR,F,44,2007-07-21,0.0,189,1.0,,1.0,A,S,N,,KFC,N,RJ,1.0,44343.58,02 - VAREJO,0,0,1,0,1,0,0,1,0,0,0,0,1,0,0,0,0,1,1,1,0,1.0,1.0,1,"[""SEG-CREDITO-ATIVO"", ""SEG-INVESTIDOR-INICIANTE"", ""SEG-POUPADOR"", ""SEG-PERFIL-FAMILIAR""]",0
761676,2023-02-28,N,BR,F,73,2015-04-17,0.0,94,1.0,,1,I,S,N,,KFA,N,BA,0.0,126435.32,02 - VAREJO,0,0,0,0,0,0,0,0,0,0,0,0,0,0,0,0,0,0,0,0,0,0.0,0.0,0,"[""SEG-SENIOR"", ""SEG-POUPADOR""]",0
1380408,2023-02-28,N,BR,F,70,2022-02-04,0.0,12,1.0,,1.0,A,S,N,,KHL,N,SP,1.0,166444.81,01 - ALTA RENDA,0,0,1,0,0,0,0,0,0,0,0,1,0,0,0,0,0,0,0,0,0,0.0,0.0,0,"[""SEG-VIP"", ""SEG-SENIOR"", ""SEG-CREDITO-ATIVO"", ""SEG-SEM-CARTAO"", ""SEG-INVESTIDOR-INICIANTE"", ""SEG-POUPADOR""]",0
208586,2023-02-28,N,BR,F,61,2007-12-09,0.0,182,1.0,,1.0,I,S,N,,KFC,N,RJ,1.0,366121.26,02 - VAREJO,0,0,1,0,0,0,0,1,0,0,0,0,1,0,0,0,0,1,0,0,0,0.0,0.0,0,"[""SEG-SENIOR"", ""SEG-CREDITO-ATIVO"", ""SEG-SEM-CARTAO"", ""SEG-INVESTIDOR-INICIANTE"", ""SEG-POUPADOR""]",0
611357,2023-01-28,N,BR,M,44,2013-05-05,0.0,116,1.0,,1.0,A,S,N,,KAA,N,RJ,0.0,57970.45,02 - VAREJO,0,0,0,0,0,0,0,0,0,0,0,0,0,0,0,0,0,0,0,0,0,0.0,0.0,0,"[""SEG-POUPADOR"", ""SEG-CONTRIBUINTE-IR""]",0
639824,2022-05-28,N,BR,F,58,2013-09-06,0.0,106,1.0,,1.0,A,S,N,,KFC,N,RO,1.0,8222.18,02 - VAREJO,0,0,1,0,0,0,0,0,0,0,0,0,0,0,0,0,0,0,0,0,0,0.0,0.0,0,"[""SEG-SENIOR"", ""SEG-SEM-CARTAO"", ""SEG-INVESTIDOR-INICIANTE"", ""SEG-PERFIL-FAMILIAR""]",0
1125462,2023-05-28,N,BR,F,39,2020-03-25,0.0,38,1.0,,1.0,A,S,S,,KAT,N,RS,1.0,35572.27,02 - VAREJO,0,0,1,0,0,0,0,0,0,0,0,0,0,0,0,0,0,0,0,0,0,0.0,0.0,0,"[""SEG-CREDITO-ATIVO"", ""SEG-SEM-CARTAO"", ""SEG-INVESTIDOR-INICIANTE"", ""SEG-POUPADOR"", ""SEG-PERFIL-FAMILIAR""]",0
641837,2023-04-28,N,BR,M,33,2013-09-15,0.0,115,1.0,,1.0,I,S,N,,KFC,N,BA,1.0,24111.32,02 - VAREJO,0,0,1,0,0,0,0,0,0,0,0,0,0,0,0,0,0,0,0,0,0,0.0,0.0,0,"[""SEG-SEM-CARTAO"", ""SEG-INVESTIDOR-INICIANTE"", ""SEG-PERFIL-FAMILIAR""]",0
107731,2023-02-28,N,BR,F,50,2023-02-18,0.0,208,1.0,,2.0,A,S,N,,KFC,N,SP,0.0,68199.26,,0,0,0,0,0,0,0,0,0,0,0,0,0,0,0,0,0,0,0,0,0,0.0,0.0,0,"[""SEG-ALTA-RENDA"", ""SEG-POUPADOR"", ""SEG-CONTRIBUINTE-IR""]",0
243356,2023-04-28,N,BR,F,57,2008-05-02,0.0,180,1.0,,1.0,A,S,N,,KFC,S,RS,1.0,23587.55,02 - VAREJO,0,0,1,0,0,0,0,0,1,0,0,0,1,0,0,0,0,0,0,0,0,0.0,0.0,1,"[""SEG-SENIOR"", ""SEG-SEM-CARTAO"", ""SEG-INVESTIDOR-INICIANTE"", ""SEG-PERFIL-FAMILIAR"", ""SEG-VIAJANTE-EVENTO""]",1
223220,2022-04-28,N,BR,F,46,2008-02-17,0.0,173,1.0,,1.0,A,S,N,,KAT,N,SP,1.0,204836.82,02 - VAREJO,0,0,0,0,1,0,0,0,1,0,0,0,0,0,1,0,0,0,0,1,0,0.0,0.0,1,"[""SEG-ALTA-RENDA"", ""SEG-CREDITO-ATIVO"", ""SEG-SEM-CARTAO"", ""SEG-INVESTIDOR-INICIANTE"", ""SEG-POUPADOR"", ""SEG-CONTRIBUINTE-IR"", ""SEG-PERFIL-FAMILIAR"", ""SEG-PROPRIETARIO""]",0
1435498,2023-03-28,N,BR,M,62,2022-08-13,0.0,7,1.0,,1,I,S,N,,KHM,N,PA,0.0,47877.47,02 - VAREJO,0,0,1,0,0,0,0,0,0,0,0,0,0,0,0,0,0,0,0,0,0,0.0,0.0,0,"[""SEG-SENIOR"", ""SEG-POUPADOR"", ""SEG-VIAJANTE-EVENTO""]",1
598100,2023-01-28,N,BR,M,41,2013-02-19,0.0,119,1.0,,1,A,S,N,,KFC,N,SP,1.0,64604.52,01 - ALTA RENDA,0,0,1,0,0,0,0,0,0,0,0,0,1,0,0,0,0,0,0,0,0,0.0,0.0,1,"[""SEG-VIP"", ""SEG-ALTA-RENDA"", ""SEG-CREDITO-ATIVO"", ""SEG-SEM-CARTAO"", ""SEG-INVESTIDOR-INICIANTE"", ""SEG-POUPADOR"", ""SEG-CONTRIBUINTE-IR"", ""SEG-PERFIL-FAMILIAR""]",0
534509,2023-01-28,N,BR,M,47,2012-06-01,0.0,128,1.0,,1.0,I,S,N,,KAW,N,RJ,0.0,83792.32,02 - VAREJO,0,0,1,0,0,0,0,0,0,0,0,0,0,0,0,0,0,0,0,0,0,0.0,0.0,0,"[""SEG-ALTA-RENDA"", ""SEG-POUPADOR"", ""SEG-CONTRIBUINTE-IR""]",0
326356,2022-05-28,N,BR,M,41,2009-02-04,0.0,161,1.0,,1.0,A,S,N,,KFC,N,SP,1.0,111017.57,02 - VAREJO,0,0,0,0,1,0,0,0,1,0,0,0,0,0,0,0,0,0,1,0,0,0.0,0.0,1,"[""SEG-ALTA-RENDA"", ""SEG-CREDITO-ATIVO"", ""SEG-INVESTIDOR-INICIANTE"", ""SEG-POUPADOR"", ""SEG-CONTRIBUINTE-IR"", ""SEG-PERFIL-FAMILIAR""]",0
335549,2023-03-28,N,BR,M,46,2009-02-27,0.0,169,1.0,,1.0,A,S,N,,KAD,N,SP,1.0,83912.0,01 - ALTA RENDA,0,0,0,0,1,0,0,1,1,0,0,0,0,1,0,0,0,0,1,0,0,1.0,1.0,1,"[""SEG-VIP"", ""SEG-ALTA-RENDA"", ""SEG-CREDITO-ATIVO"", ""SEG-POUPADOR"", ""SEG-CONTRIBUINTE-IR"", ""SEG-INVESTIDOR-EXPERIENTE"", ""SEG-PERFIL-FAMILIAR""]",0
1297366,2023-01-28,N,BR,M,44,2021-08-18,0.0,22,1.0,,1,A,S,N,,RED,N,RJ,1.0,23647.47,02 - VAREJO,0,0,1,0,0,0,0,0,0,0,0,0,0,0,0,0,0,0,0,0,0,0.0,0.0,1,"[""SEG-SEM-CARTAO"", ""SEG-INVESTIDOR-INICIANTE"", ""SEG-PERFIL-FAMILIAR""]",0
43984,2022-01-28,N,BR,F,54,2003-07-26,0.0,228,1.0,,1.0,A,S,N,,KAT,N,SP,1.0,67950.01,02 - VAREJO,0,0,0,0,1,0,0,1,0,0,0,0,0,0,1,0,0,1,1,0,0,0.0,0.0,1,"[""SEG-ALTA-RENDA"", ""SEG-CREDITO-ATIVO"", ""SEG-INVESTIDOR-INICIANTE"", ""SEG-POUPADOR"", ""SEG-CONTRIBUINTE-IR"", ""SEG-PERFIL-FAMILIAR"", ""SEG-PROPRIETARIO""]",0
283195,2023-03-28,N,BR,F,49,2008-10-17,0.0,173,1.0,,1.0,A,S,N,,KAT,N,SP,1.0,129139.46,02 - VAREJO,0,0,1,0,0,0,0,1,0,0,0,0,0,0,1,0,0,1,0,0,0,0.0,0.0,1,"[""SEG-ALTA-RENDA"", ""SEG-CREDITO-ATIVO"", ""SEG-SEM-CARTAO"", ""SEG-INVESTIDOR-INICIANTE"", ""SEG-POUPADOR"", ""SEG-CONTRIBUINTE-IR"", ""SEG-PERFIL-FAMILIAR"", ""SEG-PROPRIETARIO""]",0
561309,2023-01-28,N,BR,F,47,2012-09-29,0.0,124,1.0,,1,A,S,S,,KFC,N,SC,1.0,38360.32,01 - ALTA RENDA,0,0,1,0,0,0,0,0,0,0,0,0,0,1,0,0,0,1,0,0,0,0.0,0.0,0,"[""SEG-VIP"", ""SEG-CREDITO-ATIVO"", ""SEG-SEM-CARTAO"", ""SEG-POUPADOR"", ""SEG-INVESTIDOR-EXPERIENTE"", ""SEG-PERFIL-FAMILIAR""]",0
1032517,2023-03-28,N,BR,M,22,2019-07-26,0.0,44,1.0,,1.0,I,S,N,,KHE,N,RJ,1.0,31435.92,03 - UNIVERSITARIO,0,0,1,0,0,0,0,0,0,0,0,0,0,0,0,0,0,0,0,0,0,0.0,0.0,0,"[""SEG-JOVEM"", ""SEG-SEM-CARTAO"", ""SEG-INVESTIDOR-INICIANTE""]",0
268096,2022-06-28,N,BR,F,47,2010-08-07,0.0,143,1.0,,1.0,A,S,N,,KAT,N,SP,1.0,29704.12,02 - VAREJO,0,0,0,0,1,0,0,0,1,0,0,0,0,0,1,0,0,1,0,0,0,1.0,1.0,1,"[""SEG-SEM-CARTAO"", ""SEG-INVESTIDOR-INICIANTE"", ""SEG-PERFIL-FAMILIAR"", ""SEG-PROPRIETARIO""]",0
640595,2022-02-28,N,BR,F,58,2013-09-10,0.0,106,1.0,,1.0,A,S,N,,KFC,N,MA,1.0,10321.05,02 - VAREJO,0,0,1,0,0,0,0,0,0,0,0,0,0,0,0,0,0,0,0,0,0,0.0,0.0,0,"[""SEG-SENIOR"", ""SEG-SEM-CARTAO"", ""SEG-INVESTIDOR-INICIANTE"", ""SEG-PERFIL-FAMILIAR""]",0
1456337,2022-12-28,N,BR,M,45,2022-09-21,1.0,3,1.0,,1.0,A,S,N,,KHM,N,SP,1.0,68997.64,02 - VAREJO,0,0,0,0,1,0,0,0,0,0,0,0,0,0,0,0,0,0,0,0,0,1.0,1.0,1,"[""SEG-ALTA-RENDA"", ""SEG-SEM-CARTAO"", ""SEG-INVESTIDOR-INICIANTE"", ""SEG-POUPADOR"", ""SEG-CONTRIBUINTE-IR"", ""SEG-PERFIL-FAMILIAR""]",0
427728,2022-06-28,N,BR,M,47,2010-07-16,0.0,123,1.0,,1.0,A,S,N,,KAT,N,SP,1.0,129124.85,02 - VAREJO,0,0,1,0,0,0,0,1,0,0,0,0,0,0,0,0,0,0,0,0,0,0.0,0.0,0,"[""SEG-ALTA-RENDA"", ""SEG-CREDITO-ATIVO"", ""SEG-SEM-CARTAO"", ""SEG-INVESTIDOR-INICIANTE"", ""SEG-POUPADOR"", ""SEG-CONTRIBUINTE-IR"", ""SEG-PERFIL-FAMILIAR""]",0
1381676,2022-06-28,N,BR,F,41,2022-02-10,1.0,5,1.0,,1.0,A,S,N,,KHK,N,MG,1.0,9789.85,02 - VAREJO,0,0,1,0,0,0,0,0,0,0,0,0,0,0,0,0,0,0,0,0,0,0.0,0.0,0,"[""SEG-SEM-CARTAO"", ""SEG-INVESTIDOR-INICIANTE"", ""SEG-PERFIL-FAMILIAR""]",0
604985,2023-05-28,N,BR,M,41,2013-03-28,0.0,122,1.0,,1.0,A,S,N,,KAT,N,AL,1.0,29435.23,01 - ALTA RENDA,0,0,1,0,1,0,0,0,1,0,0,1,1,0,0,0,0,0,0,0,0,1.0,1.0,1,"[""SEG-VIP"", ""SEG-SEM-CARTAO"", ""SEG-INVESTIDOR-INICIANTE"", ""SEG-PERFIL-FAMILIAR""]",0
412544,2022-10-28,N,BR,F,51,2010-03-26,0.0,151,1.0,,1.0,A,S,N,,KAA,N,RJ,1.0,49302.89,02 - VAREJO,0,0,1,0,0,0,0,0,0,0,0,0,0,0,1,0,0,0,0,0,0,0.0,0.0,1,"[""SEG-CREDITO-ATIVO"", ""SEG-SEM-CARTAO"", ""SEG-INVESTIDOR-INICIANTE"", ""SEG-POUPADOR"", ""SEG-CONTRIBUINTE-IR"", ""SEG-PERFIL-FAMILIAR"", ""SEG-PROPRIETARIO""]",0
628969,2022-08-28,N,BR,F,52,2013-07-23,0.0,109,1.0,,1.0,A,S,N,,KAT,N,SP,1.0,115338.59,02 - VAREJO,0,0,1,0,0,0,0,1,0,0,0,0,0,0,0,0,0,0,0,0,0,0.0,0.0,0,"[""SEG-ALTA-RENDA"", ""SEG-CREDITO-ATIVO"", ""SEG-SEM-CARTAO"", ""SEG-INVESTIDOR-INICIANTE"", ""SEG-POUPADOR"", ""SEG-CONTRIBUINTE-IR"", ""SEG-PERFIL-FAMILIAR""]",0
1155845,2022-12-28,N,BR,M,28,2020-08-03,0.0,28,1.0,,1.0,I,S,N,,KHE,N,SP,0.0,135369.67,03 - UNIVERSITARIO,0,0,0,0,0,0,0,0,0,0,0,0,0,0,0,0,0,0,0,0,0,0.0,0.0,0,"[""SEG-JOVEM"", ""SEG-ALTA-RENDA"", ""SEG-POUPADOR""]",0
1426663,2022-10-28,N,BR,F,26,2022-08-03,1.0,2,1.0,,1.0,A,S,N,,KHM,N,MG,1.0,36674.87,03 - UNIVERSITARIO,0,0,1,0,0,0,0,0,0,0,0,0,0,0,0,0,0,0,0,0,0,0.0,0.0,0,"[""SEG-JOVEM"", ""SEG-INVESTIDOR-INICIANTE"", ""SEG-POUPADOR"", ""SEG-PERFIL-FAMILIAR""]",0
900404,2023-04-28,N,BR,F,41,2018-01-07,0.0,63,1.0,,1.0,A,S,N,,KAZ,N,AL,1.0,17855.24,02 - VAREJO,0,0,1,0,0,0,1,0,0,0,0,0,0,0,0,0,0,0,0,0,0,0.0,0.0,0,"[""SEG-SEM-CARTAO"", ""SEG-INVESTIDOR-INICIANTE"", ""SEG-PERFIL-FAMILIAR"", ""SEG-VIAJANTE-EVENTO""]",1
815074,2022-07-28,N,BR,M,45,2015-11-08,0.0,80,1.0,,1,I,S,N,,KFC,N,SP,1.0,187705.58,02 - VAREJO,0,0,0,0,0,0,0,0,1,0,0,0,0,0,0,0,0,0,0,0,0,0.0,0.0,0,"[""SEG-ALTA-RENDA"", ""SEG-CREDITO-ATIVO"", ""SEG-SEM-CARTAO"", ""SEG-INVESTIDOR-INICIANTE"", ""SEG-POUPADOR"", ""SEG-CONTRIBUINTE-IR"", ""SEG-PERFIL-FAMILIAR""]",0
1115719,2022-10-28,N,BR,M,21,2020-01-03,0.0,33,1.0,,1,I,S,N,,KHE,N,SC,0.0,113244.39,03 - UNIVERSITARIO,0,0,1,0,0,0,0,0,0,0,0,0,0,0,0,0,0,0,0,0,0,0.0,0.0,0,"[""SEG-JOVEM"", ""SEG-POUPADOR"", ""SEG-VIAJANTE-EVENTO""]",1
1140770,2022-08-28,N,BR,M,48,2020-07-11,0.0,25,1.0,,1.0,A,S,N,,KFC,N,SP,1.0,29264.69,02 - VAREJO,0,0,1,0,0,0,0,0,0,0,0,0,0,0,0,0,0,0,0,0,0,0.0,0.0,0,"[""SEG-SEM-CARTAO"", ""SEG-INVESTIDOR-INICIANTE"", ""SEG-PERFIL-FAMILIAR""]",0
316279,2023-02-28,N,BR,F,49,2009-01-15,0.0,142,1.0,,1.0,A,S,N,,KFC,N,RJ,1.0,129559.94,01 - ALTA RENDA,0,0,1,0,0,0,0,1,0,0,0,1,0,1,0,1,0,0,0,0,0,0.0,0.0,0,"[""SEG-VIP"", ""SEG-ALTA-RENDA"", ""SEG-CREDITO-ATIVO"", ""SEG-SEM-CARTAO"", ""SEG-POUPADOR"", ""SEG-INVESTIDOR-EXPERIENTE"", ""SEG-PERFIL-FAMILIAR""]",0
465865,2022-08-28,N,BR,F,58,2011-03-27,0.0,137,1.0,,1.0,A,S,N,,KFC,N,SP,1.0,93628.73,02 - VAREJO,0,0,1,0,0,0,0,0,0,0,0,0,0,1,0,0,0,0,0,0,0,0.0,0.0,0,"[""SEG-SENIOR"", ""SEG-CREDITO-ATIVO"", ""SEG-SEM-CARTAO"", ""SEG-POUPADOR"", ""SEG-CONTRIBUINTE-IR"", ""SEG-INVESTIDOR-EXPERIENTE"", ""SEG-PERFIL-FAMILIAR""]",0
345110,2022-01-28,N,BR,M,51,2010-10-17,0.0,192,1.0,,1.0,A,S,N,,KFC,N,SP,1.0,30028.8,02 - VAREJO,0,0,0,0,0,0,0,0,0,0,0,0,0,0,1,0,0,0,0,0,0,0.0,0.0,0,"[""SEG-SEM-CARTAO"", ""SEG-INVESTIDOR-INICIANTE"", ""SEG-PERFIL-FAMILIAR"", ""SEG-PROPRIETARIO""]",0
1097578,2023-05-28,N,BR,F,30,2019-11-08,0.0,42,1.0,,1.0,A,S,N,,KHE,N,PE,1.0,57124.74,03 - UNIVERSITARIO,0,0,1,0,0,0,0,0,0,0,0,0,0,0,0,0,0,0,0,0,0,0.0,0.0,0,"[""SEG-CREDITO-ATIVO"", ""SEG-SEM-CARTAO"", ""SEG-INVESTIDOR-INICIANTE"", ""SEG-POUPADOR"", ""SEG-CONTRIBUINTE-IR"", ""SEG-PERFIL-FAMILIAR""]",0
955261,2023-01-28,N,BR,F,27,2018-10-05,0.0,51,1.0,,1.0,A,S,N,,KHE,N,RJ,1.0,45604.35,03 - UNIVERSITARIO,0,0,1,0,0,0,0,0,0,0,0,0,0,0,0,0,0,0,0,0,0,0.0,0.0,0,"[""SEG-JOVEM"", ""SEG-CREDITO-ATIVO"", ""SEG-SEM-CARTAO"", ""SEG-INVESTIDOR-INICIANTE"", ""SEG-POUPADOR"", ""SEG-PERFIL-FAMILIAR""]",0
220148,2022-05-28,N,BR,F,46,2008-02-03,0.0,173,1.0,,1.0,A,S,N,,KAS,N,PR,1.0,24845.36,02 - VAREJO,0,0,0,0,1,0,0,1,0,0,0,0,0,0,0,0,0,0,0,0,0,1.0,1.0,0,"[""SEG-SEM-CARTAO"", ""SEG-INVESTIDOR-INICIANTE"", ""SEG-PERFIL-FAMILIAR""]",0
51161,2022-06-28,N,BR,F,52,2003-12-18,0.0,223,1.0,,1.0,A,S,N,,KAT,N,SP,1.0,195055.13,02 - VAREJO,0,0,0,0,1,0,0,0,1,0,0,0,0,0,1,0,0,0,1,0,0,1.0,1.0,1,"[""SEG-ALTA-RENDA"", ""SEG-CREDITO-ATIVO"", ""SEG-INVESTIDOR-INICIANTE"", ""SEG-POUPADOR"", ""SEG-CONTRIBUINTE-IR"", ""SEG-PERFIL-FAMILIAR"", ""SEG-PROPRIETARIO""]",0
1300224,2023-05-28,N,BR,F,20,2021-09-01,0.0,20,1.0,,1,A,S,N,,KFC,N,SP,1.0,312737.14,03 - UNIVERSITARIO,0,0,1,0,0,0,0,0,0,0,0,0,0,0,0,0,0,0,0,0,0,0.0,0.0,0,"[""SEG-JOVEM"", ""SEG-CREDITO-ATIVO"", ""SEG-SEM-CARTAO"", ""SEG-INVESTIDOR-INICIANTE"", ""SEG-POUPADOR""]",0
644113,2023-02-28,N,BR,M,39,2013-09-27,0.0,113,1.0,,1.0,A,S,N,,KFC,N,PR,1.0,37651.77,02 - VAREJO,0,0,1,0,0,0,0,0,0,0,0,0,0,0,0,0,0,0,0,0,0,0.0,0.0,0,"[""SEG-CREDITO-ATIVO"", ""SEG-SEM-CARTAO"", ""SEG-INVESTIDOR-INICIANTE"", ""SEG-POUPADOR"", ""SEG-PERFIL-FAMILIAR""]",0
417316,2023-04-28,N,BR,F,45,2010-05-02,0.0,50,1.0,,1.0,A,S,S,,KFC,N,SP,1.0,108571.47,01 - ALTA RENDA,0,0,0,0,1,0,0,0,0,0,0,0,1,0,0,0,0,0,0,1,0,1.0,1.0,1,"[""SEG-VIP"", ""SEG-ALTA-RENDA"", ""SEG-CREDITO-ATIVO"", ""SEG-SEM-CARTAO"", ""SEG-INVESTIDOR-INICIANTE"", ""SEG-POUPADOR"", ""SEG-CONTRIBUINTE-IR"", ""SEG-PERFIL-FAMILIAR""]",0
1364419,2022-08-28,N,BR,F,37,2021-12-03,0.0,9,1.0,,1.0,A,S,N,,KHK,N,SP,1.0,67775.47,02 - VAREJO,0,0,1,0,0,0,0,0,0,0,0,0,0,0,0,0,0,0,0,0,0,0.0,0.0,0,"[""SEG-ALTA-RENDA"", ""SEG-CREDITO-ATIVO"", ""SEG-SEM-CARTAO"", ""SEG-INVESTIDOR-INICIANTE"", ""SEG-POUPADOR"", ""SEG-CONTRIBUINTE-IR"", ""SEG-PERFIL-FAMILIAR"", ""SEG-VIAJANTE-EVENTO""]",1
1090124,2022-05-28,N,BR,M,24,2019-10-29,0.0,33,1.0,,1.0,I,S,N,,KHE,N,BA,1.0,32822.83,03 - UNIVERSITARIO,0,0,1,0,0,0,0,0,0,0,0,0,0,0,0,0,0,0,0,0,0,0.0,0.0,0,"[""SEG-JOVEM"", ""SEG-SEM-CARTAO"", ""SEG-INVESTIDOR-INICIANTE""]",0
78969,2022-10-28,N,BR,F,49,2004-12-10,0.0,214,1.0,,1.0,A,S,N,,KFC,N,AP,1.0,42196.49,02 - VAREJO,0,0,1,0,0,0,0,0,0,0,0,0,0,1,0,0,0,0,1,0,0,0.0,0.0,1,"[""SEG-CREDITO-ATIVO"", ""SEG-POUPADOR"", ""SEG-INVESTIDOR-EXPERIENTE"", ""SEG-PERFIL-FAMILIAR""]",0
361985,2023-05-28,N,BR,F,89,2009-06-03,0.0,168,1.0,,1.0,A,S,N,,KAY,N,PR,1.0,21342.3,01 - ALTA RENDA,0,0,1,0,0,0,0,1,0,0,0,0,0,1,0,0,0,0,0,0,0,0.0,0.0,0,"[""SEG-VIP"", ""SEG-SENIOR"", ""SEG-SEM-CARTAO"", ""SEG-INVESTIDOR-EXPERIENTE""]",0
144421,2023-04-28,N,BR,M,57,2006-10-05,0.0,198,1.0,,1,A,S,N,,KAT,N,SP,1.0,92350.58,02 - VAREJO,0,0,0,0,1,0,0,0,0,0,0,0,0,0,0,0,0,1,1,0,0,1.0,1.0,1,"[""SEG-SENIOR"", ""SEG-CREDITO-ATIVO"", ""SEG-INVESTIDOR-INICIANTE"", ""SEG-POUPADOR"", ""SEG-CONTRIBUINTE-IR"", ""SEG-PERFIL-FAMILIAR""]",0
17417,2022-04-28,N,BR,F,57,2006-01-15,0.0,198,1.0,,1.0,A,S,N,,KAT,N,SP,1.0,139422.44,01 - ALTA RENDA,0,0,1,0,0,0,0,1,0,0,0,0,1,0,0,0,0,0,0,0,0,0.0,0.0,0,"[""SEG-VIP"", ""SEG-SENIOR"", ""SEG-CREDITO-ATIVO"", ""SEG-SEM-CARTAO"", ""SEG-INVESTIDOR-INICIANTE"", ""SEG-POUPADOR"", ""SEG-CONTRIBUINTE-IR"", ""SEG-PERFIL-FAMILIAR""]",0
428845,2023-01-28,N,BR,M,42,2010-07-23,0.0,150,1.0,,1.0,A,S,N,,KFC,N,PA,1.0,14299.73,02 - VAREJO,0,0,1,0,0,0,0,1,0,0,0,0,0,0,0,0,0,0,0,0,0,0.0,0.0,0,"[""SEG-SEM-CARTAO"", ""SEG-INVESTIDOR-INICIANTE"", ""SEG-PERFIL-FAMILIAR""]",0
1408221,2022-11-28,N,BR,F,19,2022-07-20,1.0,4,1.0,,1.0,I,S,N,,KHQ,N,BA,0.0,20143.36,03 - UNIVERSITARIO,0,0,1,0,0,0,0,0,0,0,0,0,0,0,0,0,0,0,0,0,0,0.0,0.0,0,"[""SEG-JOVEM""]",0
335024,2023-05-28,N,BR,F,47,2006-06-21,0.0,203,1.0,,1.0,A,S,N,,KAT,N,SP,1.0,89466.56,02 - VAREJO,0,0,1,0,0,0,0,1,1,0,0,0,0,0,0,0,0,0,0,0,0,0.0,0.0,0,"[""SEG-ALTA-RENDA"", ""SEG-CREDITO-ATIVO"", ""SEG-SEM-CARTAO"", ""SEG-INVESTIDOR-INICIANTE"", ""SEG-POUPADOR"", ""SEG-CONTRIBUINTE-IR"", ""SEG-PERFIL-FAMILIAR""]",0
416277,2022-11-28,N,BR,F,64,2010-04-23,0.0,151,1.0,,1.0,I,S,N,,KFC,N,AL,0.0,75492.3,02 - VAREJO,0,0,0,0,0,0,0,1,0,0,0,0,0,0,0,0,0,0,0,0,0,0.0,0.0,0,"[""SEG-SENIOR"", ""SEG-POUPADOR""]",0
196553,2023-04-28,N,BR,F,74,2007-10-04,0.0,186,1.0,,1.0,A,S,N,,KFA,N,SP,1.0,92156.11,01 - ALTA RENDA,0,0,1,0,0,0,0,1,0,0,0,1,1,0,0,0,0,0,0,0,0,0.0,0.0,0,"[""SEG-VIP"", ""SEG-SENIOR"", ""SEG-CREDITO-ATIVO"", ""SEG-SEM-CARTAO"", ""SEG-INVESTIDOR-INICIANTE"", ""SEG-POUPADOR""]",0
92773,2023-03-28,N,BR,F,52,2005-04-27,0.0,215,1.0,,1.0,A,S,N,,KAT,N,SP,1.0,8328.2,02 - VAREJO,0,0,1,0,0,0,0,0,0,0,0,0,0,0,0,0,0,0,0,0,0,0.0,0.0,0,"[""SEG-SEM-CARTAO"", ""SEG-INVESTIDOR-INICIANTE"", ""SEG-PERFIL-FAMILIAR""]",0
86755,2023-01-28,N,BR,F,47,2005-02-23,0.0,215,1.0,,1.0,A,S,N,,KFC,N,RN,1.0,84034.55,02 - VAREJO,0,0,1,0,0,0,0,0,0,0,0,0,0,0,1,0,0,0,0,0,0,0.0,0.0,0,"[""SEG-ALTA-RENDA"", ""SEG-CREDITO-ATIVO"", ""SEG-SEM-CARTAO"", ""SEG-INVESTIDOR-INICIANTE"", ""SEG-POUPADOR"", ""SEG-CONTRIBUINTE-IR"", ""SEG-PERFIL-FAMILIAR"", ""SEG-PROPRIETARIO""]",0
188865,2022-05-28,N,BR,M,46,2007-08-22,0.0,179,1.0,,1.0,A,S,N,,KFC,N,RJ,1.0,110516.9,02 - VAREJO,0,0,0,0,1,0,0,0,0,0,0,0,0,0,0,1,0,0,0,0,0,0.0,0.0,0,"[""SEG-ALTA-RENDA"", ""SEG-CREDITO-ATIVO"", ""SEG-SEM-CARTAO"", ""SEG-INVESTIDOR-INICIANTE"", ""SEG-POUPADOR"", ""SEG-PERFIL-FAMILIAR""]",0
207848,2022-11-28,N,BR,M,75,2007-12-04,0.0,179,1.0,,1.0,A,S,N,,KAY,N,SP,1.0,134724.3,02 - VAREJO,0,0,0,0,0,0,0,0,0,0,0,0,0,1,0,0,0,1,0,0,0,0.0,0.0,0,"[""SEG-SENIOR"", ""SEG-CREDITO-ATIVO"", ""SEG-SEM-CARTAO"", ""SEG-POUPADOR"", ""SEG-INVESTIDOR-EXPERIENTE""]",0
797255,2023-04-28,N,BR,F,47,2015-09-26,0.0,91,1.0,,1,A,S,N,,KAT,N,RO,1.0,29141.91,02 - VAREJO,0,0,1,0,0,0,0,0,0,0,0,0,0,1,0,0,0,0,0,0,0,0.0,0.0,0,"[""SEG-SEM-CARTAO"", ""SEG-INVESTIDOR-EXPERIENTE"", ""SEG-PERFIL-FAMILIAR""]",0
540314,2023-05-28,N,BR,F,39,2012-07-28,0.0,130,1.0,,1.0,A,S,N,,KFA,N,SP,1.0,40428.91,01 - ALTA RENDA,0,0,0,0,1,0,0,0,1,0,0,0,0,0,0,0,0,1,1,0,0,0.0,0.0,1,"[""SEG-VIP"", ""SEG-CREDITO-ATIVO"", ""SEG-INVESTIDOR-INICIANTE"", ""SEG-POUPADOR"", ""SEG-PERFIL-FAMILIAR""]",0
646546,2023-04-28,N,BR,F,44,2013-10-07,0.0,75,1.0,,1.0,I,S,N,,KAZ,N,SP,0.0,62333.11,02 - VAREJO,0,0,0,0,0,0,0,0,1,0,0,0,0,0,0,0,0,0,0,0,0,0.0,0.0,0,"[""SEG-ALTA-RENDA"", ""SEG-POUPADOR"", ""SEG-CONTRIBUINTE-IR""]",0
1014572,2023-04-28,N,BR,F,60,2019-05-04,0.0,47,1.0,,1.0,A,S,N,,KFC,N,RJ,1.0,8689.35,01 - ALTA RENDA,0,0,0,0,1,0,0,0,0,0,0,0,1,0,0,0,0,0,0,0,0,0.0,1.0,1,"[""SEG-VIP"", ""SEG-SENIOR"", ""SEG-SEM-CARTAO"", ""SEG-INVESTIDOR-INICIANTE"", ""SEG-PERFIL-FAMILIAR""]",0
516314,2022-06-28,N,BR,F,65,2012-02-07,0.0,125,1.0,,1.0,A,S,S,,KFC,N,SP,1.0,173988.74,01 - ALTA RENDA,0,0,1,0,0,0,0,1,0,0,0,0,0,1,0,0,0,0,0,0,0,0.0,0.0,0,"[""SEG-VIP"", ""SEG-SENIOR"", ""SEG-CREDITO-ATIVO"", ""SEG-SEM-CARTAO"", ""SEG-POUPADOR"", ""SEG-INVESTIDOR-EXPERIENTE""]",0
1412646,2023-04-28,N,BR,F,20,2022-07-23,0.0,9,1.0,,1,A,S,N,,KHQ,N,SP,1.0,133497.85,03 - UNIVERSITARIO,0,0,1,0,0,0,0,0,0,0,0,0,0,0,0,0,0,0,0,0,0,0.0,0.0,0,"[""SEG-JOVEM"", ""SEG-CREDITO-ATIVO"", ""SEG-SEM-CARTAO"", ""SEG-INVESTIDOR-INICIANTE"", ""SEG-POUPADOR""]",0
963458,2023-03-28,N,BR,M,24,2018-10-17,0.0,53,1.0,,1.0,I,S,N,,KHE,N,AC,0.0,43096.2,03 - UNIVERSITARIO,0,0,1,0,0,0,0,0,0,0,0,0,0,0,0,0,0,0,0,0,0,0.0,0.0,0,"[""SEG-JOVEM"", ""SEG-POUPADOR""]",0
889032,2022-11-28,N,BR,F,43,2017-08-18,0.0,63,1.0,,1.0,I,S,N,,KFC,N,SP,1.0,38888.21,02 - VAREJO,0,0,1,0,0,0,0,0,0,0,0,0,0,0,0,0,0,0,0,0,0,0.0,0.0,0,"[""SEG-CREDITO-ATIVO"", ""SEG-SEM-CARTAO"", ""SEG-INVESTIDOR-INICIANTE"", ""SEG-POUPADOR"", ""SEG-PERFIL-FAMILIAR""]",0
1021914,2023-01-28,N,BR,F,43,2019-07-03,0.0,42,1.0,,1,A,S,N,,KFC,N,SP,1.0,76683.64,02 - VAREJO,0,0,0,0,0,0,0,0,0,0,0,1,0,1,0,0,0,0,0,0,0,0.0,0.0,0,"[""SEG-ALTA-RENDA"", ""SEG-CREDITO-ATIVO"", ""SEG-SEM-CARTAO"", ""SEG-POUPADOR"", ""SEG-CONTRIBUINTE-IR"", ""SEG-INVESTIDOR-EXPERIENTE"", ""SEG-PERFIL-FAMILIAR""]",0
859021,2023-03-28,N,BR,F,48,2016-12-07,0.0,75,1.0,,1.0,A,S,N,,KAE,N,PA,1.0,11260.27,02 - VAREJO,0,0,1,0,0,0,0,0,0,0,0,0,0,0,0,0,0,0,0,0,0,0.0,0.0,0,"[""SEG-SEM-CARTAO"", ""SEG-INVESTIDOR-INICIANTE"", ""SEG-PERFIL-FAMILIAR"", ""SEG-VIAJANTE-EVENTO""]",1
1352567,2022-12-28,N,BR,F,26,2021-11-11,0.0,13,1.0,,1.0,A,S,N,,KHE,N,GO,1.0,35733.63,03 - UNIVERSITARIO,0,0,0,0,1,0,0,0,0,0,0,0,0,0,0,0,0,0,0,0,0,0.0,0.0,0,"[""SEG-JOVEM"", ""SEG-CREDITO-ATIVO"", ""SEG-SEM-CARTAO"", ""SEG-INVESTIDOR-INICIANTE"", ""SEG-POUPADOR"", ""SEG-PERFIL-FAMILIAR""]",0
1391787,2022-10-28,N,BR,M,44,2022-08-24,1.0,2,1.0,,1,A,S,N,,KAT,N,MG,1.0,10443.1,01 - ALTA RENDA,0,0,1,0,0,0,1,0,0,0,0,0,0,0,0,0,0,0,0,0,0,0.0,0.0,0,"[""SEG-VIP"", ""SEG-INVESTIDOR-INICIANTE"", ""SEG-PERFIL-FAMILIAR""]",0
1031904,2022-12-28,N,BR,M,21,2019-07-26,0.0,41,1.0,,1.0,A,S,N,,KHE,N,SC,1.0,12372.82,03 - UNIVERSITARIO,0,0,1,0,0,0,0,0,0,0,0,0,0,0,0,0,0,0,0,0,0,0.0,0.0,0,"[""SEG-JOVEM"", ""SEG-SEM-CARTAO"", ""SEG-INVESTIDOR-INICIANTE"", ""SEG-VIAJANTE-EVENTO""]",1
1074867,2023-04-28,N,BR,M,25,2019-10-04,0.0,42,1.0,,1.0,A,S,N,,KHE,N,AM,1.0,16040.32,03 - UNIVERSITARIO,0,0,1,0,0,0,0,0,0,0,0,0,0,0,0,0,0,0,0,0,0,0.0,0.0,0,"[""SEG-JOVEM"", ""SEG-SEM-CARTAO"", ""SEG-INVESTIDOR-INICIANTE"", ""SEG-PERFIL-FAMILIAR""]",0
143598,2023-05-28,N,BR,F,53,2006-09-27,0.0,200,1.0,,1,I,S,S,,KAT,N,SP,0.0,51404.31,02 - VAREJO,0,0,0,0,0,0,0,0,0,0,0,0,0,0,0,0,0,0,0,0,0,0.0,0.0,0,"[""SEG-POUPADOR"", ""SEG-CONTRIBUINTE-IR""]",0
184427,2022-12-28,N,BR,M,39,2007-07-24,0.0,178,1.0,,1.0,A,S,N,,KAT,N,SP,1.0,63840.29,02 - VAREJO,0,0,0,0,1,0,0,1,1,0,0,0,1,0,1,0,0,1,1,0,0,1.0,1.0,1,"[""SEG-ALTA-RENDA"", ""SEG-CREDITO-ATIVO"", ""SEG-INVESTIDOR-INICIANTE"", ""SEG-POUPADOR"", ""SEG-CONTRIBUINTE-IR"", ""SEG-PERFIL-FAMILIAR"", ""SEG-PROPRIETARIO""]",0
938404,2022-11-28,N,BR,F,22,2018-09-05,0.0,50,1.0,,1.0,I,S,N,,KHE,N,RJ,0.0,96204.63,03 - UNIVERSITARIO,0,0,1,0,0,0,0,0,0,0,0,0,0,0,0,0,0,0,0,0,0,0.0,0.0,0,"[""SEG-JOVEM"", ""SEG-POUPADOR""]",0
778875,2022-08-28,N,BR,F,65,2015-07-12,0.0,85,1.0,,1,A,S,N,,KFC,N,RO,1.0,45470.6,02 - VAREJO,0,0,1,0,0,0,0,0,0,0,0,0,0,1,0,0,0,0,0,0,0,0.0,0.0,0,"[""SEG-SENIOR"", ""SEG-CREDITO-ATIVO"", ""SEG-SEM-CARTAO"", ""SEG-POUPADOR"", ""SEG-INVESTIDOR-EXPERIENTE""]",0
387290,2023-01-28,N,BR,F,57,2009-10-23,0.0,159,1.0,,1,I,S,N,,KAB,N,RJ,0.0,98618.31,02 - VAREJO,0,0,1,0,0,0,0,1,0,0,0,0,0,0,0,0,0,0,0,0,0,0.0,0.0,0,"[""SEG-SENIOR"", ""SEG-POUPADOR"", ""SEG-CONTRIBUINTE-IR""]",0
1138353,2022-06-28,N,BR,F,86,2020-06-25,0.0,25,1.0,,1.0,A,S,N,,KFC,N,SP,1.0,30315.56,02 - VAREJO,0,0,1,0,0,0,0,0,0,0,0,1,0,1,0,0,0,0,0,0,0,0.0,0.0,0,"[""SEG-SENIOR"", ""SEG-SEM-CARTAO"", ""SEG-INVESTIDOR-EXPERIENTE""]",0
894670,2023-03-28,N,BR,F,60,2017-10-19,0.0,65,1.0,,1.0,A,S,N,,KAT,N,ES,0.0,37455.19,02 - VAREJO,0,0,0,0,0,0,0,0,0,0,0,0,0,0,0,0,0,0,0,0,0,0.0,0.0,0,"[""SEG-SENIOR"", ""SEG-POUPADOR""]",0
1135041,2022-09-28,N,BR,M,71,2020-05-24,0.0,28,1.0,,1,A,S,S,,KFA,N,SP,1.0,99397.56,01 - ALTA RENDA,0,0,1,0,0,0,0,0,0,0,0,1,0,0,0,0,0,0,0,0,0,0.0,0.0,0,"[""SEG-VIP"", ""SEG-SENIOR"", ""SEG-CREDITO-ATIVO"", ""SEG-SEM-CARTAO"", ""SEG-INVESTIDOR-INICIANTE"", ""SEG-POUPADOR""]",0
1380330,2023-05-28,N,BR,M,27,2022-02-04,0.0,15,1.0,,1.0,A,S,N,,KHK,N,SP,1.0,77376.63,02 - VAREJO,0,0,1,0,0,0,0,0,0,0,0,0,0,0,0,0,0,0,0,0,0,0.0,0.0,0,"[""SEG-JOVEM"", ""SEG-ALTA-RENDA"", ""SEG-CREDITO-ATIVO"", ""SEG-SEM-CARTAO"", ""SEG-INVESTIDOR-INICIANTE"", ""SEG-POUPADOR"", ""SEG-PERFIL-FAMILIAR""]",0
52626,2022-09-28,N,BR,M,44,2004-01-04,0.0,224,1.0,,1.0,A,S,N,,KAT,N,BA,1.0,148485.23,02 - VAREJO,0,0,1,0,0,0,0,1,0,0,0,0,0,1,0,0,0,0,1,0,0,0.0,0.0,1,"[""SEG-ALTA-RENDA"", ""SEG-CREDITO-ATIVO"", ""SEG-POUPADOR"", ""SEG-CONTRIBUINTE-IR"", ""SEG-INVESTIDOR-EXPERIENTE"", ""SEG-PERFIL-FAMILIAR""]",0
721287,2023-05-28,N,BR,F,56,2014-09-26,0.0,104,1.0,,1,A,S,N,,KAT,N,PA,1.0,27144.99,02 - VAREJO,0,0,1,0,0,0,0,0,0,0,0,0,0,0,0,0,0,0,0,0,0,0.0,0.0,0,"[""SEG-SENIOR"", ""SEG-SEM-CARTAO"", ""SEG-INVESTIDOR-INICIANTE"", ""SEG-PERFIL-FAMILIAR""]",0
1464044,2023-05-28,N,BR,M,23,2022-09-29,0.0,8,1.0,,1.0,I,S,N,,KHQ,N,PE,0.0,30221.54,03 - UNIVERSITARIO,0,0,1,0,0,0,0,0,0,0,0,0,0,0,0,0,0,0,0,0,0,0.0,0.0,0,"[""SEG-JOVEM""]",0
363563,2022-08-28,N,BR,F,42,2009-06-17,0.0,158,1.0,,1.0,A,S,N,,KAT,N,SP,1.0,82466.95,02 - VAREJO,0,0,1,0,0,0,0,0,0,0,0,0,0,0,0,0,0,0,0,0,0,0.0,0.0,0,"[""SEG-ALTA-RENDA"", ""SEG-CREDITO-ATIVO"", ""SEG-SEM-CARTAO"", ""SEG-INVESTIDOR-INICIANTE"", ""SEG-POUPADOR"", ""SEG-CONTRIBUINTE-IR"", ""SEG-PERFIL-FAMILIAR""]",0
869208,2023-03-28,N,BR,M,38,2017-03-22,0.0,72,1.0,,1,A,S,N,,KFC,N,RJ,1.0,14866.0,02 - VAREJO,0,0,0,0,1,0,0,0,0,0,0,0,0,0,0,0,0,0,0,0,0,0.0,0.0,1,"[""SEG-SEM-CARTAO"", ""SEG-INVESTIDOR-INICIANTE"", ""SEG-PERFIL-FAMILIAR""]",0
41433,2022-10-28,N,BR,M,51,2003-06-18,0.0,232,1.0,,1.0,A,S,N,,KAT,N,SP,1.0,102902.2,02 - VAREJO,0,0,1,0,0,0,0,0,0,0,0,0,0,0,0,0,0,1,0,0,0,0.0,0.0,1,"[""SEG-ALTA-RENDA"", ""SEG-CREDITO-ATIVO"", ""SEG-SEM-CARTAO"", ""SEG-INVESTIDOR-INICIANTE"", ""SEG-POUPADOR"", ""SEG-CONTRIBUINTE-IR"", ""SEG-PERFIL-FAMILIAR""]",0
1123623,2023-01-28,N,BR,M,40,2020-03-05,0.0,34,1.0,,1,A,S,N,,KAT,N,SP,1.0,192080.37,02 - VAREJO,0,0,1,0,0,0,0,0,0,0,0,0,0,0,0,0,0,0,0,0,0,0.0,0.0,0,"[""SEG-ALTA-RENDA"", ""SEG-CREDITO-ATIVO"", ""SEG-SEM-CARTAO"", ""SEG-INVESTIDOR-INICIANTE"", ""SEG-POUPADOR"", ""SEG-CONTRIBUINTE-IR"", ""SEG-PERFIL-FAMILIAR""]",0
635086,2023-04-28,N,BR,F,49,2013-08-18,0.0,116,1.0,,1,I,S,N,,KAT,N,SP,1.0,46805.0,02 - VAREJO,0,0,1,0,0,0,0,0,0,0,0,0,0,0,0,0,0,0,0,0,0,0.0,0.0,0,"[""SEG-CREDITO-ATIVO"", ""SEG-SEM-CARTAO"", ""SEG-INVESTIDOR-INICIANTE"", ""SEG-POUPADOR"", ""SEG-CONTRIBUINTE-IR"", ""SEG-PERFIL-FAMILIAR""]",0
1001147,2022-06-28,N,BR,F,51,2019-01-10,0.0,42,1.0,,1.0,A,S,N,,KAT,N,BA,1.0,41780.34,02 - VAREJO,0,0,0,0,1,0,0,0,0,0,0,1,1,0,0,0,0,0,1,0,0,1.0,1.0,1,"[""SEG-CREDITO-ATIVO"", ""SEG-INVESTIDOR-INICIANTE"", ""SEG-POUPADOR"", ""SEG-PERFIL-FAMILIAR""]",0
924061,2022-02-28,N,BR,M,32,2018-07-30,0.0,48,1.0,,1.0,A,S,N,,KAT,N,RR,1.0,8460.03,02 - VAREJO,0,0,1,0,0,0,0,0,0,0,0,0,0,0,0,0,0,0,0,0,0,0.0,0.0,0,"[""SEG-SEM-CARTAO"", ""SEG-INVESTIDOR-INICIANTE"", ""SEG-PERFIL-FAMILIAR"", ""SEG-VIAJANTE-EVENTO""]",1
603927,2022-12-28,N,BR,F,45,2013-03-21,0.0,117,1.0,,1.0,A,S,N,,KFC,N,SP,1.0,86943.79,02 - VAREJO,0,0,1,0,0,0,0,1,0,0,0,0,0,0,0,0,0,0,0,0,0,0.0,0.0,0,"[""SEG-ALTA-RENDA"", ""SEG-CREDITO-ATIVO"", ""SEG-SEM-CARTAO"", ""SEG-INVESTIDOR-INICIANTE"", ""SEG-POUPADOR"", ""SEG-CONTRIBUINTE-IR"", ""SEG-PERFIL-FAMILIAR""]",0
65103,2023-05-28,N,BR,M,51,2004-06-03,0.0,228,1.0,,1.0,I,S,N,,KAT,N,SP,1.0,327859.59,02 - VAREJO,0,0,1,0,0,0,0,0,0,0,0,0,0,0,0,0,0,0,0,0,0,0.0,0.0,0,"[""SEG-ALTA-RENDA"", ""SEG-CREDITO-ATIVO"", ""SEG-SEM-CARTAO"", ""SEG-INVESTIDOR-INICIANTE"", ""SEG-POUPADOR"", ""SEG-CONTRIBUINTE-IR"", ""SEG-PERFIL-FAMILIAR""]",0
1515085,2023-04-28,N,BR,F,31,2022-12-10,1.0,4,1.0,,1,A,S,N,,KHN,N,SC,1.0,24326.83,02 - VAREJO,0,0,0,0,1,0,0,0,0,0,0,0,0,0,0,0,0,0,0,0,0,1.0,1.0,0,"[""SEG-SEM-CARTAO"", ""SEG-INVESTIDOR-INICIANTE"", ""SEG-PERFIL-FAMILIAR""]",0
450680,2022-08-28,N,BR,M,48,2010-12-29,0.0,140,1.0,,1.0,I,S,N,,KAT,N,SP,0.0,99530.07,02 - VAREJO,0,0,1,0,0,0,0,1,0,0,0,0,0,0,0,0,0,0,0,0,0,0.0,0.0,0,"[""SEG-ALTA-RENDA"", ""SEG-POUPADOR"", ""SEG-CONTRIBUINTE-IR""]",0
1127665,2023-03-28,N,BR,F,44,2020-04-11,0.0,35,1.0,,1.0,A,S,N,,KAT,N,GO,1.0,37804.51,02 - VAREJO,0,0,1,0,1,0,0,0,0,0,0,0,0,0,0,0,0,0,0,0,0,0.0,0.0,1,"[""SEG-CREDITO-ATIVO"", ""SEG-SEM-CARTAO"", ""SEG-INVESTIDOR-INICIANTE"", ""SEG-POUPADOR"", ""SEG-PERFIL-FAMILIAR""]",0
1439655,2023-03-28,N,BR,F,28,2022-08-28,0.0,7,1.0,,1,I,S,N,,KHQ,N,MG,0.0,77632.11,03 - UNIVERSITARIO,0,0,1,0,0,0,0,0,0,0,0,0,0,0,0,0,0,0,0,0,0,0.0,0.0,0,"[""SEG-JOVEM"", ""SEG-ALTA-RENDA"", ""SEG-POUPADOR""]",0
460768,2023-01-28,N,BR,F,42,2011-02-23,0.0,143,1.0,,1.0,I,S,N,,KAT,N,SP,0.0,185055.64,02 - VAREJO,0,0,1,0,0,0,0,0,0,0,0,0,0,0,0,0,0,0,0,0,0,0.0,0.0,0,"[""SEG-ALTA-RENDA"", ""SEG-POUPADOR"", ""SEG-CONTRIBUINTE-IR""]",0
578811,2023-02-28,N,BR,F,41,2012-11-10,0.0,123,1.0,,1.0,A,S,N,,KAF,N,BA,1.0,15703.66,02 - VAREJO,0,0,0,0,1,0,0,1,1,0,0,0,0,0,1,0,0,1,0,0,0,1.0,1.0,1,"[""SEG-SEM-CARTAO"", ""SEG-INVESTIDOR-INICIANTE"", ""SEG-PERFIL-FAMILIAR"", ""SEG-PROPRIETARIO""]",0
712155,2023-04-28,N,BR,F,57,2014-08-17,0.0,104,1.0,,1.0,I,S,N,,KAT,N,RJ,0.0,139929.82,02 - VAREJO,0,0,1,0,0,0,0,0,0,0,0,0,0,0,0,0,0,0,0,0,0,0.0,0.0,0,"[""SEG-SENIOR"", ""SEG-POUPADOR"", ""SEG-CONTRIBUINTE-IR""]",0
266362,2022-12-28,N,BR,M,43,2008-08-01,0.0,173,1.0,,1,A,S,N,,KAT,N,PR,1.0,118652.11,02 - VAREJO,0,0,1,0,0,0,0,0,0,0,0,0,0,0,0,0,0,0,0,0,0,0.0,0.0,0,"[""SEG-ALTA-RENDA"", ""SEG-CREDITO-ATIVO"", ""SEG-SEM-CARTAO"", ""SEG-INVESTIDOR-INICIANTE"", ""SEG-POUPADOR"", ""SEG-CONTRIBUINTE-IR"", ""SEG-PERFIL-FAMILIAR""]",0
360014,2022-08-28,N,BR,F,43,2009-06-28,0.0,158,1.0,,1.0,A,S,N,,KAT,N,MG,1.0,32770.46,02 - VAREJO,0,0,1,0,1,0,0,0,1,0,0,0,0,0,1,0,0,1,0,0,0,1.0,1.0,1,"[""SEG-SEM-CARTAO"", ""SEG-INVESTIDOR-INICIANTE"", ""SEG-PERFIL-FAMILIAR"", ""SEG-PROPRIETARIO""]",0
22290,2023-04-28,N,BR,M,50,2002-09-14,0.0,222,1.0,,1.0,A,S,N,,KAT,N,SP,1.0,132439.56,02 - VAREJO,0,0,1,0,0,0,0,1,0,0,0,0,0,0,0,0,0,0,0,0,0,0.0,0.0,0,"[""SEG-ALTA-RENDA"", ""SEG-CREDITO-ATIVO"", ""SEG-SEM-CARTAO"", ""SEG-INVESTIDOR-INICIANTE"", ""SEG-POUPADOR"", ""SEG-CONTRIBUINTE-IR"", ""SEG-PERFIL-FAMILIAR""]",0
475734,2022-10-28,N,BR,M,39,2011-05-24,0.0,137,1.0,,1.0,A,S,S,,KFC,N,SP,1.0,21444.92,02 - VAREJO,0,0,1,0,0,0,0,0,1,0,0,0,0,0,0,0,0,0,0,0,0,0.0,0.0,0,"[""SEG-SEM-CARTAO"", ""SEG-INVESTIDOR-INICIANTE"", ""SEG-PERFIL-FAMILIAR"", ""SEG-VIAJANTE-EVENTO""]",1
1189690,2022-11-28,N,BR,M,23,2020-10-04,0.0,25,1.0,,1.0,I,S,N,,KHE,N,RJ,0.0,94483.13,03 - UNIVERSITARIO,0,0,0,0,0,0,0,0,0,0,0,0,0,0,0,0,0,0,0,0,0,0.0,0.0,0,"[""SEG-JOVEM"", ""SEG-POUPADOR"", ""SEG-VIAJANTE-EVENTO""]",1
127348,2023-02-28,N,BR,F,44,2006-04-06,0.0,121,1.0,,1.0,A,S,N,,KFC,N,SP,1.0,84654.57,02 - VAREJO,0,0,0,0,0,0,0,0,0,0,0,0,0,0,0,0,0,1,0,0,0,0.0,0.0,0,"[""SEG-ALTA-RENDA"", ""SEG-CREDITO-ATIVO"", ""SEG-SEM-CARTAO"", ""SEG-INVESTIDOR-INICIANTE"", ""SEG-POUPADOR"", ""SEG-CONTRIBUINTE-IR"", ""SEG-PERFIL-FAMILIAR""]",0
180749,2023-02-28,N,BR,M,57,2007-11-10,0.0,186,1.0,,1,A,S,N,,007,N,SP,1.0,250052.62,01 - ALTA RENDA,0,0,0,0,1,0,0,0,0,0,0,0,1,0,0,0,0,1,1,0,0,1.0,1.0,1,"[""SEG-VIP"", ""SEG-SENIOR"", ""SEG-CREDITO-ATIVO"", ""SEG-INVESTIDOR-INICIANTE"", ""SEG-POUPADOR"", ""SEG-CONTRIBUINTE-IR"", ""SEG-PERFIL-FAMILIAR""]",0
659000,2023-01-28,N,BR,F,58,2013-11-23,0.0,110,1.0,,1.0,I,S,N,,KAO,N,MG,0.0,31374.77,02 - VAREJO,0,0,0,0,0,0,0,0,0,0,0,0,0,0,0,0,0,0,0,0,0,0.0,0.0,0,"[""SEG-SENIOR""]",0
764853,2022-12-28,N,BR,F,53,2015-04-29,0.0,92,1.0,,1,A,S,N,,KFC,N,SP,1.0,74530.07,01 - ALTA RENDA,0,0,1,0,0,0,0,0,0,0,0,1,0,1,0,0,0,0,0,0,0,0.0,0.0,0,"[""SEG-VIP"", ""SEG-ALTA-RENDA"", ""SEG-CREDITO-ATIVO"", ""SEG-SEM-CARTAO"", ""SEG-POUPADOR"", ""SEG-CONTRIBUINTE-IR"", ""SEG-INVESTIDOR-EXPERIENTE"", ""SEG-PERFIL-FAMILIAR"", ""SEG-VIAJANTE-EVENTO""]",1
300342,2023-05-28,N,BR,F,60,2008-11-23,0.0,174,1.0,,1.0,A,S,N,,KAT,N,BA,1.0,17826.69,02 - VAREJO,0,0,1,0,0,0,0,1,0,0,0,0,0,0,0,0,0,0,0,0,0,0.0,0.0,1,"[""SEG-SENIOR"", ""SEG-SEM-CARTAO"", ""SEG-INVESTIDOR-INICIANTE"", ""SEG-PERFIL-FAMILIAR""]",0
30301,2023-05-28,N,BR,F,59,2002-12-29,0.0,245,1.0,,1.0,A,S,N,,KAT,N,SP,1.0,128045.57,01 - ALTA RENDA,0,0,1,0,0,0,0,1,0,0,0,1,1,0,0,0,0,0,0,0,0,0.0,0.0,0,"[""SEG-VIP"", ""SEG-SENIOR"", ""SEG-CREDITO-ATIVO"", ""SEG-SEM-CARTAO"", ""SEG-INVESTIDOR-INICIANTE"", ""SEG-POUPADOR"", ""SEG-CONTRIBUINTE-IR"", ""SEG-PERFIL-FAMILIAR""]",0
668462,2023-05-28,N,BR,F,61,2014-01-14,0.0,112,1.0,,1,I,S,N,,KFC,N,RJ,0.0,96305.86,02 - VAREJO,0,0,1,0,0,0,0,0,0,0,0,0,0,0,0,0,0,0,0,0,0,0.0,0.0,0,"[""SEG-SENIOR"", ""SEG-POUPADOR"", ""SEG-VIAJANTE-EVENTO""]",1
328308,2023-05-28,N,BR,F,52,2009-02-07,0.0,171,1.0,,1.0,A,S,N,,KAT,N,SP,1.0,103763.94,02 - VAREJO,0,0,1,0,1,0,0,1,1,0,0,0,1,0,1,0,0,0,1,0,0,1.0,1.0,1,"[""SEG-ALTA-RENDA"", ""SEG-CREDITO-ATIVO"", ""SEG-INVESTIDOR-INICIANTE"", ""SEG-POUPADOR"", ""SEG-CONTRIBUINTE-IR"", ""SEG-PERFIL-FAMILIAR"", ""SEG-PROPRIETARIO""]",0
433669,2022-03-28,N,BR,F,75,2010-09-04,0.0,142,1.0,,1.0,A,S,N,,KAT,N,SP,1.0,24285.73,01 - ALTA RENDA,0,0,0,0,1,0,0,1,0,0,0,1,0,0,0,0,0,1,1,0,0,0.0,0.0,1,"[""SEG-VIP"", ""SEG-SENIOR"", ""SEG-INVESTIDOR-INICIANTE""]",0
1058083,2022-07-28,N,BR,M,28,2019-09-11,0.0,34,1.0,,1,A,S,N,,KHE,N,SP,1.0,8791.66,03 - UNIVERSITARIO,0,0,1,0,0,0,0,0,0,0,0,0,0,0,0,0,0,0,0,0,0,0.0,0.0,0,"[""SEG-JOVEM"", ""SEG-SEM-CARTAO"", ""SEG-INVESTIDOR-INICIANTE"", ""SEG-PERFIL-FAMILIAR""]",0
102357,2022-07-28,N,BR,F,52,2005-07-17,0.0,204,1.0,,1.0,A,S,N,,KAT,N,SP,1.0,168044.95,02 - VAREJO,0,0,0,0,1,0,0,0,0,0,0,0,1,1,0,0,0,0,1,0,0,1.0,1.0,1,"[""SEG-ALTA-RENDA"", ""SEG-CREDITO-ATIVO"", ""SEG-POUPADOR"", ""SEG-CONTRIBUINTE-IR"", ""SEG-INVESTIDOR-EXPERIENTE"", ""SEG-PERFIL-FAMILIAR""]",0
1236363,2022-10-28,N,BR,F,25,2021-01-07,0.0,21,1.0,,1.0,A,S,N,,KFC,N,SP,1.0,125929.99,03 - UNIVERSITARIO,0,0,0,0,1,0,0,0,0,0,0,0,0,0,0,0,0,0,0,0,0,0.0,0.0,0,"[""SEG-JOVEM"", ""SEG-ALTA-RENDA"", ""SEG-CREDITO-ATIVO"", ""SEG-SEM-CARTAO"", ""SEG-INVESTIDOR-INICIANTE"", ""SEG-POUPADOR"", ""SEG-PERFIL-FAMILIAR""]",0
549655,2022-11-28,N,BR,F,75,2012-08-18,0.0,123,1.0,,1.0,A,S,N,,KAT,N,AL,1.0,41370.73,01 - ALTA RENDA,0,0,1,0,0,0,0,0,0,0,0,1,0,0,0,0,0,0,0,0,0,0.0,0.0,0,"[""SEG-VIP"", ""SEG-SENIOR"", ""SEG-CREDITO-ATIVO"", ""SEG-SEM-CARTAO"", ""SEG-INVESTIDOR-INICIANTE"", ""SEG-POUPADOR""]",0
143210,2022-06-28,N,BR,F,76,2006-09-22,0.0,190,1.0,,1.0,A,S,N,,KAT,N,SP,1.0,38063.84,02 - VAREJO,0,0,1,0,0,0,0,0,0,0,0,0,0,0,0,0,0,0,0,0,0,0.0,0.0,0,"[""SEG-SENIOR"", ""SEG-CREDITO-ATIVO"", ""SEG-SEM-CARTAO"", ""SEG-INVESTIDOR-INICIANTE"", ""SEG-POUPADOR""]",0
248972,2022-10-28,N,BR,F,47,2008-05-25,0.0,114,1.0,,1,I,S,N,,013,N,SP,0.0,108680.4,02 - VAREJO,0,0,1,0,0,0,0,0,0,0,0,0,0,0,0,0,0,0,0,0,0,0.0,0.0,0,"[""SEG-ALTA-RENDA"", ""SEG-POUPADOR"", ""SEG-CONTRIBUINTE-IR""]",0
703730,2023-03-28,N,BR,M,59,2014-07-17,0.0,104,1.0,,1.0,A,S,N,,KAT,N,SP,1.0,132184.82,02 - VAREJO,0,0,1,0,0,0,0,1,0,0,0,0,0,0,0,0,0,1,0,0,0,0.0,0.0,0,"[""SEG-SENIOR"", ""SEG-CREDITO-ATIVO"", ""SEG-SEM-CARTAO"", ""SEG-INVESTIDOR-INICIANTE"", ""SEG-POUPADOR"", ""SEG-CONTRIBUINTE-IR"", ""SEG-PERFIL-FAMILIAR""]",0
500326,2023-01-28,N,BR,F,53,2011-11-08,0.0,134,1.0,,1.0,A,S,N,,KFC,N,SP,1.0,139946.4,02 - VAREJO,0,0,1,0,0,0,0,1,1,0,0,0,0,1,0,0,0,0,0,0,0,0.0,0.0,1,"[""SEG-ALTA-RENDA"", ""SEG-CREDITO-ATIVO"", ""SEG-SEM-CARTAO"", ""SEG-POUPADOR"", ""SEG-CONTRIBUINTE-IR"", ""SEG-INVESTIDOR-EXPERIENTE"", ""SEG-PERFIL-FAMILIAR""]",0
1097974,2022-06-28,N,BR,M,22,2019-11-08,0.0,32,1.0,,1.0,I,S,N,,KHE,N,MA,0.0,27427.39,03 - UNIVERSITARIO,0,0,1,0,0,0,0,0,0,0,0,0,0,0,0,0,0,0,0,0,0,0.0,0.0,0,"[""SEG-JOVEM""]",0
149022,2023-05-28,N,BR,F,51,2006-11-12,0.0,198,1.0,,1.0,A,S,N,,KFC,N,SP,1.0,48598.91,01 - ALTA RENDA,0,0,0,0,1,0,0,0,0,0,0,1,1,0,0,0,0,0,0,1,0,0.0,0.0,1,"[""SEG-VIP"", ""SEG-CREDITO-ATIVO"", ""SEG-SEM-CARTAO"", ""SEG-INVESTIDOR-INICIANTE"", ""SEG-POUPADOR"", ""SEG-CONTRIBUINTE-IR"", ""SEG-PERFIL-FAMILIAR"", ""SEG-VIAJANTE-EVENTO""]",1
78724,2023-05-28,N,BR,F,54,2004-12-09,0.0,221,1.0,,1.0,A,S,N,,KAT,N,PA,1.0,33191.49,02 - VAREJO,0,0,1,0,0,0,0,1,0,0,0,0,0,1,0,0,0,0,0,0,0,0.0,0.0,0,"[""SEG-SEM-CARTAO"", ""SEG-INVESTIDOR-EXPERIENTE"", ""SEG-PERFIL-FAMILIAR""]",0
1104859,2023-04-28,N,BR,M,23,2019-11-23,0.0,41,1.0,,1.0,A,S,N,,KHE,N,BA,1.0,23744.04,03 - UNIVERSITARIO,0,0,1,0,0,0,0,0,0,0,0,0,0,0,0,0,0,0,0,0,0,0.0,0.0,0,"[""SEG-JOVEM"", ""SEG-SEM-CARTAO"", ""SEG-INVESTIDOR-INICIANTE""]",0
1158813,2022-07-28,N,BR,M,26,2020-08-07,0.0,23,1.0,,1.0,I,S,N,,KHE,N,SP,1.0,70820.81,03 - UNIVERSITARIO,0,0,0,0,0,0,0,0,0,0,0,0,0,0,0,0,0,1,0,0,0,0.0,0.0,0,"[""SEG-JOVEM"", ""SEG-ALTA-RENDA"", ""SEG-CREDITO-ATIVO"", ""SEG-SEM-CARTAO"", ""SEG-INVESTIDOR-INICIANTE"", ""SEG-POUPADOR"", ""SEG-PERFIL-FAMILIAR""]",0
513596,2023-01-28,N,BR,M,45,2022-06-09,0.0,132,1.0,,1,A,S,N,,KAT,N,MG,0.0,41092.54,02 - VAREJO,0,0,0,0,0,0,0,0,0,0,0,0,0,0,0,0,0,0,0,0,0,0.0,0.0,0,"[""SEG-POUPADOR""]",0
394787,2022-07-28,N,BR,F,60,2009-12-09,0.0,151,1.0,,1.0,A,S,N,,KAT,N,RJ,1.0,46079.67,02 - VAREJO,0,0,0,0,1,0,0,0,0,0,0,0,1,0,1,0,0,0,0,0,0,1.0,1.0,1,"[""SEG-SENIOR"", ""SEG-CREDITO-ATIVO"", ""SEG-SEM-CARTAO"", ""SEG-INVESTIDOR-INICIANTE"", ""SEG-POUPADOR"", ""SEG-CONTRIBUINTE-IR"", ""SEG-PERFIL-FAMILIAR"", ""SEG-PROPRIETARIO""]",0
440613,2022-06-28,N,BR,F,45,2010-10-20,0.0,129,1.0,,1.0,A,S,N,,KCC,N,SP,1.0,101928.12,02 - VAREJO,0,0,1,0,0,0,0,1,0,0,0,0,0,0,0,1,0,0,0,0,0,0.0,0.0,0,"[""SEG-ALTA-RENDA"", ""SEG-CREDITO-ATIVO"", ""SEG-SEM-CARTAO"", ""SEG-INVESTIDOR-INICIANTE"", ""SEG-POUPADOR"", ""SEG-PERFIL-FAMILIAR""]",0
492332,2023-02-28,N,BR,F,52,2011-09-22,0.0,137,1.0,,1.0,A,S,N,,KAT,N,AM,1.0,60678.31,02 - VAREJO,0,0,1,0,0,0,0,0,0,0,0,0,0,0,0,0,0,0,0,1,0,0.0,0.0,0,"[""SEG-CREDITO-ATIVO"", ""SEG-SEM-CARTAO"", ""SEG-INVESTIDOR-INICIANTE"", ""SEG-POUPADOR"", ""SEG-CONTRIBUINTE-IR"", ""SEG-PERFIL-FAMILIAR""]",0
82012,2023-02-28,N,BR,F,45,2005-01-10,0.0,217,1.0,,1.0,A,S,N,,KAT,N,SP,1.0,72247.97,02 - VAREJO,0,0,1,0,0,0,0,1,0,0,0,0,0,0,1,1,0,0,0,0,0,0.0,0.0,1,"[""SEG-ALTA-RENDA"", ""SEG-CREDITO-ATIVO"", ""SEG-SEM-CARTAO"", ""SEG-INVESTIDOR-INICIANTE"", ""SEG-POUPADOR"", ""SEG-PERFIL-FAMILIAR"", ""SEG-PROPRIETARIO""]",0
1105838,2022-03-28,N,BR,F,36,2019-11-26,0.0,32,1.0,,1.0,A,S,N,,KFC,N,MG,1.0,29077.64,02 - VAREJO,0,0,1,0,0,0,0,0,0,0,0,0,0,1,0,0,0,0,0,0,0,0.0,0.0,0,"[""SEG-SEM-CARTAO"", ""SEG-INVESTIDOR-EXPERIENTE"", ""SEG-PERFIL-FAMILIAR""]",0
1516940,2023-05-28,N,BR,F,27,2022-12-16,1.0,5,1.0,,1,A,S,N,,KHM,N,SP,0.0,71538.66,02 - VAREJO,0,0,0,0,0,0,0,0,0,0,0,0,0,0,0,0,0,0,0,0,0,0.0,0.0,0,"[""SEG-JOVEM"", ""SEG-ALTA-RENDA"", ""SEG-POUPADOR""]",0
458046,2022-04-28,N,BR,F,40,2011-02-06,0.0,137,1.0,,1.0,A,S,N,,KFC,N,SP,1.0,43123.98,02 - VAREJO,0,0,1,0,0,0,0,0,0,0,0,0,0,0,0,0,0,0,0,0,0,0.0,0.0,0,"[""SEG-CREDITO-ATIVO"", ""SEG-SEM-CARTAO"", ""SEG-INVESTIDOR-INICIANTE"", ""SEG-POUPADOR"", ""SEG-PERFIL-FAMILIAR""]",0
1106286,2022-11-28,N,BR,F,71,2019-11-27,0.0,36,1.0,,1.0,A,S,N,,KHE,N,SP,0.0,62708.03,02 - VAREJO,0,0,0,0,0,0,0,0,0,0,0,0,0,0,0,0,0,0,0,0,0,0.0,0.0,0,"[""SEG-SENIOR"", ""SEG-POUPADOR""]",0
1228871,2022-07-28,N,BR,F,41,2020-12-04,0.0,19,1.0,,1.0,A,S,N,,KFC,N,RS,1.0,8333.21,02 - VAREJO,0,0,1,0,0,0,0,0,0,0,0,0,0,0,0,0,0,0,0,0,0,0.0,0.0,1,"[""SEG-SEM-CARTAO"", ""SEG-INVESTIDOR-INICIANTE"", ""SEG-PERFIL-FAMILIAR""]",0
1109562,2022-06-28,N,BR,F,55,2019-12-04,0.0,31,1.0,,1.0,A,S,N,,KFC,N,RJ,1.0,206618.05,01 - ALTA RENDA,0,0,1,0,0,0,0,0,0,0,0,0,1,0,0,1,0,1,0,0,0,0.0,0.0,1,"[""SEG-VIP"", ""SEG-SENIOR"", ""SEG-ALTA-RENDA"", ""SEG-CREDITO-ATIVO"", ""SEG-SEM-CARTAO"", ""SEG-INVESTIDOR-INICIANTE"", ""SEG-POUPADOR"", ""SEG-PERFIL-FAMILIAR""]",0
1297440,2023-01-28,N,BR,F,67,2021-08-18,0.0,17,1.0,,1,A,S,N,,KFC,N,RJ,1.0,465805.3,01 - ALTA RENDA,0,0,0,0,0,0,0,0,0,0,0,1,1,0,0,0,0,0,0,0,0,0.0,0.0,0,"[""SEG-VIP"", ""SEG-SENIOR"", ""SEG-CREDITO-ATIVO"", ""SEG-SEM-CARTAO"", ""SEG-INVESTIDOR-INICIANTE"", ""SEG-POUPADOR"", ""SEG-VIAJANTE-EVENTO""]",1
1394561,2023-04-28,N,BR,F,41,2022-04-28,0.0,25,1.0,,1,A,S,S,,RED,N,MG,1.0,53899.89,02 - VAREJO,0,0,0,0,0,0,0,0,0,0,0,0,1,0,0,0,0,0,0,0,0,0.0,0.0,0,"[""SEG-CREDITO-ATIVO"", ""SEG-SEM-CARTAO"", ""SEG-INVESTIDOR-INICIANTE"", ""SEG-POUPADOR"", ""SEG-CONTRIBUINTE-IR"", ""SEG-PERFIL-FAMILIAR""]",0
581809,2022-12-28,N,BR,F,73,2012-11-28,0.0,121,1.0,,1.0,A,S,N,,KAT,N,PE,0.0,17216.52,02 - VAREJO,0,0,0,0,0,0,0,0,0,0,0,0,0,0,0,0,0,0,0,0,0,0.0,0.0,0,"[""SEG-SENIOR""]",0
964204,2023-03-28,N,BR,M,42,2018-10-17,0.0,53,1.0,,1.0,I,S,N,,KFC,N,SP,0.0,201339.34,02 - VAREJO,0,0,0,0,0,0,0,0,0,0,0,0,0,0,0,0,0,0,0,0,0,0.0,0.0,0,"[""SEG-ALTA-RENDA"", ""SEG-POUPADOR"", ""SEG-CONTRIBUINTE-IR""]",0
1392812,2023-05-28,N,BR,F,50,2022-12-23,0.0,13,1.0,,1,A,S,N,,KHK,N,RJ,1.0,57359.1,02 - VAREJO,0,0,0,0,0,0,0,0,0,0,0,0,0,0,0,1,0,0,1,0,0,0.0,0.0,0,"[""SEG-CREDITO-ATIVO"", ""SEG-INVESTIDOR-INICIANTE"", ""SEG-POUPADOR"", ""SEG-PERFIL-FAMILIAR""]",0
1498226,2023-04-28,N,BR,F,47,2022-11-04,0.0,21,1.0,,1.0,A,S,N,,RED,N,SP,1.0,70942.47,02 - VAREJO,0,0,0,0,1,0,0,0,0,0,0,0,0,0,0,0,0,1,0,0,0,0.0,0.0,0,"[""SEG-ALTA-RENDA"", ""SEG-CREDITO-ATIVO"", ""SEG-SEM-CARTAO"", ""SEG-INVESTIDOR-INICIANTE"", ""SEG-POUPADOR"", ""SEG-CONTRIBUINTE-IR"", ""SEG-PERFIL-FAMILIAR""]",0
1000711,2023-02-28,N,BR,M,42,2019-01-17,0.0,49,1.0,,1.0,I,S,S,,KFC,N,RJ,0.0,423773.93,02 - VAREJO,0,0,0,0,0,0,0,0,0,0,0,0,0,0,0,0,0,0,0,0,0,0.0,0.0,0,"[""SEG-ALTA-RENDA"", ""SEG-POUPADOR"", ""SEG-CONTRIBUINTE-IR"", ""SEG-VIAJANTE-EVENTO""]",1
1071316,2023-02-28,N,BR,M,25,2019-10-01,0.0,40,1.0,,1.0,I,S,N,,KHE,N,SP,0.0,90778.72,03 - UNIVERSITARIO,0,0,0,0,0,0,0,0,0,0,0,0,0,0,0,0,0,0,0,0,0,0.0,0.0,0,"[""SEG-JOVEM"", ""SEG-ALTA-RENDA"", ""SEG-POUPADOR""]",0
404188,2022-11-28,N,BR,F,57,2010-01-30,0.0,154,1.0,,1,A,S,N,,KEY,N,CE,0.0,142724.59,02 - VAREJO,0,0,1,0,0,0,0,0,0,0,0,0,0,0,0,0,0,0,0,0,0,0.0,0.0,0,"[""SEG-SENIOR"", ""SEG-POUPADOR"", ""SEG-CONTRIBUINTE-IR""]",0
1317117,2022-08-28,N,BR,M,23,2021-09-25,0.0,11,1.0,,1.0,A,S,N,,KHE,N,PI,1.0,11906.35,03 - UNIVERSITARIO,0,0,1,0,0,0,0,0,0,0,0,0,0,0,0,0,0,0,0,0,0,0.0,0.0,0,"[""SEG-JOVEM"", ""SEG-SEM-CARTAO"", ""SEG-INVESTIDOR-INICIANTE""]",0
427023,2023-04-28,N,BR,F,50,2010-07-10,0.0,153,1.0,,1.0,A,S,N,,KCH,N,SP,1.0,62577.02,01 - ALTA RENDA,0,0,0,0,0,0,0,0,0,0,0,1,0,0,0,0,0,0,0,0,0,0.0,0.0,0,"[""SEG-VIP"", ""SEG-ALTA-RENDA"", ""SEG-CREDITO-ATIVO"", ""SEG-SEM-CARTAO"", ""SEG-INVESTIDOR-INICIANTE"", ""SEG-POUPADOR"", ""SEG-CONTRIBUINTE-IR"", ""SEG-PERFIL-FAMILIAR""]",0
1319764,2023-05-28,N,BR,F,21,2021-09-29,0.0,20,1.0,,1.0,I,S,N,,KHE,N,SC,0.0,116198.95,03 - UNIVERSITARIO,0,0,1,0,0,0,0,0,0,0,0,0,0,0,0,0,0,0,0,0,0,0.0,0.0,0,"[""SEG-JOVEM"", ""SEG-POUPADOR""]",0
150271,2023-03-28,N,BR,M,81,2006-11-26,0.0,196,1.0,,1,A,S,N,,KAS,N,SP,1.0,45357.51,01 - ALTA RENDA,0,0,1,0,0,0,0,0,0,0,0,1,0,0,0,0,0,0,0,0,0,0.0,0.0,0,"[""SEG-VIP"", ""SEG-SENIOR"", ""SEG-CREDITO-ATIVO"", ""SEG-SEM-CARTAO"", ""SEG-INVESTIDOR-INICIANTE"", ""SEG-POUPADOR""]",0
1221442,2022-10-28,N,BR,M,30,2020-11-18,0.0,23,1.0,,1.0,A,S,S,,KHF,N,RS,1.0,42326.19,03 - UNIVERSITARIO,0,0,0,0,1,0,0,0,0,0,0,0,0,0,0,0,0,0,0,0,0,0.0,0.0,1,"[""SEG-CREDITO-ATIVO"", ""SEG-SEM-CARTAO"", ""SEG-INVESTIDOR-INICIANTE"", ""SEG-POUPADOR"", ""SEG-PERFIL-FAMILIAR""]",0
1508082,2023-04-28,N,BR,F,39,2022-11-21,1.0,5,1.0,,1,A,S,N,,KHN,N,RJ,1.0,56631.12,02 - VAREJO,0,0,1,0,0,0,0,0,0,0,0,0,0,0,0,0,0,0,0,0,0,0.0,0.0,0,"[""SEG-SEM-CARTAO"", ""SEG-INVESTIDOR-INICIANTE"", ""SEG-POUPADOR"", ""SEG-CONTRIBUINTE-IR"", ""SEG-PERFIL-FAMILIAR""]",0
813821,2023-05-28,N,BR,F,51,2015-11-04,0.0,90,1.0,,1.0,I,S,N,,KFC,N,AL,1.0,8127.7,02 - VAREJO,0,0,0,0,0,0,0,0,1,0,0,0,0,0,0,0,0,0,0,0,0,0.0,0.0,0,"[""SEG-SEM-CARTAO"", ""SEG-INVESTIDOR-INICIANTE"", ""SEG-PERFIL-FAMILIAR""]",0
168024,2023-04-28,N,BR,M,53,2007-11-13,0.0,220,1.0,,1,A,S,N,,KAT,N,SP,1.0,10176.8,02 - VAREJO,0,0,0,0,0,0,0,0,0,0,0,0,0,0,0,0,0,0,0,1,0,0.0,0.0,0,"[""SEG-SEM-CARTAO"", ""SEG-INVESTIDOR-INICIANTE"", ""SEG-PERFIL-FAMILIAR""]",0
929449,2023-02-28,N,BR,M,29,2018-08-05,0.0,54,1.0,,1.0,I,S,N,,KHE,N,RJ,0.0,23454.95,03 - UNIVERSITARIO,0,0,0,0,0,0,0,0,0,0,0,0,0,0,0,0,0,0,0,0,0,0.0,0.0,0,"[""SEG-JOVEM""]",0
969731,2022-05-28,N,BR,M,26,2018-10-27,0.0,45,1.0,,1.0,I,S,N,,KHE,N,RS,0.0,24141.29,03 - UNIVERSITARIO,0,0,1,0,0,0,0,0,0,0,0,0,0,0,0,0,0,0,0,0,0,0.0,0.0,0,"[""SEG-JOVEM""]",0
109931,2022-04-28,N,BR,F,46,2005-10-31,0.0,201,1.0,,1.0,A,S,N,,KAT,N,SP,1.0,67534.48,02 - VAREJO,0,0,1,0,0,0,0,0,1,0,0,0,0,0,1,0,0,1,0,0,0,0.0,0.0,1,"[""SEG-ALTA-RENDA"", ""SEG-CREDITO-ATIVO"", ""SEG-SEM-CARTAO"", ""SEG-INVESTIDOR-INICIANTE"", ""SEG-POUPADOR"", ""SEG-CONTRIBUINTE-IR"", ""SEG-PERFIL-FAMILIAR"", ""SEG-PROPRIETARIO""]",0
868466,2022-10-28,N,BR,M,33,2017-03-17,0.0,67,1.0,,1,I,S,N,,KFC,N,SP,0.0,539816.36,02 - VAREJO,0,0,0,0,0,0,0,0,0,0,0,0,0,0,0,0,0,0,0,0,0,0.0,0.0,0,"[""SEG-ALTA-RENDA"", ""SEG-POUPADOR"", ""SEG-CONTRIBUINTE-IR""]",0
424797,2022-06-28,N,BR,M,52,2010-06-25,0.0,145,1.0,,1.0,A,S,N,,KAT,N,PE,1.0,34085.45,02 - VAREJO,0,0,0,0,1,0,0,0,1,0,0,0,0,0,0,0,0,1,1,0,0,1.0,1.0,1,"[""SEG-CREDITO-ATIVO"", ""SEG-INVESTIDOR-INICIANTE"", ""SEG-POUPADOR"", ""SEG-PERFIL-FAMILIAR""]",0
1258949,2023-03-28,N,BR,F,38,2021-05-20,0.0,22,1.0,,1.0,A,S,N,,KFC,N,MA,1.0,8450.71,02 - VAREJO,0,0,1,0,0,0,0,0,0,0,0,0,1,0,0,0,0,0,0,0,0,0.0,0.0,1,"[""SEG-SEM-CARTAO"", ""SEG-INVESTIDOR-INICIANTE"", ""SEG-PERFIL-FAMILIAR""]",0
139231,2023-05-28,N,BR,M,39,2006-07-28,0.0,11,1.0,,1.0,A,S,N,,KHN,N,SP,1.0,94940.68,02 - VAREJO,0,0,0,0,1,0,0,0,0,0,0,0,1,0,0,0,0,0,1,0,0,1.0,1.0,1,"[""SEG-ALTA-RENDA"", ""SEG-CREDITO-ATIVO"", ""SEG-INVESTIDOR-INICIANTE"", ""SEG-POUPADOR"", ""SEG-CONTRIBUINTE-IR"", ""SEG-PERFIL-FAMILIAR""]",0
760766,2022-12-28,N,BR,F,67,2015-04-14,0.0,84,1.0,,1,I,S,N,,KAT,N,SP,0.0,240134.06,02 - VAREJO,0,0,1,0,0,0,0,0,1,0,0,0,0,0,0,0,0,0,0,0,0,0.0,0.0,0,"[""SEG-SENIOR"", ""SEG-POUPADOR""]",0
1462990,2023-05-28,N,BR,M,18,2022-09-28,0.0,8,1.0,,1.0,A,S,N,,KHQ,N,ES,1.0,27473.13,03 - UNIVERSITARIO,0,0,1,0,0,0,0,0,0,0,0,0,0,0,0,0,0,0,0,0,0,0.0,0.0,0,"[""SEG-JOVEM"", ""SEG-SEM-CARTAO"", ""SEG-INVESTIDOR-INICIANTE""]",0
886409,2022-08-28,N,BR,M,71,2017-07-21,0.0,61,1.0,,1,A,S,N,,KCC,N,SP,1.0,52448.45,02 - VAREJO,0,0,1,0,0,0,1,0,0,0,0,0,0,0,0,0,0,0,0,0,0,0.0,0.0,0,"[""SEG-SENIOR"", ""SEG-CREDITO-ATIVO"", ""SEG-SEM-CARTAO"", ""SEG-INVESTIDOR-INICIANTE"", ""SEG-POUPADOR"", ""SEG-VIAJANTE-EVENTO""]",1
661281,2022-10-28,N,BR,F,55,2013-12-04,0.0,106,1.0,,1,A,S,N,,KAT,N,PI,1.0,8566.92,02 - VAREJO,0,0,1,0,0,0,0,0,1,0,0,1,0,1,0,0,0,0,0,0,0,0.0,0.0,0,"[""SEG-SENIOR"", ""SEG-SEM-CARTAO"", ""SEG-INVESTIDOR-EXPERIENTE"", ""SEG-PERFIL-FAMILIAR""]",0
441414,2022-11-28,N,BR,F,54,2010-10-24,0.0,145,1.0,,1.0,A,S,N,,KFC,N,GO,1.0,22132.91,02 - VAREJO,0,0,1,0,0,0,0,0,0,0,0,0,0,0,0,0,0,0,0,1,0,0.0,0.0,0,"[""SEG-SEM-CARTAO"", ""SEG-INVESTIDOR-INICIANTE"", ""SEG-PERFIL-FAMILIAR""]",0
756883,2022-09-28,N,BR,F,82,2015-03-28,0.0,90,1.0,,1.0,A,S,N,,KFC,N,SP,1.0,72419.88,02 - VAREJO,0,0,1,0,0,0,0,0,0,0,0,0,0,0,0,0,0,0,0,0,0,0.0,0.0,0,"[""SEG-SENIOR"", ""SEG-CREDITO-ATIVO"", ""SEG-SEM-CARTAO"", ""SEG-INVESTIDOR-INICIANTE"", ""SEG-POUPADOR""]",0
295952,2023-04-28,N,BR,F,52,2008-11-14,0.0,173,1.0,,1,A,S,N,,KAT,N,SC,1.0,15726.93,02 - VAREJO,0,0,0,0,1,0,0,0,0,0,0,0,1,0,0,0,0,1,0,0,0,0.0,0.0,0,"[""SEG-SEM-CARTAO"", ""SEG-INVESTIDOR-INICIANTE"", ""SEG-PERFIL-FAMILIAR""]",0
424503,2023-03-28,N,BR,F,48,2010-06-26,0.0,153,1.0,,1.0,A,S,N,,KAF,N,BA,1.0,37287.2,01 - ALTA RENDA,0,0,0,0,1,0,0,0,1,0,0,0,1,0,1,0,0,1,0,1,0,1.0,1.0,1,"[""SEG-VIP"", ""SEG-CREDITO-ATIVO"", ""SEG-SEM-CARTAO"", ""SEG-INVESTIDOR-INICIANTE"", ""SEG-POUPADOR"", ""SEG-PERFIL-FAMILIAR"", ""SEG-PROPRIETARIO""]",0
161918,2022-04-28,N,BR,F,60,2007-02-21,0.0,185,1.0,,1.0,A,S,N,,KFC,N,RJ,1.0,55853.99,02 - VAREJO,0,0,1,0,0,0,0,0,0,0,0,1,1,1,0,0,0,0,1,0,0,0.0,0.0,0,"[""SEG-SENIOR"", ""SEG-CREDITO-ATIVO"", ""SEG-POUPADOR"", ""SEG-CONTRIBUINTE-IR"", ""SEG-INVESTIDOR-EXPERIENTE"", ""SEG-PERFIL-FAMILIAR""]",0
250531,2022-12-28,N,BR,F,67,2008-06-01,0.0,175,1.0,,1.0,A,S,N,,KAD,N,ES,1.0,24034.21,01 - ALTA RENDA,0,0,1,0,0,0,0,0,0,0,0,1,1,0,0,0,0,1,0,1,0,0.0,0.0,0,"[""SEG-VIP"", ""SEG-SENIOR"", ""SEG-SEM-CARTAO"", ""SEG-INVESTIDOR-INICIANTE""]",0
467152,2023-04-28,N,BR,F,55,2011-04-05,0.0,144,1.0,,1.0,A,S,N,,KFC,N,SP,1.0,176267.37,02 - VAREJO,0,0,1,0,0,0,0,0,0,0,0,0,0,0,0,0,0,0,0,0,0,0.0,0.0,1,"[""SEG-SENIOR"", ""SEG-ALTA-RENDA"", ""SEG-CREDITO-ATIVO"", ""SEG-SEM-CARTAO"", ""SEG-INVESTIDOR-INICIANTE"", ""SEG-POUPADOR"", ""SEG-CONTRIBUINTE-IR"", ""SEG-PERFIL-FAMILIAR""]",0
383179,2022-09-28,N,BR,M,42,2009-09-26,0.0,156,1.0,,1.0,A,S,N,,KAT,N,SP,1.0,65952.2,02 - VAREJO,0,0,1,0,0,0,0,0,0,0,0,0,0,0,0,0,0,0,0,0,0,0.0,0.0,0,"[""SEG-ALTA-RENDA"", ""SEG-CREDITO-ATIVO"", ""SEG-SEM-CARTAO"", ""SEG-INVESTIDOR-INICIANTE"", ""SEG-POUPADOR"", ""SEG-CONTRIBUINTE-IR"", ""SEG-PERFIL-FAMILIAR""]",0
447074,2022-08-28,N,BR,F,63,2010-11-28,0.0,141,1.0,,1.0,A,S,N,,KAB,N,PR,1.0,42002.69,02 - VAREJO,0,0,1,0,0,0,0,1,0,0,0,0,1,0,0,0,0,0,1,0,0,0.0,0.0,0,"[""SEG-SENIOR"", ""SEG-CREDITO-ATIVO"", ""SEG-INVESTIDOR-INICIANTE"", ""SEG-POUPADOR""]",0
1175263,2022-11-28,N,BR,F,35,2020-09-12,0.0,26,1.0,,1.0,I,S,N,,KFC,N,PR,0.0,35974.39,02 - VAREJO,0,0,0,0,0,0,0,0,0,0,0,0,0,0,0,0,0,0,0,0,0,0.0,0.0,0,"[""SEG-POUPADOR""]",0
852887,2023-02-28,N,BR,M,40,2016-09-28,0.0,77,1.0,,1.0,A,S,N,,KFC,N,MG,1.0,117247.46,02 - VAREJO,0,0,0,0,1,0,0,0,1,0,0,0,0,0,0,0,0,0,0,0,0,1.0,1.0,0,"[""SEG-ALTA-RENDA"", ""SEG-CREDITO-ATIVO"", ""SEG-SEM-CARTAO"", ""SEG-INVESTIDOR-INICIANTE"", ""SEG-POUPADOR"", ""SEG-CONTRIBUINTE-IR"", ""SEG-PERFIL-FAMILIAR""]",0
1454342,2023-01-28,N,BR,F,21,2022-09-18,1.0,4,1.0,,1,A,S,N,,KHQ,N,RS,1.0,23917.42,03 - UNIVERSITARIO,0,0,1,0,0,0,0,0,0,0,0,0,0,0,0,0,0,0,0,0,0,0.0,0.0,0,"[""SEG-JOVEM"", ""SEG-SEM-CARTAO"", ""SEG-INVESTIDOR-INICIANTE"", ""SEG-VIAJANTE-EVENTO""]",1
1286643,2022-04-28,N,BR,F,21,2021-07-31,0.0,12,1.0,,1.0,I,S,N,,KHE,N,RJ,0.0,46198.79,03 - UNIVERSITARIO,0,0,1,0,0,0,0,0,0,0,0,0,0,0,0,0,0,0,0,0,0,0.0,0.0,0,"[""SEG-JOVEM"", ""SEG-POUPADOR""]",0
378370,2023-05-28,N,BR,F,59,2009-08-12,0.0,165,1.0,,1.0,A,S,N,,KFC,N,SP,1.0,147428.18,02 - VAREJO,0,0,1,0,0,0,0,1,0,0,0,0,0,0,0,0,0,0,0,1,0,0.0,0.0,0,"[""SEG-SENIOR"", ""SEG-CREDITO-ATIVO"", ""SEG-SEM-CARTAO"", ""SEG-INVESTIDOR-INICIANTE"", ""SEG-POUPADOR"", ""SEG-CONTRIBUINTE-IR"", ""SEG-PERFIL-FAMILIAR""]",0
732734,2023-03-28,N,BR,F,49,2014-11-14,0.0,100,1.0,,1.0,A,S,N,,KAF,N,BA,1.0,54095.55,01 - ALTA RENDA,0,0,0,0,1,0,0,0,0,0,0,0,0,1,0,0,0,0,0,0,0,1.0,1.0,0,"[""SEG-VIP"", ""SEG-CREDITO-ATIVO"", ""SEG-SEM-CARTAO"", ""SEG-POUPADOR"", ""SEG-CONTRIBUINTE-IR"", ""SEG-INVESTIDOR-EXPERIENTE"", ""SEG-PERFIL-FAMILIAR""]",0
363716,2023-03-28,N,BR,M,42,2009-06-17,0.0,165,1.0,,1.0,A,S,N,,KAE,N,MG,1.0,17563.88,02 - VAREJO,0,0,1,0,0,0,0,1,0,0,0,0,0,0,1,0,0,0,0,0,0,0.0,0.0,0,"[""SEG-SEM-CARTAO"", ""SEG-INVESTIDOR-INICIANTE"", ""SEG-PERFIL-FAMILIAR"", ""SEG-PROPRIETARIO""]",0
651983,2022-09-28,N,BR,F,51,2013-10-27,0.0,107,1.0,,1.0,A,S,N,,KFC,N,SP,1.0,185705.53,02 - VAREJO,0,0,1,0,0,0,0,0,0,0,0,0,0,0,0,0,0,0,0,1,0,0.0,0.0,1,"[""SEG-ALTA-RENDA"", ""SEG-CREDITO-ATIVO"", ""SEG-SEM-CARTAO"", ""SEG-INVESTIDOR-INICIANTE"", ""SEG-POUPADOR"", ""SEG-CONTRIBUINTE-IR"", ""SEG-PERFIL-FAMILIAR""]",0
883329,2022-11-28,N,BR,M,54,2017-06-18,0.0,65,1.0,,1.0,A,S,N,,KAA,N,RJ,1.0,129560.06,02 - VAREJO,0,0,1,0,0,0,0,0,0,0,0,1,0,0,0,0,0,0,0,0,0,0.0,0.0,0,"[""SEG-ALTA-RENDA"", ""SEG-CREDITO-ATIVO"", ""SEG-SEM-CARTAO"", ""SEG-INVESTIDOR-INICIANTE"", ""SEG-POUPADOR"", ""SEG-CONTRIBUINTE-IR"", ""SEG-PERFIL-FAMILIAR""]",0
1420114,2022-07-28,N,BR,M,21,2022-07-29,1.0,0,1.0,,,,S,N,,,N,MG,0.0,8495.26,,0,0,0,0,0,0,0,0,0,0,0,0,0,0,0,0,0,0,0,0,0,0.0,0.0,0,"[""SEG-JOVEM""]",0
479278,2022-09-28,N,BR,M,42,2011-06-25,0.0,135,1.0,,1.0,A,S,N,,KAT,N,SP,1.0,12593.21,02 - VAREJO,0,0,0,0,1,0,0,0,0,0,0,0,0,0,1,0,0,1,0,0,0,1.0,1.0,1,"[""SEG-SEM-CARTAO"", ""SEG-INVESTIDOR-INICIANTE"", ""SEG-PERFIL-FAMILIAR"", ""SEG-PROPRIETARIO""]",0
1086878,2023-05-28,N,BR,F,34,2019-10-23,0.0,43,1.0,,1.0,A,S,N,,KAT,N,RJ,1.0,52168.52,02 - VAREJO,0,0,0,0,1,0,0,0,0,0,0,0,1,0,0,0,0,1,1,0,0,1.0,1.0,1,"[""SEG-CREDITO-ATIVO"", ""SEG-INVESTIDOR-INICIANTE"", ""SEG-POUPADOR"", ""SEG-CONTRIBUINTE-IR"", ""SEG-PERFIL-FAMILIAR""]",0
462371,2023-03-28,N,BR,F,62,2011-03-03,0.0,145,1.0,,1.0,A,S,S,,KAT,N,SP,1.0,103700.13,01 - ALTA RENDA,0,0,1,0,0,0,0,1,0,0,0,1,0,0,0,0,0,0,0,0,0,0.0,0.0,0,"[""SEG-VIP"", ""SEG-SENIOR"", ""SEG-CREDITO-ATIVO"", ""SEG-SEM-CARTAO"", ""SEG-INVESTIDOR-INICIANTE"", ""SEG-POUPADOR""]",0
720016,2022-12-28,N,BR,F,56,2014-09-21,0.0,99,1.0,,1.0,A,S,N,,KFC,N,SP,1.0,78750.1,01 - ALTA RENDA,0,0,0,0,1,0,0,1,0,0,0,0,1,1,0,0,0,0,1,0,0,1.0,1.0,1,"[""SEG-VIP"", ""SEG-SENIOR"", ""SEG-CREDITO-ATIVO"", ""SEG-POUPADOR"", ""SEG-CONTRIBUINTE-IR"", ""SEG-INVESTIDOR-EXPERIENTE"", ""SEG-PERFIL-FAMILIAR""]",0
1021212,2023-01-28,N,BR,F,65,2019-06-28,0.0,25,1.0,,1.0,A,S,N,,KFA,N,SP,1.0,262744.35,01 - ALTA RENDA,0,0,1,0,0,0,0,0,0,0,0,1,1,0,0,0,0,0,0,0,0,0.0,0.0,0,"[""SEG-VIP"", ""SEG-SENIOR"", ""SEG-CREDITO-ATIVO"", ""SEG-SEM-CARTAO"", ""SEG-INVESTIDOR-INICIANTE"", ""SEG-POUPADOR""]",0
1212446,2022-07-28,N,BR,F,24,2020-10-31,0.0,20,1.0,,1.0,A,S,N,,KHE,N,BA,1.0,31769.45,03 - UNIVERSITARIO,0,0,1,0,0,0,0,0,0,0,0,0,0,0,0,0,0,0,0,0,0,0.0,0.0,0,"[""SEG-JOVEM"", ""SEG-SEM-CARTAO"", ""SEG-INVESTIDOR-INICIANTE""]",0
1096684,2023-01-28,N,BR,M,23,2019-11-07,0.0,38,1.0,,1.0,I,S,N,,KHE,N,MG,0.0,48563.59,03 - UNIVERSITARIO,0,0,1,0,0,0,0,0,0,0,0,0,0,0,0,0,0,0,0,0,0,0.0,0.0,0,"[""SEG-JOVEM"", ""SEG-POUPADOR""]",0
71101,2023-01-28,N,BR,F,59,2004-09-01,0.0,221,1.0,,1.0,A,S,N,,KAT,N,MG,1.0,84589.6,02 - VAREJO,0,0,1,0,1,0,0,0,0,0,0,0,0,0,0,0,0,1,1,0,0,1.0,1.0,1,"[""SEG-SENIOR"", ""SEG-CREDITO-ATIVO"", ""SEG-INVESTIDOR-INICIANTE"", ""SEG-POUPADOR"", ""SEG-CONTRIBUINTE-IR"", ""SEG-PERFIL-FAMILIAR""]",0
407477,2022-09-28,N,BR,M,48,2010-02-17,0.0,151,1.0,,1,A,S,N,,KAT,N,MG,1.0,10854.15,01 - ALTA RENDA,0,0,0,0,1,0,0,0,1,0,0,0,1,0,1,0,0,0,0,0,0,1.0,1.0,1,"[""SEG-VIP"", ""SEG-SEM-CARTAO"", ""SEG-INVESTIDOR-INICIANTE"", ""SEG-PERFIL-FAMILIAR"", ""SEG-PROPRIETARIO""]",0
1187228,2023-02-28,N,BR,M,20,2020-10-02,0.0,28,1.0,,1.0,A,S,N,,KHE,N,RJ,1.0,159602.2,03 - UNIVERSITARIO,0,0,1,0,0,0,0,0,0,0,0,0,0,0,0,0,0,0,0,0,0,0.0,0.0,0,"[""SEG-JOVEM"", ""SEG-CREDITO-ATIVO"", ""SEG-SEM-CARTAO"", ""SEG-INVESTIDOR-INICIANTE"", ""SEG-POUPADOR""]",0
673823,2023-01-28,N,BR,M,90,2014-02-01,0.0,107,1.0,,1.0,I,S,N,,KAE,N,MG,0.0,75272.99,02 - VAREJO,0,0,0,0,0,0,0,0,0,0,0,0,0,0,0,0,0,0,0,0,0,0.0,0.0,0,"[""SEG-SENIOR"", ""SEG-POUPADOR""]",0
459619,2022-06-28,N,BR,M,53,2011-02-25,0.0,137,1.0,,1.0,A,S,S,,KAW,N,SP,1.0,97587.77,02 - VAREJO,0,0,0,0,1,0,0,1,1,0,0,0,1,0,1,1,0,1,1,0,0,1.0,1.0,1,"[""SEG-ALTA-RENDA"", ""SEG-CREDITO-ATIVO"", ""SEG-INVESTIDOR-INICIANTE"", ""SEG-POUPADOR"", ""SEG-PERFIL-FAMILIAR"", ""SEG-PROPRIETARIO""]",0
154757,2023-05-28,N,BR,M,49,2006-12-30,0.0,197,1.0,,1.0,A,S,S,,KAS,N,SP,1.0,163854.65,02 - VAREJO,0,0,0,0,1,0,0,0,0,0,0,0,0,0,1,0,0,0,0,0,0,0.0,1.0,1,"[""SEG-ALTA-RENDA"", ""SEG-CREDITO-ATIVO"", ""SEG-SEM-CARTAO"", ""SEG-INVESTIDOR-INICIANTE"", ""SEG-POUPADOR"", ""SEG-CONTRIBUINTE-IR"", ""SEG-PERFIL-FAMILIAR"", ""SEG-PROPRIETARIO"", ""SEG-VIAJANTE-EVENTO""]",1
458109,2022-11-28,N,BR,F,40,2011-02-07,0.0,141,1.0,,1,A,S,N,,KAB,N,RO,1.0,39796.73,02 - VAREJO,0,0,0,0,1,0,0,1,0,0,0,0,0,0,1,0,0,1,1,0,0,1.0,1.0,1,"[""SEG-CREDITO-ATIVO"", ""SEG-INVESTIDOR-INICIANTE"", ""SEG-POUPADOR"", ""SEG-PERFIL-FAMILIAR"", ""SEG-PROPRIETARIO""]",0
775367,2022-11-28,N,BR,F,38,2015-06-25,0.0,89,1.0,,1,A,S,N,,KAT,N,SP,1.0,43785.1,02 - VAREJO,0,0,1,0,0,0,0,0,0,0,0,0,0,0,0,0,0,0,0,0,0,0.0,0.0,0,"[""SEG-CREDITO-ATIVO"", ""SEG-SEM-CARTAO"", ""SEG-INVESTIDOR-INICIANTE"", ""SEG-POUPADOR"", ""SEG-PERFIL-FAMILIAR"", ""SEG-VIAJANTE-EVENTO""]",1
308808,2023-02-28,N,BR,F,41,2008-12-18,0.0,170,1.0,,1.0,A,S,N,,KFA,N,SP,1.0,70141.7,02 - VAREJO,0,0,1,0,0,0,0,1,0,0,0,0,0,0,0,0,0,0,0,0,0,0.0,0.0,0,"[""SEG-ALTA-RENDA"", ""SEG-CREDITO-ATIVO"", ""SEG-SEM-CARTAO"", ""SEG-INVESTIDOR-INICIANTE"", ""SEG-POUPADOR"", ""SEG-CONTRIBUINTE-IR"", ""SEG-PERFIL-FAMILIAR""]",0
384347,2023-04-28,N,BR,M,52,2009-10-05,0.0,162,1.0,,1.0,A,S,N,,KFC,N,BA,1.0,9202.93,02 - VAREJO,0,0,1,0,0,0,0,1,0,0,0,0,0,0,0,0,0,0,0,0,0,0.0,0.0,0,"[""SEG-SEM-CARTAO"", ""SEG-INVESTIDOR-INICIANTE"", ""SEG-PERFIL-FAMILIAR"", ""SEG-VIAJANTE-EVENTO""]",1
866090,2023-05-28,N,BR,F,50,2017-02-25,0.0,75,1.0,,1.0,I,S,N,,KFC,N,RS,1.0,21696.32,02 - VAREJO,0,0,1,0,0,0,0,0,0,0,0,0,0,0,0,0,0,0,0,0,0,0.0,0.0,0,"[""SEG-SEM-CARTAO"", ""SEG-INVESTIDOR-INICIANTE"", ""SEG-PERFIL-FAMILIAR""]",0
447643,2022-04-28,N,BR,M,57,2010-12-03,0.0,139,1.0,,1.0,A,S,N,,KAE,N,MG,1.0,10496.55,02 - VAREJO,0,0,0,0,1,0,0,0,0,0,0,0,1,0,0,0,0,0,0,0,0,1.0,1.0,1,"[""SEG-SENIOR"", ""SEG-SEM-CARTAO"", ""SEG-INVESTIDOR-INICIANTE"", ""SEG-PERFIL-FAMILIAR""]",0
599058,2022-08-28,N,BR,F,54,2013-02-24,0.0,114,1.0,,1.0,A,S,N,,KAT,N,RJ,1.0,117498.75,01 - ALTA RENDA,0,0,1,0,0,0,0,0,0,0,0,0,0,0,0,0,0,0,0,0,0,0.0,0.0,0,"[""SEG-VIP"", ""SEG-ALTA-RENDA"", ""SEG-CREDITO-ATIVO"", ""SEG-SEM-CARTAO"", ""SEG-INVESTIDOR-INICIANTE"", ""SEG-POUPADOR"", ""SEG-CONTRIBUINTE-IR"", ""SEG-PERFIL-FAMILIAR""]",0
1246757,2023-03-28,N,BR,F,42,2021-03-05,0.0,24,1.0,,1,A,S,N,,KFC,N,RJ,1.0,16827.09,01 - ALTA RENDA,0,0,1,0,0,0,0,0,0,0,0,0,1,0,0,0,0,0,0,0,0,0.0,0.0,0,"[""SEG-VIP"", ""SEG-SEM-CARTAO"", ""SEG-INVESTIDOR-INICIANTE"", ""SEG-PERFIL-FAMILIAR""]",0
75348,2022-12-28,N,BR,M,39,2004-11-03,0.0,218,1.0,,1.0,I,S,N,,KAT,N,SP,0.0,49257.91,02 - VAREJO,0,0,1,0,0,0,0,0,0,0,0,0,0,0,0,0,0,0,0,0,0,0.0,0.0,0,"[""SEG-POUPADOR"", ""SEG-CONTRIBUINTE-IR""]",0
102781,2023-04-28,N,BR,F,45,2005-07-24,0.0,213,1.0,,1.0,A,S,N,,KAT,N,SP,1.0,293859.6,01 - ALTA RENDA,0,0,0,0,1,0,0,0,1,0,0,0,1,1,0,0,0,0,1,1,0,1.0,1.0,1,"[""SEG-VIP"", ""SEG-ALTA-RENDA"", ""SEG-CREDITO-ATIVO"", ""SEG-POUPADOR"", ""SEG-CONTRIBUINTE-IR"", ""SEG-PERFIL-FAMILIAR""]",0
1189866,2023-02-28,N,BR,M,28,2020-10-04,0.0,28,1.0,,1.0,I,S,N,,KHE,N,BA,0.0,30251.98,03 - UNIVERSITARIO,0,0,1,0,0,0,0,0,0,0,0,0,0,0,0,0,0,0,0,0,0,0.0,0.0,0,"[""SEG-JOVEM""]",0
1351015,2023-04-28,N,BR,M,21,2021-11-07,0.0,17,1.0,,1.0,I,S,N,,KHE,N,SP,0.0,39154.64,03 - UNIVERSITARIO,0,0,0,0,0,0,0,0,0,0,0,0,0,0,0,0,0,0,0,0,0,0.0,0.0,0,"[""SEG-JOVEM"", ""SEG-POUPADOR""]",0
1301449,2022-11-28,N,BR,M,27,2021-09-02,0.0,14,1.0,,1.0,I,S,N,,KFC,N,SP,1.0,70566.45,02 - VAREJO,0,0,1,0,0,0,0,0,0,0,0,0,0,0,0,0,0,0,0,0,0,0.0,0.0,0,"[""SEG-JOVEM"", ""SEG-ALTA-RENDA"", ""SEG-CREDITO-ATIVO"", ""SEG-SEM-CARTAO"", ""SEG-INVESTIDOR-INICIANTE"", ""SEG-POUPADOR"", ""SEG-PERFIL-FAMILIAR"", ""SEG-VIAJANTE-EVENTO""]",1
1016318,2023-05-28,N,BR,F,44,2019-05-17,0.0,48,1.0,,1.0,A,S,N,,KAT,N,SP,1.0,100101.57,02 - VAREJO,0,0,1,0,0,0,0,0,0,0,0,0,1,0,0,0,0,0,0,0,0,0.0,0.0,0,"[""SEG-ALTA-RENDA"", ""SEG-CREDITO-ATIVO"", ""SEG-SEM-CARTAO"", ""SEG-INVESTIDOR-INICIANTE"", ""SEG-POUPADOR"", ""SEG-CONTRIBUINTE-IR"", ""SEG-PERFIL-FAMILIAR""]",0
1235733,2023-01-28,N,BR,M,24,2021-01-03,0.0,24,1.0,,1.0,A,S,N,,KHE,N,MG,1.0,89130.95,03 - UNIVERSITARIO,0,0,1,0,0,0,0,0,0,0,0,0,0,0,0,0,0,0,0,0,0,0.0,0.0,0,"[""SEG-JOVEM"", ""SEG-CREDITO-ATIVO"", ""SEG-SEM-CARTAO"", ""SEG-INVESTIDOR-INICIANTE"", ""SEG-POUPADOR""]",0
24127,2022-04-28,N,BR,F,55,2002-10-17,0.0,237,1.0,,1.0,A,S,N,,KAT,N,SP,1.0,16204.84,01 - ALTA RENDA,0,0,0,0,1,0,0,0,0,0,0,1,1,1,0,0,0,0,0,0,0,1.0,1.0,1,"[""SEG-VIP"", ""SEG-SENIOR"", ""SEG-SEM-CARTAO"", ""SEG-INVESTIDOR-EXPERIENTE"", ""SEG-PERFIL-FAMILIAR""]",0
320871,2022-02-28,N,BR,M,43,2009-01-23,0.0,162,1.0,,1.0,A,S,N,,KAT,N,SP,1.0,395704.84,01 - ALTA RENDA,0,0,1,0,1,0,0,0,1,0,0,1,1,0,1,0,0,1,0,1,0,0.0,0.0,1,"[""SEG-VIP"", ""SEG-ALTA-RENDA"", ""SEG-CREDITO-ATIVO"", ""SEG-SEM-CARTAO"", ""SEG-INVESTIDOR-INICIANTE"", ""SEG-POUPADOR"", ""SEG-CONTRIBUINTE-IR"", ""SEG-PERFIL-FAMILIAR"", ""SEG-PROPRIETARIO""]",0
545182,2023-01-28,N,BR,F,45,2012-08-03,0.0,103,1.0,,1.0,A,S,N,,KAT,N,SP,1.0,25257.23,02 - VAREJO,0,0,1,0,0,0,0,1,0,0,0,0,0,0,0,0,0,0,1,0,0,0.0,0.0,1,"[""SEG-INVESTIDOR-INICIANTE"", ""SEG-PERFIL-FAMILIAR""]",0
1468319,2023-03-28,N,BR,M,21,2022-10-02,1.0,6,1.0,,1.0,I,S,N,,KHQ,N,SP,0.0,68901.15,03 - UNIVERSITARIO,0,0,0,0,0,0,0,0,0,0,0,0,0,0,0,0,0,0,0,0,0,0.0,0.0,0,"[""SEG-JOVEM"", ""SEG-POUPADOR""]",0
402793,2022-10-28,N,BR,F,62,2010-10-13,0.0,144,1.0,,1.0,A,S,N,,KFC,N,SP,1.0,9065.23,02 - VAREJO,0,0,1,0,1,0,0,0,0,0,0,0,0,0,0,0,0,0,1,0,0,1.0,1.0,1,"[""SEG-SENIOR"", ""SEG-INVESTIDOR-INICIANTE""]",0
1125127,2022-03-28,N,BR,M,65,2020-03-20,0.0,28,1.0,,1.0,A,S,N,,KFC,N,SP,1.0,60961.56,01 - ALTA RENDA,0,0,0,0,0,0,0,0,0,0,0,1,0,1,0,0,0,0,0,0,0,0.0,0.0,0,"[""SEG-VIP"", ""SEG-SENIOR"", ""SEG-CREDITO-ATIVO"", ""SEG-SEM-CARTAO"", ""SEG-POUPADOR"", ""SEG-INVESTIDOR-EXPERIENTE""]",0
19764,2022-08-28,N,BR,F,46,2002-06-27,0.0,220,1.0,,1.0,A,S,N,,KAT,N,SP,1.0,86793.79,01 - ALTA RENDA,0,0,1,0,1,0,0,0,0,0,0,0,0,0,0,0,0,1,1,0,0,1.0,1.0,1,"[""SEG-VIP"", ""SEG-ALTA-RENDA"", ""SEG-CREDITO-ATIVO"", ""SEG-INVESTIDOR-INICIANTE"", ""SEG-POUPADOR"", ""SEG-CONTRIBUINTE-IR"", ""SEG-PERFIL-FAMILIAR""]",0
1039061,2022-11-28,N,BR,F,54,2019-08-01,0.0,39,1.0,,1,A,S,N,,KFC,N,SP,1.0,36217.54,02 - VAREJO,0,0,1,0,0,0,0,0,0,0,0,0,1,1,0,0,0,0,0,0,0,0.0,0.0,0,"[""SEG-CREDITO-ATIVO"", ""SEG-SEM-CARTAO"", ""SEG-POUPADOR"", ""SEG-INVESTIDOR-EXPERIENTE"", ""SEG-PERFIL-FAMILIAR""]",0
1398178,2023-03-28,N,BR,M,78,2022-05-21,0.0,10,1.0,,1,A,S,N,,KHK,N,ES,1.0,8608.29,01 - ALTA RENDA,0,0,1,0,0,0,0,0,0,0,0,1,0,0,0,0,0,0,0,0,0,0.0,0.0,0,"[""SEG-VIP"", ""SEG-SENIOR"", ""SEG-SEM-CARTAO"", ""SEG-INVESTIDOR-INICIANTE""]",0
1009475,2022-07-28,N,BR,M,43,2019-03-22,0.0,40,1.0,,1.0,A,S,N,,KHD,N,RJ,1.0,98666.46,02 - VAREJO,0,0,1,0,0,0,0,0,0,0,0,0,0,0,0,0,0,0,0,0,0,0.0,0.0,0,"[""SEG-ALTA-RENDA"", ""SEG-CREDITO-ATIVO"", ""SEG-SEM-CARTAO"", ""SEG-INVESTIDOR-INICIANTE"", ""SEG-POUPADOR"", ""SEG-CONTRIBUINTE-IR"", ""SEG-PERFIL-FAMILIAR""]",0
648665,2022-11-28,N,BR,M,70,2013-10-16,0.0,109,1.0,,1.0,A,S,N,,KAL,N,PR,1.0,138297.03,02 - VAREJO,0,0,0,0,0,0,0,0,0,0,0,0,0,1,0,0,0,0,0,0,0,0.0,0.0,0,"[""SEG-SENIOR"", ""SEG-CREDITO-ATIVO"", ""SEG-SEM-CARTAO"", ""SEG-POUPADOR"", ""SEG-INVESTIDOR-EXPERIENTE""]",0
352311,2023-04-28,N,BR,F,42,2009-04-18,0.0,168,1.0,,1.0,I,S,N,,KFC,N,SP,0.0,354471.47,02 - VAREJO,0,0,0,0,0,0,0,0,0,0,0,0,0,0,0,0,0,0,0,0,0,0.0,0.0,0,"[""SEG-ALTA-RENDA"", ""SEG-POUPADOR"", ""SEG-CONTRIBUINTE-IR""]",0
280092,2023-02-28,N,BR,F,52,2008-10-08,0.0,172,1.0,,1.0,A,S,N,,KAD,N,BA,1.0,38040.46,01 - ALTA RENDA,0,0,1,0,0,0,0,0,1,0,0,0,1,1,1,0,0,1,1,1,0,0.0,0.0,1,"[""SEG-VIP"", ""SEG-CREDITO-ATIVO"", ""SEG-POUPADOR"", ""SEG-PERFIL-FAMILIAR"", ""SEG-PROPRIETARIO""]",0
1030728,2022-04-28,N,BR,F,33,2019-07-25,0.0,36,1.0,,1.0,A,S,N,,KHE,N,RJ,1.0,52372.12,02 - VAREJO,0,0,0,0,1,0,0,0,0,0,0,0,0,1,0,0,0,0,0,0,0,0.0,0.0,0,"[""SEG-CREDITO-ATIVO"", ""SEG-SEM-CARTAO"", ""SEG-POUPADOR"", ""SEG-CONTRIBUINTE-IR"", ""SEG-INVESTIDOR-EXPERIENTE"", ""SEG-PERFIL-FAMILIAR""]",0
848102,2023-03-28,N,BR,F,55,2016-07-30,0.0,80,1.0,,1.0,I,S,N,,KAT,N,SP,0.0,54813.22,02 - VAREJO,0,0,0,0,0,0,0,0,0,0,0,0,0,0,0,0,0,0,0,0,0,0.0,0.0,0,"[""SEG-SENIOR"", ""SEG-POUPADOR"", ""SEG-CONTRIBUINTE-IR""]",0
72626,2023-01-28,N,BR,F,48,2004-09-29,0.0,151,1.0,,1.0,A,S,N,,KAT,N,SP,1.0,200389.22,01 - ALTA RENDA,0,0,1,0,0,0,0,0,0,0,0,1,0,0,0,0,0,0,1,0,0,0.0,0.0,0,"[""SEG-VIP"", ""SEG-ALTA-RENDA"", ""SEG-CREDITO-ATIVO"", ""SEG-INVESTIDOR-INICIANTE"", ""SEG-POUPADOR"", ""SEG-CONTRIBUINTE-IR"", ""SEG-PERFIL-FAMILIAR"", ""SEG-VIAJANTE-EVENTO""]",1
392939,2023-02-28,N,BR,M,72,2009-11-27,0.0,159,1.0,,1.0,A,S,N,,KFC,N,SP,1.0,9545.4,01 - ALTA RENDA,0,0,1,0,0,0,0,1,0,0,0,1,0,0,0,0,0,0,0,0,0,0.0,0.0,0,"[""SEG-VIP"", ""SEG-SENIOR"", ""SEG-SEM-CARTAO"", ""SEG-INVESTIDOR-INICIANTE""]",0
142579,2022-12-28,N,BR,M,48,2007-11-23,0.0,194,1.0,,1.0,A,S,N,,KAT,N,SP,0.0,262429.67,02 - VAREJO,0,0,0,0,0,0,0,0,0,0,0,0,0,0,0,0,0,0,0,0,0,0.0,0.0,0,"[""SEG-ALTA-RENDA"", ""SEG-POUPADOR"", ""SEG-CONTRIBUINTE-IR""]",0
1175634,2022-03-28,N,BR,M,22,2020-09-13,0.0,22,1.0,,1.0,A,S,N,,KHE,N,BA,1.0,19641.83,03 - UNIVERSITARIO,0,0,1,0,0,0,0,0,0,0,0,0,0,0,0,0,0,0,0,0,0,0.0,0.0,0,"[""SEG-JOVEM"", ""SEG-SEM-CARTAO"", ""SEG-INVESTIDOR-INICIANTE"", ""SEG-VIAJANTE-EVENTO""]",1
833690,2022-11-28,N,BR,F,20,2016-02-11,0.0,81,1.0,,1,A,S,N,,KAT,N,PE,1.0,132885.61,02 - VAREJO,0,0,0,0,0,0,0,0,0,0,0,0,1,0,0,0,0,0,0,0,0,0.0,0.0,0,"[""SEG-JOVEM"", ""SEG-CREDITO-ATIVO"", ""SEG-SEM-CARTAO"", ""SEG-INVESTIDOR-INICIANTE"", ""SEG-POUPADOR"", ""SEG-VIAJANTE-EVENTO""]",1
633056,2022-04-28,N,BR,F,74,2013-08-10,0.0,107,1.0,,1.0,A,S,N,,KAT,N,SP,0.0,110023.3,02 - VAREJO,0,0,0,0,0,0,0,0,0,0,0,0,1,1,0,0,0,0,0,0,0,0.0,0.0,0,"[""SEG-SENIOR"", ""SEG-POUPADOR"", ""SEG-INVESTIDOR-EXPERIENTE""]",0
1452572,2022-10-28,N,BR,M,26,2022-09-17,1.0,1,1.0,,1,A,S,N,,KHQ,N,SP,0.0,129556.42,03 - UNIVERSITARIO,0,0,0,0,0,0,0,0,0,0,0,0,0,0,0,0,0,0,0,0,0,0.0,0.0,0,"[""SEG-JOVEM"", ""SEG-ALTA-RENDA"", ""SEG-POUPADOR""]",0
20387,2023-01-28,N,BR,F,46,2002-07-11,0.0,246,1.0,,1.0,A,S,N,,KAT,N,MG,1.0,12415.91,02 - VAREJO,1,0,1,0,0,0,0,0,0,0,0,0,0,0,0,0,0,1,0,0,0,0.0,0.0,0,"[""SEG-SEM-CARTAO"", ""SEG-INVESTIDOR-INICIANTE"", ""SEG-PERFIL-FAMILIAR""]",0
432917,2023-04-28,N,BR,M,40,2010-08-29,0.0,89,1.0,,1.0,A,S,N,,KCH,N,SP,1.0,50391.43,02 - VAREJO,0,0,1,0,0,0,0,0,1,0,0,0,0,0,0,0,0,0,0,0,0,0.0,0.0,0,"[""SEG-CREDITO-ATIVO"", ""SEG-SEM-CARTAO"", ""SEG-INVESTIDOR-INICIANTE"", ""SEG-POUPADOR"", ""SEG-CONTRIBUINTE-IR"", ""SEG-PERFIL-FAMILIAR""]",0
102548,2022-10-28,N,BR,F,60,2005-08-27,0.0,206,1.0,,1.0,A,S,N,,KAT,N,RJ,1.0,179523.35,02 - VAREJO,0,0,0,0,1,0,0,0,0,0,0,0,0,0,1,0,0,0,0,0,0,1.0,1.0,1,"[""SEG-SENIOR"", ""SEG-CREDITO-ATIVO"", ""SEG-SEM-CARTAO"", ""SEG-INVESTIDOR-INICIANTE"", ""SEG-POUPADOR"", ""SEG-CONTRIBUINTE-IR"", ""SEG-PERFIL-FAMILIAR"", ""SEG-PROPRIETARIO""]",0
961582,2022-12-28,N,BR,M,35,2018-10-14,0.0,50,1.0,,1,A,S,N,,KFA,N,GO,1.0,26111.39,02 - VAREJO,0,0,1,0,0,0,0,0,0,0,0,0,0,0,0,0,0,0,0,0,0,0.0,0.0,1,"[""SEG-SEM-CARTAO"", ""SEG-INVESTIDOR-INICIANTE"", ""SEG-PERFIL-FAMILIAR""]",0
1486392,2023-05-28,N,BR,F,62,2022-10-21,0.0,7,1.0,,1.0,A,S,N,,KHN,N,CE,1.0,19061.99,01 - ALTA RENDA,0,0,0,0,0,0,0,0,0,0,0,0,1,0,0,0,0,0,0,0,0,0.0,0.0,0,"[""SEG-VIP"", ""SEG-SENIOR"", ""SEG-SEM-CARTAO"", ""SEG-INVESTIDOR-INICIANTE""]",0
561398,2022-11-28,N,BR,F,65,2012-09-30,0.0,26,1.0,,1,A,S,N,,KAT,N,BA,1.0,97252.9,02 - VAREJO,0,0,1,0,0,0,0,0,0,0,0,0,0,0,0,0,0,0,0,0,0,0.0,0.0,1,"[""SEG-SENIOR"", ""SEG-CREDITO-ATIVO"", ""SEG-SEM-CARTAO"", ""SEG-INVESTIDOR-INICIANTE"", ""SEG-POUPADOR""]",0
1349920,2022-12-28,N,BR,F,23,2021-11-06,0.0,13,1.0,,1,I,S,N,,KHE,N,SP,0.0,52618.6,03 - UNIVERSITARIO,0,0,0,0,0,0,0,0,0,0,0,0,0,0,0,0,0,0,0,0,0,0.0,0.0,0,"[""SEG-JOVEM"", ""SEG-POUPADOR""]",0
940527,2022-07-28,N,BR,F,46,2018-09-09,0.0,46,1.0,,1.0,I,S,N,,KFC,N,RJ,0.0,60605.13,02 - VAREJO,0,0,0,0,0,0,0,0,0,0,0,0,0,0,0,0,0,0,0,0,0,0.0,0.0,0,"[""SEG-POUPADOR"", ""SEG-CONTRIBUINTE-IR""]",0
400652,2023-01-28,N,BR,M,76,2010-01-10,0.0,156,1.0,,1.0,A,S,N,,KFC,N,SP,1.0,71576.45,02 - VAREJO,0,0,1,0,0,0,0,1,0,0,0,0,0,0,0,0,0,0,0,0,0,0.0,0.0,0,"[""SEG-SENIOR"", ""SEG-CREDITO-ATIVO"", ""SEG-SEM-CARTAO"", ""SEG-INVESTIDOR-INICIANTE"", ""SEG-POUPADOR""]",0
221380,2023-05-28,N,BR,F,53,2008-02-08,0.0,183,1.0,,1.0,I,S,N,,KAS,N,SP,0.0,150524.88,02 - VAREJO,0,0,1,0,0,0,0,1,0,0,0,0,0,0,0,0,0,0,0,0,0,0.0,0.0,0,"[""SEG-ALTA-RENDA"", ""SEG-POUPADOR"", ""SEG-CONTRIBUINTE-IR""]",0
822569,2023-01-28,N,BR,M,34,2015-12-15,0.0,85,1.0,,1.0,A,S,N,,KFA,N,SP,1.0,136753.97,02 - VAREJO,0,0,1,0,0,0,0,0,1,0,0,0,0,0,0,0,0,0,0,0,0,0.0,0.0,1,"[""SEG-ALTA-RENDA"", ""SEG-CREDITO-ATIVO"", ""SEG-SEM-CARTAO"", ""SEG-INVESTIDOR-INICIANTE"", ""SEG-POUPADOR"", ""SEG-CONTRIBUINTE-IR"", ""SEG-PERFIL-FAMILIAR""]",0
269148,2023-02-28,N,BR,F,51,2008-08-23,0.0,174,1.0,,1.0,I,S,N,,KAB,N,PR,0.0,230620.65,02 - VAREJO,0,0,0,0,0,0,0,1,0,0,0,0,0,0,0,0,0,0,0,0,0,0.0,0.0,0,"[""SEG-ALTA-RENDA"", ""SEG-POUPADOR"", ""SEG-CONTRIBUINTE-IR""]",0
96315,2023-03-28,N,BR,F,51,2005-06-23,0.0,213,1.0,,1.0,A,S,N,,KAT,N,SP,1.0,61781.78,01 - ALTA RENDA,0,0,1,0,1,0,0,1,1,0,0,1,1,0,0,0,0,0,1,1,0,0.0,0.0,1,"[""SEG-VIP"", ""SEG-ALTA-RENDA"", ""SEG-CREDITO-ATIVO"", ""SEG-INVESTIDOR-INICIANTE"", ""SEG-POUPADOR"", ""SEG-CONTRIBUINTE-IR"", ""SEG-PERFIL-FAMILIAR""]",0
628080,2022-12-28,N,BR,F,49,2013-07-18,0.0,113,1.0,,1.0,I,S,N,,KAW,N,DF,0.0,31450.97,02 - VAREJO,0,0,1,0,0,0,0,0,0,0,0,0,0,0,0,0,0,0,0,0,0,0.0,0.0,0,"[""SEG-VIAJANTE-EVENTO""]",1
128638,2023-02-28,N,BR,M,78,2006-04-19,0.0,202,1.0,,1.0,I,S,N,,KAT,N,SP,0.0,427380.5,02 - VAREJO,0,0,0,0,0,0,0,1,0,0,0,0,0,0,0,0,0,0,0,0,0,0.0,0.0,0,"[""SEG-SENIOR"", ""SEG-POUPADOR""]",0
433423,2023-01-28,N,BR,F,69,2010-09-02,0.0,148,1.0,,1,A,S,N,,KAT,N,SP,1.0,44396.65,01 - ALTA RENDA,0,0,1,0,0,0,0,0,0,0,0,1,1,1,0,0,0,0,1,0,0,0.0,0.0,0,"[""SEG-VIP"", ""SEG-SENIOR"", ""SEG-CREDITO-ATIVO"", ""SEG-POUPADOR"", ""SEG-INVESTIDOR-EXPERIENTE""]",0
1394325,2023-05-28,N,BR,M,78,2022-04-28,0.0,13,1.0,,1,A,S,N,,KHN,N,PA,1.0,112802.75,01 - ALTA RENDA,0,0,1,0,0,0,0,0,0,0,0,1,0,0,0,0,0,0,0,0,0,0.0,0.0,0,"[""SEG-VIP"", ""SEG-SENIOR"", ""SEG-CREDITO-ATIVO"", ""SEG-SEM-CARTAO"", ""SEG-INVESTIDOR-INICIANTE"", ""SEG-POUPADOR""]",0
1357511,2022-01-28,N,BR,M,20,2021-11-19,0.0,8,1.0,,1.0,I,S,N,,KHE,N,RR,1.0,35222.42,03 - UNIVERSITARIO,0,0,1,0,0,0,0,0,0,0,0,0,0,0,0,0,0,0,0,0,0,0.0,0.0,0,"[""SEG-JOVEM"", ""SEG-CREDITO-ATIVO"", ""SEG-SEM-CARTAO"", ""SEG-INVESTIDOR-INICIANTE"", ""SEG-POUPADOR""]",0
1413715,2023-03-28,N,BR,M,21,2022-07-23,0.0,8,1.0,,1.0,I,S,N,,KHQ,N,RJ,0.0,18406.1,03 - UNIVERSITARIO,0,0,1,0,0,0,0,0,0,0,0,0,0,0,0,0,0,0,0,0,0,0.0,0.0,0,"[""SEG-JOVEM""]",0
522408,2022-04-28,N,BR,M,56,2012-03-10,0.0,124,1.0,,1.0,A,S,N,,KAT,N,SP,1.0,55363.75,02 - VAREJO,0,0,1,0,0,0,0,1,0,0,0,0,0,0,0,0,0,0,0,0,0,0.0,0.0,0,"[""SEG-SENIOR"", ""SEG-CREDITO-ATIVO"", ""SEG-SEM-CARTAO"", ""SEG-INVESTIDOR-INICIANTE"", ""SEG-POUPADOR"", ""SEG-CONTRIBUINTE-IR"", ""SEG-PERFIL-FAMILIAR""]",0
1296973,2023-01-28,N,BR,M,75,2021-08-14,0.0,17,1.0,,1,A,S,N,,KAT,N,SP,1.0,110204.84,02 - VAREJO,0,0,1,0,0,0,0,0,0,0,0,0,0,0,0,0,0,0,0,0,0,0.0,0.0,0,"[""SEG-SENIOR"", ""SEG-CREDITO-ATIVO"", ""SEG-SEM-CARTAO"", ""SEG-INVESTIDOR-INICIANTE"", ""SEG-POUPADOR""]",0
242978,2022-07-28,N,BR,F,56,2008-04-30,0.0,171,1.0,,1.0,A,S,N,,KAT,N,SP,1.0,160024.99,02 - VAREJO,0,0,1,0,0,0,0,0,0,0,0,0,0,0,0,0,0,0,0,0,0,0.0,0.0,0,"[""SEG-SENIOR"", ""SEG-CREDITO-ATIVO"", ""SEG-SEM-CARTAO"", ""SEG-INVESTIDOR-INICIANTE"", ""SEG-POUPADOR"", ""SEG-CONTRIBUINTE-IR"", ""SEG-PERFIL-FAMILIAR""]",0
82763,2022-12-28,N,BR,M,65,2007-04-24,0.0,188,1.0,,1.0,A,S,N,,KAT,N,MG,1.0,39979.43,02 - VAREJO,0,0,0,0,1,0,0,0,1,0,0,0,1,1,0,0,0,1,1,0,0,0.0,1.0,1,"[""SEG-SENIOR"", ""SEG-CREDITO-ATIVO"", ""SEG-POUPADOR"", ""SEG-INVESTIDOR-EXPERIENTE""]",0
177381,2022-11-28,N,BR,F,40,2007-05-29,0.0,186,1.0,,1.0,A,S,N,,KFC,N,RJ,1.0,26291.72,01 - ALTA RENDA,0,0,0,0,0,0,0,0,0,0,0,0,0,1,0,0,0,0,0,0,0,0.0,0.0,0,"[""SEG-VIP"", ""SEG-SEM-CARTAO"", ""SEG-INVESTIDOR-EXPERIENTE"", ""SEG-PERFIL-FAMILIAR""]",0
418741,2022-12-28,N,BR,F,39,2010-05-12,0.0,151,1.0,,1,A,S,N,,KFA,N,SP,1.0,53528.21,02 - VAREJO,0,0,1,0,0,0,0,0,0,0,0,0,1,0,1,0,0,0,0,0,0,0.0,0.0,1,"[""SEG-CREDITO-ATIVO"", ""SEG-SEM-CARTAO"", ""SEG-INVESTIDOR-INICIANTE"", ""SEG-POUPADOR"", ""SEG-CONTRIBUINTE-IR"", ""SEG-PERFIL-FAMILIAR"", ""SEG-PROPRIETARIO""]",0
972147,2022-04-28,N,BR,M,30,2018-11-02,0.0,44,1.0,,1.0,A,S,N,,KHE,N,SP,1.0,155307.45,03 - UNIVERSITARIO,0,0,1,0,0,0,0,0,0,0,0,0,0,0,0,0,0,0,0,0,0,0.0,0.0,0,"[""SEG-ALTA-RENDA"", ""SEG-CREDITO-ATIVO"", ""SEG-SEM-CARTAO"", ""SEG-INVESTIDOR-INICIANTE"", ""SEG-POUPADOR"", ""SEG-CONTRIBUINTE-IR"", ""SEG-PERFIL-FAMILIAR""]",0
198789,2022-12-28,N,BR,F,55,2007-10-14,0.0,182,1.0,,1.0,I,S,N,,KAT,N,RJ,0.0,110203.62,02 - VAREJO,0,0,1,0,0,0,0,1,0,0,0,0,0,0,0,0,0,0,0,0,0,0.0,0.0,0,"[""SEG-SENIOR"", ""SEG-ALTA-RENDA"", ""SEG-POUPADOR"", ""SEG-CONTRIBUINTE-IR""]",0
948991,2022-03-28,N,BR,F,28,2018-09-26,0.0,46,1.0,,1.0,A,S,N,,KHE,N,PA,1.0,57642.89,03 - UNIVERSITARIO,0,0,1,0,0,0,0,0,0,0,0,0,0,0,0,0,0,0,0,0,0,0.0,0.0,0,"[""SEG-JOVEM"", ""SEG-CREDITO-ATIVO"", ""SEG-SEM-CARTAO"", ""SEG-INVESTIDOR-INICIANTE"", ""SEG-POUPADOR"", ""SEG-PERFIL-FAMILIAR"", ""SEG-VIAJANTE-EVENTO""]",1
975800,2022-12-28,N,BR,M,23,2018-11-09,0.0,49,1.0,,1.0,I,S,N,,KHE,N,SP,0.0,41344.52,03 - UNIVERSITARIO,0,0,1,0,0,0,0,0,0,0,0,0,0,0,0,0,0,0,0,0,0,0.0,0.0,0,"[""SEG-JOVEM"", ""SEG-POUPADOR""]",0
807704,2023-04-28,N,BR,F,58,2015-10-22,0.0,90,1.0,,1.0,A,S,N,,KFC,N,SP,1.0,105054.17,02 - VAREJO,0,0,1,0,0,0,0,0,0,0,0,0,0,0,0,0,0,0,0,0,0,0.0,0.0,0,"[""SEG-SENIOR"", ""SEG-CREDITO-ATIVO"", ""SEG-SEM-CARTAO"", ""SEG-INVESTIDOR-INICIANTE"", ""SEG-POUPADOR"", ""SEG-CONTRIBUINTE-IR"", ""SEG-PERFIL-FAMILIAR""]",0
769105,2022-12-28,N,BR,F,44,2015-05-28,0.0,91,1.0,,1.0,A,S,N,,KFU,N,PE,1.0,61436.58,02 - VAREJO,0,0,1,0,0,0,0,0,0,0,0,0,0,0,0,0,0,1,0,0,0,0.0,0.0,1,"[""SEG-ALTA-RENDA"", ""SEG-CREDITO-ATIVO"", ""SEG-SEM-CARTAO"", ""SEG-INVESTIDOR-INICIANTE"", ""SEG-POUPADOR"", ""SEG-CONTRIBUINTE-IR"", ""SEG-PERFIL-FAMILIAR""]",0
244051,2023-05-28,N,BR,F,55,2008-05-04,0.0,181,1.0,,1.0,A,S,N,,KES,N,SP,1.0,454330.01,01 - ALTA RENDA,0,0,1,0,0,0,0,0,0,0,0,0,0,0,0,1,0,0,0,0,0,0.0,0.0,0,"[""SEG-VIP"", ""SEG-SENIOR"", ""SEG-ALTA-RENDA"", ""SEG-CREDITO-ATIVO"", ""SEG-SEM-CARTAO"", ""SEG-INVESTIDOR-INICIANTE"", ""SEG-POUPADOR"", ""SEG-PERFIL-FAMILIAR""]",0
581750,2023-05-28,N,BR,F,70,2012-11-23,0.0,103,1.0,,1.0,I,S,N,,KAT,N,MG,0.0,99951.09,02 - VAREJO,0,0,1,0,0,0,0,0,0,0,0,0,0,0,0,0,0,0,0,0,0,0.0,0.0,0,"[""SEG-SENIOR"", ""SEG-POUPADOR""]",0
169624,2022-06-28,N,BR,M,46,2007-03-27,0.0,184,1.0,,1.0,A,S,N,,KAT,N,SP,1.0,19499.57,02 - VAREJO,0,0,1,0,0,0,0,0,0,0,0,0,0,1,0,0,0,1,0,0,0,0.0,0.0,1,"[""SEG-SEM-CARTAO"", ""SEG-INVESTIDOR-EXPERIENTE"", ""SEG-PERFIL-FAMILIAR""]",0
257671,2022-09-28,N,BR,M,48,2008-06-29,0.0,171,1.0,,1.0,A,S,N,,KFA,N,SP,1.0,23041.45,01 - ALTA RENDA,0,0,1,0,0,0,0,0,0,0,0,1,1,0,0,0,0,0,0,0,0,0.0,0.0,0,"[""SEG-VIP"", ""SEG-SEM-CARTAO"", ""SEG-INVESTIDOR-INICIANTE"", ""SEG-PERFIL-FAMILIAR""]",0
1374673,2022-06-28,N,BR,F,50,2022-01-07,0.0,6,1.0,,1.0,A,S,N,,KHK,N,SP,1.0,328221.55,02 - VAREJO,0,0,1,0,0,0,0,0,0,0,0,0,1,0,0,0,0,0,0,0,0,0.0,0.0,0,"[""SEG-ALTA-RENDA"", ""SEG-CREDITO-ATIVO"", ""SEG-SEM-CARTAO"", ""SEG-INVESTIDOR-INICIANTE"", ""SEG-POUPADOR"", ""SEG-CONTRIBUINTE-IR"", ""SEG-PERFIL-FAMILIAR""]",0
980386,2022-06-28,N,BR,F,31,2018-11-16,0.0,44,1.0,,1.0,A,S,N,,KFC,N,RJ,1.0,42321.04,02 - VAREJO,0,0,1,0,0,0,0,0,0,0,0,0,1,0,0,0,0,0,0,0,0,0.0,0.0,0,"[""SEG-CREDITO-ATIVO"", ""SEG-SEM-CARTAO"", ""SEG-INVESTIDOR-INICIANTE"", ""SEG-POUPADOR"", ""SEG-PERFIL-FAMILIAR""]",0
1332018,2023-03-28,N,BR,M,56,2021-10-14,0.0,17,1.0,,1.0,A,S,N,,KAT,N,SP,1.0,91407.03,02 - VAREJO,0,0,1,0,0,0,0,0,0,0,0,0,1,0,0,0,0,0,0,0,0,0.0,0.0,0,"[""SEG-SENIOR"", ""SEG-CREDITO-ATIVO"", ""SEG-SEM-CARTAO"", ""SEG-INVESTIDOR-INICIANTE"", ""SEG-POUPADOR"", ""SEG-CONTRIBUINTE-IR"", ""SEG-PERFIL-FAMILIAR""]",0
380863,2023-02-28,N,BR,M,23,2009-09-09,0.0,161,1.0,,1,A,S,N,,KFC,N,PE,1.0,29271.88,02 - VAREJO,0,0,1,0,0,0,0,1,0,0,0,0,0,0,0,0,0,0,0,0,0,0.0,0.0,1,"[""SEG-JOVEM"", ""SEG-SEM-CARTAO"", ""SEG-INVESTIDOR-INICIANTE""]",0
1418873,2023-03-28,N,BR,F,18,2022-07-28,0.0,8,1.0,,1,A,S,N,,KHQ,N,GO,1.0,8276.04,03 - UNIVERSITARIO,0,0,1,0,0,0,0,0,0,0,0,0,0,0,0,0,0,0,0,0,0,0.0,0.0,0,"[""SEG-JOVEM"", ""SEG-SEM-CARTAO"", ""SEG-INVESTIDOR-INICIANTE""]",0
459405,2023-03-28,N,BR,F,63,2011-03-12,0.0,144,1.0,,1.0,A,S,N,,KAE,N,MG,1.0,31007.85,01 - ALTA RENDA,0,0,0,0,1,0,0,1,0,0,0,0,0,0,1,0,0,0,0,0,0,0.0,0.0,1,"[""SEG-VIP"", ""SEG-SENIOR"", ""SEG-SEM-CARTAO"", ""SEG-INVESTIDOR-INICIANTE"", ""SEG-PROPRIETARIO"", ""SEG-VIAJANTE-EVENTO""]",1
604512,2023-04-28,N,BR,M,42,2013-03-24,0.0,121,1.0,,1.0,A,S,N,,KAI,N,SP,1.0,37407.97,02 - VAREJO,0,0,0,0,1,0,0,0,0,0,0,0,0,0,0,0,0,0,0,0,0,0.0,1.0,0,"[""SEG-CREDITO-ATIVO"", ""SEG-SEM-CARTAO"", ""SEG-INVESTIDOR-INICIANTE"", ""SEG-POUPADOR"", ""SEG-PERFIL-FAMILIAR""]",0
967497,2023-05-28,N,BR,M,22,2018-10-21,0.0,55,1.0,,1.0,A,S,S,,KHE,N,PA,1.0,21653.87,03 - UNIVERSITARIO,0,0,1,0,0,0,0,0,0,0,0,0,0,0,0,0,0,0,0,0,0,0.0,0.0,0,"[""SEG-JOVEM"", ""SEG-SEM-CARTAO"", ""SEG-INVESTIDOR-INICIANTE"", ""SEG-VIAJANTE-EVENTO""]",1
299313,2023-02-28,N,BR,F,92,2008-11-21,0.0,171,1.0,,1.0,I,S,N,,KFC,N,PR,0.0,11253.35,02 - VAREJO,0,0,1,0,0,0,0,1,0,0,0,0,0,0,0,0,0,0,0,0,0,0.0,0.0,0,"[""SEG-SENIOR""]",0
1300070,2022-06-28,N,BR,F,19,2021-09-01,0.0,11,1.0,,1.0,I,S,N,,KHE,N,SP,0.0,120588.31,03 - UNIVERSITARIO,0,0,1,0,0,0,0,0,0,0,0,0,0,0,0,0,0,0,0,0,0,0.0,0.0,0,"[""SEG-JOVEM"", ""SEG-POUPADOR""]",0
76161,2023-01-28,N,BR,F,66,2004-11-12,0.0,218,1.0,,1.0,A,S,N,,KAT,N,SP,1.0,43629.6,01 - ALTA RENDA,0,0,0,0,1,0,0,0,1,0,0,0,1,1,0,0,0,0,1,0,0,0.0,0.0,1,"[""SEG-VIP"", ""SEG-SENIOR"", ""SEG-CREDITO-ATIVO"", ""SEG-POUPADOR"", ""SEG-INVESTIDOR-EXPERIENTE""]",0
1279533,2023-05-28,N,BR,M,24,2021-07-28,0.0,22,1.0,,1.0,A,S,N,,KHE,N,RJ,1.0,49549.16,03 - UNIVERSITARIO,0,0,1,0,0,0,0,0,0,0,0,0,0,0,0,0,0,0,0,0,0,0.0,0.0,1,"[""SEG-JOVEM"", ""SEG-CREDITO-ATIVO"", ""SEG-SEM-CARTAO"", ""SEG-INVESTIDOR-INICIANTE"", ""SEG-POUPADOR""]",0
1094307,2022-08-28,N,BR,M,41,2019-11-02,0.0,33,1.0,,1.0,A,S,N,,KFC,N,CE,1.0,48205.62,01 - ALTA RENDA,0,0,1,0,0,0,0,0,0,0,0,1,0,0,0,0,0,0,0,0,0,0.0,0.0,0,"[""SEG-VIP"", ""SEG-CREDITO-ATIVO"", ""SEG-SEM-CARTAO"", ""SEG-INVESTIDOR-INICIANTE"", ""SEG-POUPADOR"", ""SEG-CONTRIBUINTE-IR"", ""SEG-PERFIL-FAMILIAR"", ""SEG-VIAJANTE-EVENTO""]",1
177653,2023-01-28,N,BR,M,47,2007-05-31,0.0,178,1.0,,1.0,A,S,N,,KFA,N,SP,1.0,306061.82,01 - ALTA RENDA,0,0,0,0,1,0,0,0,0,0,0,1,0,0,0,0,0,1,0,0,0,1.0,1.0,0,"[""SEG-VIP"", ""SEG-ALTA-RENDA"", ""SEG-CREDITO-ATIVO"", ""SEG-SEM-CARTAO"", ""SEG-INVESTIDOR-INICIANTE"", ""SEG-POUPADOR"", ""SEG-CONTRIBUINTE-IR"", ""SEG-PERFIL-FAMILIAR""]",0
373300,2022-09-28,N,BR,M,43,2010-04-09,0.0,113,1.0,,1.0,A,S,N,,KFA,N,SP,1.0,61127.84,01 - ALTA RENDA,0,0,1,0,0,0,0,0,0,0,1,0,0,0,0,0,0,0,0,0,0,0.0,0.0,0,"[""SEG-VIP"", ""SEG-ALTA-RENDA"", ""SEG-CREDITO-ATIVO"", ""SEG-SEM-CARTAO"", ""SEG-INVESTIDOR-INICIANTE"", ""SEG-POUPADOR"", ""SEG-CONTRIBUINTE-IR"", ""SEG-PERFIL-FAMILIAR""]",0
1143131,2022-11-28,N,BR,F,21,2020-07-19,0.0,28,1.0,,1.0,I,S,N,,KHE,N,RJ,0.0,49034.95,03 - UNIVERSITARIO,0,0,1,0,0,0,0,0,0,0,0,0,0,0,0,0,0,0,0,0,0,0.0,0.0,0,"[""SEG-JOVEM"", ""SEG-POUPADOR""]",0
274626,2022-07-28,N,BR,M,55,2008-09-25,0.0,166,1.0,,1.0,A,S,N,,KAT,N,PE,1.0,154497.66,02 - VAREJO,0,0,0,0,1,0,0,1,0,0,0,0,0,0,0,0,0,0,0,0,0,1.0,1.0,1,"[""SEG-SENIOR"", ""SEG-ALTA-RENDA"", ""SEG-CREDITO-ATIVO"", ""SEG-SEM-CARTAO"", ""SEG-INVESTIDOR-INICIANTE"", ""SEG-POUPADOR"", ""SEG-CONTRIBUINTE-IR"", ""SEG-PERFIL-FAMILIAR""]",0
650108,2023-04-28,N,BR,F,38,2013-10-20,0.0,81,1.0,,1.0,A,S,S,,KFA,N,SC,1.0,16578.53,02 - VAREJO,0,0,0,0,1,0,0,0,1,0,0,0,0,1,0,0,0,0,0,0,0,0.0,0.0,1,"[""SEG-SEM-CARTAO"", ""SEG-INVESTIDOR-EXPERIENTE"", ""SEG-PERFIL-FAMILIAR"", ""SEG-VIAJANTE-EVENTO""]",1
131068,2023-02-28,N,BR,F,49,2006-06-14,0.0,201,1.0,,1.0,A,S,N,,KAT,N,SP,1.0,44010.5,02 - VAREJO,0,0,1,0,0,0,0,0,0,0,0,0,0,0,0,0,0,0,1,0,0,0.0,0.0,0,"[""SEG-CREDITO-ATIVO"", ""SEG-INVESTIDOR-INICIANTE"", ""SEG-POUPADOR"", ""SEG-PERFIL-FAMILIAR""]",0
172842,2022-10-28,N,BR,M,70,2007-04-14,0.0,186,1.0,,1.0,I,S,N,,KAY,N,RJ,0.0,57787.62,02 - VAREJO,0,0,1,0,0,0,0,1,0,0,0,0,0,0,0,0,0,0,0,0,0,0.0,0.0,0,"[""SEG-SENIOR"", ""SEG-POUPADOR""]",0
53627,2022-09-28,N,BR,F,49,2005-05-14,0.0,208,1.0,,1,A,S,N,,KAT,N,SP,1.0,143509.19,02 - VAREJO,0,0,1,0,1,0,0,0,0,0,0,0,0,0,0,0,0,1,1,1,0,1.0,1.0,1,"[""SEG-ALTA-RENDA"", ""SEG-CREDITO-ATIVO"", ""SEG-INVESTIDOR-INICIANTE"", ""SEG-POUPADOR"", ""SEG-CONTRIBUINTE-IR"", ""SEG-PERFIL-FAMILIAR""]",0
1188998,2022-12-28,N,BR,F,61,2020-10-03,0.0,26,1.0,,1.0,A,S,N,,KAT,N,RJ,1.0,57757.86,02 - VAREJO,0,0,1,0,0,0,0,0,0,0,0,0,1,0,0,0,0,0,0,1,0,0.0,0.0,0,"[""SEG-SENIOR"", ""SEG-CREDITO-ATIVO"", ""SEG-SEM-CARTAO"", ""SEG-INVESTIDOR-INICIANTE"", ""SEG-POUPADOR""]",0
1486506,2023-03-28,N,BR,M,21,2022-10-21,1.0,5,1.0,,1.0,A,S,N,,KHQ,N,SP,0.0,65457.46,03 - UNIVERSITARIO,0,0,0,0,0,0,0,0,0,0,0,0,0,0,0,0,0,0,0,0,0,0.0,0.0,0,"[""SEG-JOVEM"", ""SEG-POUPADOR""]",0
73099,2022-10-28,N,BR,F,50,2004-10-06,0.0,216,1.0,,1.0,A,S,N,,KFC,N,SP,1.0,67951.94,01 - ALTA RENDA,0,0,1,0,0,0,0,0,1,0,0,1,0,0,0,0,0,0,1,0,0,0.0,0.0,0,"[""SEG-VIP"", ""SEG-ALTA-RENDA"", ""SEG-CREDITO-ATIVO"", ""SEG-INVESTIDOR-INICIANTE"", ""SEG-POUPADOR"", ""SEG-CONTRIBUINTE-IR"", ""SEG-PERFIL-FAMILIAR"", ""SEG-VIAJANTE-EVENTO""]",1
923963,2022-01-28,N,BR,F,27,2018-07-29,0.0,48,1.0,,1.0,I,S,N,,KHE,N,RJ,0.0,208512.78,03 - UNIVERSITARIO,0,0,1,0,0,0,0,0,0,0,0,0,0,0,0,0,0,0,0,0,0,0.0,0.0,0,"[""SEG-JOVEM"", ""SEG-ALTA-RENDA"", ""SEG-POUPADOR"", ""SEG-VIAJANTE-EVENTO""]",1
913950,2023-05-28,N,BR,F,47,2018-08-30,0.0,57,1.0,,1,A,S,N,,KAT,N,RJ,1.0,353422.93,02 - VAREJO,0,0,0,0,1,0,0,0,0,0,0,0,0,0,1,0,0,0,0,0,0,0.0,0.0,1,"[""SEG-ALTA-RENDA"", ""SEG-CREDITO-ATIVO"", ""SEG-SEM-CARTAO"", ""SEG-INVESTIDOR-INICIANTE"", ""SEG-POUPADOR"", ""SEG-CONTRIBUINTE-IR"", ""SEG-PERFIL-FAMILIAR"", ""SEG-PROPRIETARIO""]",0
986336,2022-03-28,N,BR,M,43,2018-11-28,0.0,13,1.0,,1.0,A,S,N,,KAT,N,MG,1.0,31034.21,01 - ALTA RENDA,0,0,1,0,0,0,0,0,0,0,0,0,0,0,0,0,0,0,0,0,0,0.0,0.0,0,"[""SEG-VIP"", ""SEG-SEM-CARTAO"", ""SEG-INVESTIDOR-INICIANTE"", ""SEG-PERFIL-FAMILIAR""]",0
720375,2023-05-28,N,BR,M,43,2014-09-23,0.0,104,1.0,,1,A,S,N,,KFC,N,RJ,1.0,48822.86,02 - VAREJO,0,0,0,0,1,0,0,0,1,0,0,0,1,0,0,0,0,0,0,0,0,1.0,1.0,1,"[""SEG-CREDITO-ATIVO"", ""SEG-SEM-CARTAO"", ""SEG-INVESTIDOR-INICIANTE"", ""SEG-POUPADOR"", ""SEG-CONTRIBUINTE-IR"", ""SEG-PERFIL-FAMILIAR""]",0
1192480,2022-10-28,N,BR,F,22,2020-10-08,0.0,24,1.0,,1.0,I,S,N,,KHE,N,MG,0.0,16114.16,03 - UNIVERSITARIO,0,0,1,0,0,0,0,0,0,0,0,0,0,0,0,0,0,0,0,0,0,0.0,0.0,0,"[""SEG-JOVEM""]",0
1273665,2023-01-28,N,BR,M,23,2021-07-21,0.0,18,1.0,,1.0,A,S,N,,KHE,N,PE,1.0,86703.49,03 - UNIVERSITARIO,0,0,1,0,0,0,0,0,0,0,0,0,0,0,0,0,0,0,0,0,0,0.0,0.0,0,"[""SEG-JOVEM"", ""SEG-CREDITO-ATIVO"", ""SEG-SEM-CARTAO"", ""SEG-INVESTIDOR-INICIANTE"", ""SEG-POUPADOR""]",0
571223,2022-11-28,N,BR,M,52,2012-10-21,0.0,121,1.0,,1.0,A,S,N,,KAT,N,SP,1.0,110391.17,02 - VAREJO,0,0,1,0,0,0,0,0,0,0,0,0,1,0,0,0,0,0,0,0,0,0.0,0.0,0,"[""SEG-ALTA-RENDA"", ""SEG-CREDITO-ATIVO"", ""SEG-SEM-CARTAO"", ""SEG-INVESTIDOR-INICIANTE"", ""SEG-POUPADOR"", ""SEG-CONTRIBUINTE-IR"", ""SEG-PERFIL-FAMILIAR""]",0
329160,2023-05-28,N,BR,M,43,2009-02-11,0.0,67,1.0,,1.0,A,S,N,,KAT,N,MG,1.0,19544.56,02 - VAREJO,0,0,1,0,0,0,0,0,0,0,0,0,0,0,0,0,0,0,0,0,0,0.0,0.0,1,"[""SEG-SEM-CARTAO"", ""SEG-INVESTIDOR-INICIANTE"", ""SEG-PERFIL-FAMILIAR""]",0
648551,2022-07-28,N,BR,M,80,2013-10-16,0.0,105,1.0,,1.0,I,S,N,,KFC,N,SP,0.0,24190.91,02 - VAREJO,0,0,0,0,0,0,0,0,0,0,0,0,0,0,0,0,0,0,0,0,0,0.0,0.0,0,"[""SEG-SENIOR""]",0
1059084,2022-04-28,N,BR,M,21,2019-09-12,0.0,34,1.0,,1.0,A,S,S,,KHE,N,RS,1.0,33362.31,03 - UNIVERSITARIO,0,0,1,0,0,0,0,0,0,0,0,0,0,0,0,0,0,0,0,0,0,0.0,0.0,0,"[""SEG-JOVEM"", ""SEG-SEM-CARTAO"", ""SEG-INVESTIDOR-INICIANTE""]",0
119416,2023-05-28,N,BR,F,49,2006-11-10,0.0,198,1.0,,1.0,A,S,N,,KAT,N,SP,1.0,71628.1,02 - VAREJO,0,0,1,0,0,0,0,0,0,0,0,0,0,0,1,0,0,1,0,0,0,0.0,0.0,1,"[""SEG-ALTA-RENDA"", ""SEG-CREDITO-ATIVO"", ""SEG-SEM-CARTAO"", ""SEG-INVESTIDOR-INICIANTE"", ""SEG-POUPADOR"", ""SEG-CONTRIBUINTE-IR"", ""SEG-PERFIL-FAMILIAR"", ""SEG-PROPRIETARIO""]",0
1066916,2023-02-28,N,BR,M,29,2019-09-25,0.0,41,1.0,,1.0,I,S,N,,KHE,N,BA,0.0,47628.11,03 - UNIVERSITARIO,0,0,1,0,0,0,0,0,0,0,0,0,0,0,0,0,0,0,0,0,0,0.0,0.0,0,"[""SEG-JOVEM"", ""SEG-POUPADOR""]",0
1209237,2023-01-28,N,BR,F,28,2020-10-28,0.0,27,1.0,,1.0,I,S,N,,KHE,N,SP,0.0,97289.74,03 - UNIVERSITARIO,0,0,0,0,0,0,0,0,0,0,0,0,0,0,0,0,0,0,0,0,0,0.0,0.0,0,"[""SEG-JOVEM"", ""SEG-ALTA-RENDA"", ""SEG-POUPADOR""]",0
697033,2023-02-28,N,BR,M,62,2014-06-13,0.0,104,1.0,,1,A,S,N,,KFC,N,SP,1.0,94571.2,02 - VAREJO,0,0,1,0,0,0,0,0,0,0,0,1,0,1,0,0,0,0,0,0,0,0.0,0.0,0,"[""SEG-SENIOR"", ""SEG-CREDITO-ATIVO"", ""SEG-SEM-CARTAO"", ""SEG-POUPADOR"", ""SEG-INVESTIDOR-EXPERIENTE"", ""SEG-VIAJANTE-EVENTO""]",1
1341879,2023-02-28,N,BR,F,29,2021-10-27,0.0,16,1.0,,1.0,I,S,N,,KHK,N,RJ,0.0,224533.24,02 - VAREJO,0,0,0,0,0,0,0,0,0,0,0,0,0,0,0,0,0,0,0,0,0,0.0,0.0,0,"[""SEG-JOVEM"", ""SEG-ALTA-RENDA"", ""SEG-POUPADOR"", ""SEG-VIAJANTE-EVENTO""]",1
417819,2022-06-28,N,BR,F,49,2010-06-09,0.0,145,1.0,,1.0,A,S,N,,KAW,N,MG,1.0,33849.79,02 - VAREJO,0,0,0,0,1,0,0,0,0,0,0,0,1,1,1,0,0,0,0,0,0,1.0,1.0,1,"[""SEG-CREDITO-ATIVO"", ""SEG-SEM-CARTAO"", ""SEG-POUPADOR"", ""SEG-INVESTIDOR-EXPERIENTE"", ""SEG-PERFIL-FAMILIAR"", ""SEG-PROPRIETARIO""]",0
953549,2023-05-28,N,BR,F,25,2018-10-03,0.0,55,1.0,,1.0,A,S,N,,KHE,N,MG,1.0,149964.22,03 - UNIVERSITARIO,0,0,1,0,0,0,0,0,0,0,0,0,0,0,0,0,0,0,0,0,0,0.0,0.0,0,"[""SEG-JOVEM"", ""SEG-ALTA-RENDA"", ""SEG-CREDITO-ATIVO"", ""SEG-SEM-CARTAO"", ""SEG-INVESTIDOR-INICIANTE"", ""SEG-POUPADOR"", ""SEG-PERFIL-FAMILIAR""]",0
650281,2022-10-28,N,BR,F,56,2013-10-21,0.0,108,1.0,,1.0,A,S,N,,KAT,N,SP,1.0,11221.84,01 - ALTA RENDA,0,0,1,0,0,0,0,0,0,0,0,1,0,0,0,0,0,0,0,0,0,0.0,0.0,0,"[""SEG-VIP"", ""SEG-SENIOR"", ""SEG-SEM-CARTAO"", ""SEG-INVESTIDOR-INICIANTE"", ""SEG-PERFIL-FAMILIAR""]",0
1254666,2022-05-28,N,BR,M,18,2021-04-23,0.0,15,1.0,,1.0,A,S,N,,KFA,N,SP,1.0,232011.13,02 - VAREJO,0,0,0,0,0,1,0,0,0,0,0,0,0,0,0,0,0,0,0,0,0,0.0,0.0,0,"[""SEG-JOVEM"", ""SEG-CREDITO-ATIVO"", ""SEG-SEM-CARTAO"", ""SEG-INVESTIDOR-INICIANTE"", ""SEG-POUPADOR""]",0
1123021,2023-03-28,N,BR,M,31,2020-02-27,0.0,37,1.0,,1.0,A,S,N,,KFC,N,RJ,1.0,84895.87,02 - VAREJO,0,0,1,0,0,0,0,0,0,0,0,0,1,0,0,0,0,1,1,0,0,1.0,1.0,0,"[""SEG-ALTA-RENDA"", ""SEG-CREDITO-ATIVO"", ""SEG-INVESTIDOR-INICIANTE"", ""SEG-POUPADOR"", ""SEG-CONTRIBUINTE-IR"", ""SEG-PERFIL-FAMILIAR""]",0
264060,2023-05-28,N,BR,F,49,2008-07-24,0.0,178,1.0,,1.0,A,S,N,,KAT,N,SP,1.0,24527.93,02 - VAREJO,0,0,1,0,0,0,0,0,0,0,0,0,1,0,0,0,0,0,1,0,0,0.0,0.0,0,"[""SEG-INVESTIDOR-INICIANTE"", ""SEG-PERFIL-FAMILIAR"", ""SEG-VIAJANTE-EVENTO""]",1
939674,2022-08-28,N,BR,M,22,2018-09-07,0.0,47,1.0,,1.0,A,S,N,,KHD,N,CE,1.0,19622.19,03 - UNIVERSITARIO,0,0,1,0,0,0,0,0,0,0,0,0,0,0,0,0,0,0,0,0,0,0.0,0.0,0,"[""SEG-JOVEM"", ""SEG-SEM-CARTAO"", ""SEG-INVESTIDOR-INICIANTE""]",0
1522550,2023-04-28,N,BR,F,56,2023-01-10,1.0,3,1.0,,1,A,S,N,,KHM,N,BA,1.0,28856.73,02 - VAREJO,0,0,1,0,0,0,0,0,0,0,0,0,0,0,0,0,0,0,0,0,0,0.0,0.0,0,"[""SEG-SENIOR"", ""SEG-SEM-CARTAO"", ""SEG-INVESTIDOR-INICIANTE"", ""SEG-PERFIL-FAMILIAR""]",0
164312,2022-07-28,N,BR,F,42,2007-03-27,0.0,184,1.0,,1.0,A,S,N,,KAS,N,RJ,1.0,54081.01,02 - VAREJO,0,0,1,0,0,0,0,0,0,0,0,0,0,0,0,0,0,0,0,0,0,0.0,0.0,0,"[""SEG-CREDITO-ATIVO"", ""SEG-SEM-CARTAO"", ""SEG-INVESTIDOR-INICIANTE"", ""SEG-POUPADOR"", ""SEG-CONTRIBUINTE-IR"", ""SEG-PERFIL-FAMILIAR""]",0
146279,2022-08-28,N,BR,F,44,2006-11-11,0.0,189,1.0,,1.0,A,S,N,,KAT,N,RR,1.0,30567.6,02 - VAREJO,0,0,1,0,0,0,0,0,0,0,0,0,0,0,1,0,0,0,1,0,0,0.0,0.0,1,"[""SEG-INVESTIDOR-INICIANTE"", ""SEG-PERFIL-FAMILIAR"", ""SEG-PROPRIETARIO""]",0
1074719,2022-11-28,N,BR,F,26,2019-10-04,0.0,37,1.0,,1.0,A,S,N,,KHE,N,SP,1.0,50671.97,03 - UNIVERSITARIO,0,0,1,0,0,0,0,0,0,0,0,0,0,0,0,0,0,0,0,0,0,0.0,0.0,0,"[""SEG-JOVEM"", ""SEG-CREDITO-ATIVO"", ""SEG-SEM-CARTAO"", ""SEG-INVESTIDOR-INICIANTE"", ""SEG-POUPADOR"", ""SEG-PERFIL-FAMILIAR""]",0
1393953,2022-09-28,N,BR,F,27,2022-04-26,1.0,5,1.0,,1.0,I,S,N,,KHM,N,BA,0.0,8917.87,02 - VAREJO,0,0,0,0,0,0,0,0,0,0,0,0,0,0,0,0,0,0,0,0,0,0.0,0.0,0,"[""SEG-JOVEM""]",0
863263,2023-01-28,N,BR,F,52,2017-01-28,0.0,72,1.0,,1.0,A,S,N,,KFC,N,MG,1.0,23532.88,02 - VAREJO,0,0,1,0,0,0,0,0,0,0,0,0,0,1,0,0,0,0,0,0,0,0.0,0.0,0,"[""SEG-SEM-CARTAO"", ""SEG-INVESTIDOR-EXPERIENTE"", ""SEG-PERFIL-FAMILIAR""]",0
520454,2022-07-28,N,BR,F,43,2012-03-01,0.0,125,1.0,,1.0,A,S,N,,KFC,N,SP,1.0,46705.69,02 - VAREJO,0,0,0,0,1,0,0,1,1,0,0,0,0,0,0,0,0,1,0,0,0,1.0,1.0,1,"[""SEG-CREDITO-ATIVO"", ""SEG-SEM-CARTAO"", ""SEG-INVESTIDOR-INICIANTE"", ""SEG-POUPADOR"", ""SEG-CONTRIBUINTE-IR"", ""SEG-PERFIL-FAMILIAR""]",0
925250,2023-01-28,N,BR,F,25,2018-08-01,0.0,53,1.0,,1,A,S,N,,KHE,N,GO,1.0,69278.74,03 - UNIVERSITARIO,0,0,1,0,0,0,0,0,0,0,0,0,0,0,0,0,0,0,0,0,0,0.0,0.0,0,"[""SEG-JOVEM"", ""SEG-ALTA-RENDA"", ""SEG-CREDITO-ATIVO"", ""SEG-SEM-CARTAO"", ""SEG-INVESTIDOR-INICIANTE"", ""SEG-POUPADOR"", ""SEG-PERFIL-FAMILIAR""]",0
744997,2022-10-28,N,BR,F,49,2015-11-19,0.0,83,1.0,,1.0,A,S,N,,KAT,N,SP,1.0,90425.81,02 - VAREJO,0,0,1,0,0,0,0,0,1,0,0,0,0,0,0,0,0,1,1,0,0,0.0,0.0,1,"[""SEG-ALTA-RENDA"", ""SEG-CREDITO-ATIVO"", ""SEG-INVESTIDOR-INICIANTE"", ""SEG-POUPADOR"", ""SEG-CONTRIBUINTE-IR"", ""SEG-PERFIL-FAMILIAR""]",0
906082,2022-12-28,N,BR,M,58,2018-03-07,0.0,57,1.0,,1,I,S,N,,KFC,N,RJ,0.0,95576.6,02 - VAREJO,0,0,0,0,0,0,0,0,0,0,0,0,0,0,0,0,0,0,0,0,0,0.0,0.0,0,"[""SEG-SENIOR"", ""SEG-POUPADOR"", ""SEG-CONTRIBUINTE-IR""]",0
416656,2022-07-28,N,BR,F,42,2010-04-28,0.0,147,1.0,,1.0,A,S,N,,KFC,N,SC,1.0,16536.39,02 - VAREJO,0,0,1,0,0,0,0,1,1,0,0,0,0,0,1,0,0,1,0,0,0,0.0,0.0,1,"[""SEG-SEM-CARTAO"", ""SEG-INVESTIDOR-INICIANTE"", ""SEG-PERFIL-FAMILIAR"", ""SEG-PROPRIETARIO""]",0
362958,2023-03-28,N,BR,M,47,2009-06-10,0.0,165,1.0,,1.0,A,S,N,,KAT,N,SP,1.0,336546.08,02 - VAREJO,0,0,0,0,1,0,0,1,0,0,0,0,0,0,1,0,0,0,0,0,0,1.0,1.0,1,"[""SEG-ALTA-RENDA"", ""SEG-CREDITO-ATIVO"", ""SEG-SEM-CARTAO"", ""SEG-INVESTIDOR-INICIANTE"", ""SEG-POUPADOR"", ""SEG-CONTRIBUINTE-IR"", ""SEG-PERFIL-FAMILIAR"", ""SEG-PROPRIETARIO""]",0
1041536,2023-03-28,N,BR,M,21,2019-08-03,0.0,43,1.0,,1.0,I,S,N,,KHE,N,PR,1.0,9206.23,03 - UNIVERSITARIO,0,0,1,0,0,0,0,0,0,0,0,0,0,0,0,0,0,0,0,0,0,0.0,0.0,0,"[""SEG-JOVEM"", ""SEG-SEM-CARTAO"", ""SEG-INVESTIDOR-INICIANTE""]",0
143771,2022-05-28,N,BR,M,39,2009-01-09,0.0,162,1.0,,1.0,A,S,N,,KFC,N,SP,1.0,45999.35,02 - VAREJO,0,0,0,0,1,0,0,0,0,0,0,0,0,0,0,0,0,0,0,0,0,1.0,1.0,1,"[""SEG-CREDITO-ATIVO"", ""SEG-SEM-CARTAO"", ""SEG-INVESTIDOR-INICIANTE"", ""SEG-POUPADOR"", ""SEG-CONTRIBUINTE-IR"", ""SEG-PERFIL-FAMILIAR""]",0
1234896,2023-01-28,N,BR,M,32,2020-12-31,0.0,24,1.0,,1,I,S,N,,KFC,N,SP,0.0,558358.97,02 - VAREJO,0,0,0,0,0,0,0,0,0,0,0,0,0,0,0,0,0,0,0,0,0,0.0,0.0,0,"[""SEG-ALTA-RENDA"", ""SEG-POUPADOR"", ""SEG-CONTRIBUINTE-IR""]",0
668952,2022-07-28,N,BR,M,29,2014-01-15,0.0,102,1.0,,1.0,A,S,N,,KFC,N,BA,1.0,76857.16,03 - UNIVERSITARIO,0,0,1,0,0,0,0,0,0,0,0,0,0,0,0,0,0,0,0,0,0,0.0,0.0,0,"[""SEG-JOVEM"", ""SEG-ALTA-RENDA"", ""SEG-CREDITO-ATIVO"", ""SEG-SEM-CARTAO"", ""SEG-INVESTIDOR-INICIANTE"", ""SEG-POUPADOR"", ""SEG-PERFIL-FAMILIAR""]",0
142145,2023-04-28,N,BR,F,41,2006-09-08,0.0,199,1.0,,1,A,S,N,,KAT,N,RJ,0.0,98807.94,02 - VAREJO,0,0,1,0,0,0,0,0,0,0,0,0,0,0,0,0,0,0,0,0,0,0.0,0.0,0,"[""SEG-ALTA-RENDA"", ""SEG-POUPADOR"", ""SEG-CONTRIBUINTE-IR""]",0
869959,2023-01-28,N,BR,M,95,2017-03-26,0.0,70,1.0,,1.0,A,S,N,,KAT,N,SP,1.0,41219.11,02 - VAREJO,0,0,1,0,0,0,0,0,0,0,0,0,0,0,0,0,0,0,0,0,0,0.0,0.0,0,"[""SEG-SENIOR"", ""SEG-CREDITO-ATIVO"", ""SEG-SEM-CARTAO"", ""SEG-INVESTIDOR-INICIANTE"", ""SEG-POUPADOR""]",0
1183451,2023-04-28,N,BR,F,26,2020-09-25,0.0,31,1.0,,1.0,A,S,N,,KHE,N,SP,1.0,40409.96,03 - UNIVERSITARIO,0,0,1,0,0,0,0,0,0,0,0,0,0,0,0,0,0,0,0,0,0,0.0,0.0,0,"[""SEG-JOVEM"", ""SEG-CREDITO-ATIVO"", ""SEG-SEM-CARTAO"", ""SEG-INVESTIDOR-INICIANTE"", ""SEG-POUPADOR"", ""SEG-PERFIL-FAMILIAR""]",0
19908,2022-07-28,N,BR,F,74,2002-06-29,0.0,241,1.0,,1.0,A,S,N,,KAT,N,SP,1.0,13613.66,01 - ALTA RENDA,0,0,1,0,0,0,0,0,0,0,0,1,1,0,0,0,0,0,0,1,0,0.0,0.0,0,"[""SEG-VIP"", ""SEG-SENIOR"", ""SEG-SEM-CARTAO"", ""SEG-INVESTIDOR-INICIANTE""]",0
410141,2023-01-28,N,BR,F,40,2010-03-07,0.0,132,1.0,,1.0,A,S,N,,KAT,N,SP,1.0,610056.77,02 - VAREJO,0,0,1,0,0,0,0,0,1,0,0,0,0,0,0,0,0,1,0,0,0,0.0,0.0,0,"[""SEG-ALTA-RENDA"", ""SEG-CREDITO-ATIVO"", ""SEG-SEM-CARTAO"", ""SEG-INVESTIDOR-INICIANTE"", ""SEG-POUPADOR"", ""SEG-CONTRIBUINTE-IR"", ""SEG-PERFIL-FAMILIAR""]",0
88611,2022-08-28,N,BR,F,66,2005-03-30,0.0,209,1.0,,1.0,A,S,N,,KAT,N,SP,1.0,148278.87,03 - UNIVERSITARIO,0,0,1,0,0,0,0,0,0,0,0,0,0,0,1,0,0,0,1,0,0,0.0,0.0,1,"[""SEG-SENIOR"", ""SEG-CREDITO-ATIVO"", ""SEG-INVESTIDOR-INICIANTE"", ""SEG-POUPADOR"", ""SEG-PROPRIETARIO""]",0
117382,2023-01-28,N,BR,M,72,2006-01-04,0.0,204,1.0,,1.0,A,S,N,,KAT,N,SP,1.0,116972.76,01 - ALTA RENDA,0,0,1,0,0,0,0,1,1,0,0,1,0,0,0,0,0,0,0,0,0,0.0,0.0,0,"[""SEG-VIP"", ""SEG-SENIOR"", ""SEG-CREDITO-ATIVO"", ""SEG-SEM-CARTAO"", ""SEG-INVESTIDOR-INICIANTE"", ""SEG-POUPADOR""]",0
1118383,2022-07-28,N,BR,M,64,2020-01-17,0.0,30,1.0,,1,A,S,N,,KFC,N,PR,1.0,36964.9,01 - ALTA RENDA,0,0,0,0,1,0,0,0,0,0,0,0,0,1,0,0,0,0,0,1,0,0.0,1.0,0,"[""SEG-VIP"", ""SEG-SENIOR"", ""SEG-CREDITO-ATIVO"", ""SEG-SEM-CARTAO"", ""SEG-POUPADOR""]",0
310369,2022-12-28,N,BR,F,47,2008-12-24,0.0,168,1.0,,1,A,S,N,,KAT,N,SP,1.0,346272.39,02 - VAREJO,0,0,1,0,0,0,0,1,0,0,0,0,0,0,0,0,0,0,0,0,0,0.0,0.0,0,"[""SEG-ALTA-RENDA"", ""SEG-CREDITO-ATIVO"", ""SEG-SEM-CARTAO"", ""SEG-INVESTIDOR-INICIANTE"", ""SEG-POUPADOR"", ""SEG-CONTRIBUINTE-IR"", ""SEG-PERFIL-FAMILIAR"", ""SEG-VIAJANTE-EVENTO""]",1
411874,2022-11-28,N,BR,M,45,2010-03-21,0.0,152,1.0,,1.0,A,S,N,,KFC,N,MG,1.0,18071.39,01 - ALTA RENDA,0,0,0,0,1,0,0,0,1,0,0,1,0,0,1,0,0,1,0,0,0,1.0,1.0,1,"[""SEG-VIP"", ""SEG-SEM-CARTAO"", ""SEG-INVESTIDOR-INICIANTE"", ""SEG-PERFIL-FAMILIAR"", ""SEG-PROPRIETARIO""]",0
115852,2022-09-28,N,BR,F,47,2005-12-21,0.0,201,1.0,,1.0,A,S,N,,KAT,N,SP,1.0,38453.4,01 - ALTA RENDA,0,0,0,0,1,0,0,0,1,0,0,1,1,1,0,0,0,0,1,0,0,1.0,1.0,1,"[""SEG-VIP"", ""SEG-CREDITO-ATIVO"", ""SEG-POUPADOR"", ""SEG-INVESTIDOR-EXPERIENTE"", ""SEG-PERFIL-FAMILIAR""]",0
393244,2023-02-28,N,BR,F,57,2009-11-28,0.0,159,1.0,,1.0,A,S,N,,KEY,N,PE,1.0,26912.86,02 - VAREJO,0,0,1,0,0,0,0,1,0,0,0,1,0,1,0,0,0,0,0,0,0,0.0,0.0,0,"[""SEG-SENIOR"", ""SEG-SEM-CARTAO"", ""SEG-INVESTIDOR-EXPERIENTE"", ""SEG-PERFIL-FAMILIAR""]",0
1364957,2022-09-28,N,BR,F,19,2021-12-03,0.0,10,1.0,,1,I,S,N,,KHE,N,CE,0.0,33901.19,03 - UNIVERSITARIO,0,0,0,0,0,0,0,0,0,0,0,0,0,0,0,0,0,0,0,0,0,0.0,0.0,0,"[""SEG-JOVEM"", ""SEG-POUPADOR""]",0
75221,2023-02-28,N,BR,M,48,2004-10-31,0.0,220,1.0,,1.0,A,S,N,,KAT,N,SP,1.0,461848.37,02 - VAREJO,0,0,0,0,1,0,0,0,0,0,0,0,1,0,1,0,0,1,1,1,0,1.0,1.0,1,"[""SEG-ALTA-RENDA"", ""SEG-CREDITO-ATIVO"", ""SEG-INVESTIDOR-INICIANTE"", ""SEG-POUPADOR"", ""SEG-CONTRIBUINTE-IR"", ""SEG-PERFIL-FAMILIAR"", ""SEG-PROPRIETARIO""]",0
844012,2022-07-28,N,BR,M,32,2016-06-05,0.0,29,1.0,,1.0,A,S,N,,KAT,N,SP,1.0,95267.63,02 - VAREJO,0,0,1,0,0,0,0,0,0,0,0,0,0,0,0,0,0,0,0,0,0,0.0,0.0,0,"[""SEG-ALTA-RENDA"", ""SEG-CREDITO-ATIVO"", ""SEG-SEM-CARTAO"", ""SEG-INVESTIDOR-INICIANTE"", ""SEG-POUPADOR"", ""SEG-CONTRIBUINTE-IR"", ""SEG-PERFIL-FAMILIAR""]",0
141769,2023-02-28,N,BR,F,55,2006-09-03,0.0,118,1.0,,1.0,A,S,S,,KAT,N,SC,1.0,17052.73,02 - VAREJO,0,0,0,0,1,0,0,0,0,0,0,0,1,0,1,0,0,0,0,1,0,1.0,1.0,1,"[""SEG-SENIOR"", ""SEG-SEM-CARTAO"", ""SEG-INVESTIDOR-INICIANTE"", ""SEG-PERFIL-FAMILIAR"", ""SEG-PROPRIETARIO""]",0
292965,2022-09-28,N,BR,F,69,2008-11-08,0.0,90,1.0,,1.0,A,S,N,,,S,PR,0.0,27122.21,,0,0,0,0,0,0,0,0,0,0,0,0,0,0,0,0,0,0,0,0,0,0.0,0.0,0,"[""SEG-SENIOR""]",0
1136040,2023-03-28,N,BR,M,32,2020-06-03,0.0,19,1.0,,1,A,S,N,,KAT,N,RO,1.0,56848.63,02 - VAREJO,0,0,1,0,0,0,0,0,0,0,0,0,0,0,0,0,0,0,0,0,0,0.0,0.0,0,"[""SEG-CREDITO-ATIVO"", ""SEG-SEM-CARTAO"", ""SEG-INVESTIDOR-INICIANTE"", ""SEG-POUPADOR"", ""SEG-CONTRIBUINTE-IR"", ""SEG-PERFIL-FAMILIAR"", ""SEG-VIAJANTE-EVENTO""]",1
1158741,2022-01-28,N,BR,M,27,2020-08-07,0.0,23,1.0,,1.0,I,S,N,,KHE,N,RJ,0.0,63193.16,03 - UNIVERSITARIO,0,0,1,0,0,0,0,0,0,0,0,0,0,0,0,0,0,0,0,0,0,0.0,0.0,0,"[""SEG-JOVEM"", ""SEG-ALTA-RENDA"", ""SEG-POUPADOR""]",0
245998,2023-02-28,N,BR,F,67,2008-05-14,0.0,177,1.0,,1.0,A,S,N,,KAT,N,SP,1.0,41005.03,01 - ALTA RENDA,0,0,1,0,0,0,0,0,0,0,0,1,0,0,0,0,0,0,0,0,0,0.0,0.0,0,"[""SEG-VIP"", ""SEG-SENIOR"", ""SEG-CREDITO-ATIVO"", ""SEG-SEM-CARTAO"", ""SEG-INVESTIDOR-INICIANTE"", ""SEG-POUPADOR""]",0
75347,2022-12-28,N,BR,M,72,2004-11-03,0.0,218,1.0,,1.0,A,S,N,,KAT,N,RJ,1.0,44526.06,02 - VAREJO,0,0,1,0,0,0,0,1,0,0,0,0,1,0,0,0,0,0,0,0,0,0.0,0.0,0,"[""SEG-SENIOR"", ""SEG-CREDITO-ATIVO"", ""SEG-SEM-CARTAO"", ""SEG-INVESTIDOR-INICIANTE"", ""SEG-POUPADOR""]",0
64127,2022-10-28,N,BR,M,54,2019-01-31,0.0,221,1.0,,1.0,I,S,N,,KAT,N,SP,0.0,97350.69,02 - VAREJO,0,0,0,0,0,0,0,0,0,0,0,0,0,0,0,0,0,0,0,0,0,0.0,0.0,0,"[""SEG-ALTA-RENDA"", ""SEG-POUPADOR"", ""SEG-CONTRIBUINTE-IR""]",0
232710,2022-03-28,N,BR,F,36,2008-03-24,0.0,172,1.0,,1.0,A,S,S,,KFC,N,AM,1.0,323618.23,02 - VAREJO,0,0,1,0,0,0,0,0,0,0,0,0,0,0,0,0,0,0,0,0,0,0.0,0.0,1,"[""SEG-ALTA-RENDA"", ""SEG-CREDITO-ATIVO"", ""SEG-SEM-CARTAO"", ""SEG-INVESTIDOR-INICIANTE"", ""SEG-POUPADOR"", ""SEG-CONTRIBUINTE-IR"", ""SEG-PERFIL-FAMILIAR""]",0
104870,2023-04-28,N,BR,M,53,2019-07-05,0.0,45,1.0,,1.0,A,S,N,,KAT,N,SC,1.0,106076.47,02 - VAREJO,0,0,1,0,0,0,0,0,0,0,0,0,0,0,0,0,0,0,0,0,0,0.0,0.0,0,"[""SEG-ALTA-RENDA"", ""SEG-CREDITO-ATIVO"", ""SEG-SEM-CARTAO"", ""SEG-INVESTIDOR-INICIANTE"", ""SEG-POUPADOR"", ""SEG-CONTRIBUINTE-IR"", ""SEG-PERFIL-FAMILIAR""]",0
329089,2022-12-28,N,BR,F,70,2009-02-11,0.0,166,1.0,,1.0,A,S,N,,KAT,N,SP,1.0,366280.39,01 - ALTA RENDA,0,0,1,0,0,0,0,1,0,0,0,1,1,0,0,0,0,0,0,0,0,0.0,0.0,1,"[""SEG-VIP"", ""SEG-SENIOR"", ""SEG-CREDITO-ATIVO"", ""SEG-SEM-CARTAO"", ""SEG-INVESTIDOR-INICIANTE"", ""SEG-POUPADOR""]",0
1378177,2023-01-28,N,BR,F,48,2022-01-26,0.0,12,1.0,,1,A,S,N,,KHK,N,SP,1.0,71811.46,02 - VAREJO,0,0,1,0,0,0,0,0,0,0,0,0,0,0,0,0,0,0,0,0,0,0.0,0.0,0,"[""SEG-ALTA-RENDA"", ""SEG-CREDITO-ATIVO"", ""SEG-SEM-CARTAO"", ""SEG-INVESTIDOR-INICIANTE"", ""SEG-POUPADOR"", ""SEG-CONTRIBUINTE-IR"", ""SEG-PERFIL-FAMILIAR""]",0
1254397,2023-02-28,N,BR,F,39,2021-04-21,0.0,22,1.0,,1.0,A,S,N,,KFC,N,CE,1.0,54858.55,02 - VAREJO,0,0,1,0,0,0,0,0,0,0,0,0,1,0,0,0,0,0,0,0,0,0.0,0.0,1,"[""SEG-CREDITO-ATIVO"", ""SEG-SEM-CARTAO"", ""SEG-INVESTIDOR-INICIANTE"", ""SEG-POUPADOR"", ""SEG-CONTRIBUINTE-IR"", ""SEG-PERFIL-FAMILIAR""]",0
735153,2022-03-28,N,BR,M,40,2014-11-29,0.0,92,1.0,,1.0,I,S,N,,KAT,N,CE,1.0,67428.5,02 - VAREJO,0,0,1,0,0,0,0,0,0,0,0,0,0,0,0,0,0,0,0,0,0,0.0,0.0,0,"[""SEG-ALTA-RENDA"", ""SEG-CREDITO-ATIVO"", ""SEG-SEM-CARTAO"", ""SEG-INVESTIDOR-INICIANTE"", ""SEG-POUPADOR"", ""SEG-CONTRIBUINTE-IR"", ""SEG-PERFIL-FAMILIAR""]",0
143119,2023-05-28,N,BR,F,70,2009-03-01,0.0,171,1.0,,1.0,A,S,N,,KAT,N,SP,1.0,9050.46,01 - ALTA RENDA,0,0,1,0,0,0,0,1,0,0,0,1,1,0,0,0,0,0,0,0,0,0.0,0.0,0,"[""SEG-VIP"", ""SEG-SENIOR"", ""SEG-SEM-CARTAO"", ""SEG-INVESTIDOR-INICIANTE""]",0
1259761,2023-01-28,N,BR,F,45,2021-05-26,0.0,20,1.0,,1,A,S,N,,KFC,N,BA,1.0,8763.94,01 - ALTA RENDA,0,0,1,0,0,0,0,0,0,0,0,1,0,0,0,0,0,0,0,0,0,0.0,0.0,0,"[""SEG-VIP"", ""SEG-SEM-CARTAO"", ""SEG-INVESTIDOR-INICIANTE"", ""SEG-PERFIL-FAMILIAR""]",0
654719,2023-05-28,N,BR,M,33,2013-11-07,0.0,114,1.0,,1,I,S,N,,KFC,N,RJ,0.0,82750.5,02 - VAREJO,0,0,1,0,0,0,0,0,0,0,0,0,0,0,0,0,0,0,0,0,0,0.0,0.0,0,"[""SEG-ALTA-RENDA"", ""SEG-POUPADOR"", ""SEG-CONTRIBUINTE-IR""]",0
1170626,2023-05-28,N,BR,M,30,2020-08-28,0.0,33,1.0,,1,A,S,N,,KFC,N,AM,1.0,14431.25,03 - UNIVERSITARIO,0,0,0,0,1,0,0,0,0,0,0,0,0,0,0,0,0,0,0,0,0,1.0,1.0,1,"[""SEG-SEM-CARTAO"", ""SEG-INVESTIDOR-INICIANTE"", ""SEG-PERFIL-FAMILIAR""]",0
759848,2022-11-28,N,BR,M,51,2015-05-09,0.0,90,1.0,,1.0,A,S,N,,KAA,N,RJ,1.0,333784.5,01 - ALTA RENDA,0,0,1,0,0,0,0,0,1,0,0,0,0,1,0,0,0,0,0,0,0,0.0,0.0,0,"[""SEG-VIP"", ""SEG-ALTA-RENDA"", ""SEG-CREDITO-ATIVO"", ""SEG-SEM-CARTAO"", ""SEG-POUPADOR"", ""SEG-CONTRIBUINTE-IR"", ""SEG-INVESTIDOR-EXPERIENTE"", ""SEG-PERFIL-FAMILIAR""]",0
1378348,2023-03-28,N,BR,M,36,2022-01-26,0.0,14,1.0,,1.0,A,S,N,,KHK,N,RO,1.0,10417.32,02 - VAREJO,0,0,1,0,0,0,0,0,0,0,0,0,0,0,0,0,0,0,0,0,0,0.0,0.0,0,"[""SEG-SEM-CARTAO"", ""SEG-INVESTIDOR-INICIANTE"", ""SEG-PERFIL-FAMILIAR""]",0
1322190,2022-10-28,N,BR,M,23,2021-10-03,0.0,12,1.0,,1.0,I,S,N,,KHE,N,PE,0.0,25883.83,03 - UNIVERSITARIO,0,0,1,0,0,0,0,0,0,0,0,0,0,0,0,0,0,0,0,0,0,0.0,0.0,0,"[""SEG-JOVEM""]",0
321756,2022-09-28,N,BR,M,43,2009-01-25,0.0,164,1.0,,1.0,A,S,N,,KAT,N,MG,1.0,18415.59,02 - VAREJO,0,0,1,0,0,0,0,1,0,0,0,0,0,1,0,0,0,0,0,0,0,0.0,0.0,0,"[""SEG-SEM-CARTAO"", ""SEG-INVESTIDOR-EXPERIENTE"", ""SEG-PERFIL-FAMILIAR""]",0
393631,2023-01-28,N,BR,F,47,2009-11-30,0.0,158,1.0,,1.0,A,S,N,,KAT,N,MG,1.0,27876.06,02 - VAREJO,0,0,0,0,1,0,0,0,0,0,0,0,1,0,1,0,0,0,0,0,0,1.0,1.0,1,"[""SEG-SEM-CARTAO"", ""SEG-INVESTIDOR-INICIANTE"", ""SEG-PERFIL-FAMILIAR"", ""SEG-PROPRIETARIO""]",0
95257,2022-10-28,N,BR,M,55,2005-05-06,0.0,209,1.0,,1.0,A,S,S,,KAT,N,MG,1.0,9015.58,02 - VAREJO,0,0,0,0,1,0,0,0,1,0,0,0,1,0,0,0,0,1,1,0,0,1.0,1.0,1,"[""SEG-SENIOR"", ""SEG-INVESTIDOR-INICIANTE"", ""SEG-PERFIL-FAMILIAR""]",0
763689,2023-05-28,N,BR,F,31,2015-04-24,0.0,97,1.0,,1,I,S,N,,KFC,N,SP,0.0,47828.31,02 - VAREJO,0,0,1,0,0,0,0,0,0,0,0,0,0,0,0,0,0,0,0,0,0,0.0,0.0,0,"[""SEG-POUPADOR"", ""SEG-CONTRIBUINTE-IR""]",0
255797,2022-10-28,N,BR,F,76,2008-06-22,0.0,172,1.0,,1.0,A,S,N,,KAC,N,MT,1.0,28532.87,01 - ALTA RENDA,0,0,1,0,0,0,0,0,0,0,0,0,0,1,0,0,0,0,0,0,0,0.0,0.0,0,"[""SEG-VIP"", ""SEG-SENIOR"", ""SEG-SEM-CARTAO"", ""SEG-INVESTIDOR-EXPERIENTE"", ""SEG-VIAJANTE-EVENTO""]",1
432411,2023-05-28,N,BR,M,48,2010-08-25,0.0,153,1.0,,1,I,S,N,,KAT,N,BA,0.0,319218.26,02 - VAREJO,0,0,0,0,0,0,0,0,0,0,0,0,0,0,0,0,0,0,0,0,0,0.0,0.0,0,"[""SEG-ALTA-RENDA"", ""SEG-POUPADOR"", ""SEG-CONTRIBUINTE-IR"", ""SEG-VIAJANTE-EVENTO""]",1
215607,2022-06-28,N,BR,F,56,2008-01-16,0.0,174,1.0,,1.0,I,S,N,,KAT,N,SP,1.0,17742.65,02 - VAREJO,0,0,1,0,0,0,0,1,0,0,0,0,0,0,0,0,0,0,0,0,0,0.0,0.0,0,"[""SEG-SENIOR"", ""SEG-SEM-CARTAO"", ""SEG-INVESTIDOR-INICIANTE"", ""SEG-PERFIL-FAMILIAR""]",0
878425,2022-02-28,N,BR,F,53,2017-05-15,0.0,62,1.0,,1.0,A,S,N,,KFC,N,MG,1.0,238103.77,01 - ALTA RENDA,0,0,1,0,0,0,0,0,0,0,0,1,0,1,0,0,0,0,0,0,0,0.0,0.0,0,"[""SEG-VIP"", ""SEG-ALTA-RENDA"", ""SEG-CREDITO-ATIVO"", ""SEG-SEM-CARTAO"", ""SEG-POUPADOR"", ""SEG-CONTRIBUINTE-IR"", ""SEG-INVESTIDOR-EXPERIENTE"", ""SEG-PERFIL-FAMILIAR""]",0
1083635,2022-02-28,N,BR,M,23,2019-10-18,0.0,33,1.0,,1.0,I,S,N,,KHE,N,MG,0.0,8785.16,03 - UNIVERSITARIO,0,0,1,0,0,0,0,0,0,0,0,0,0,0,0,0,0,0,0,0,0,0.0,0.0,0,"[""SEG-JOVEM""]",0
1079206,2022-11-28,N,BR,M,22,2019-10-11,0.0,37,1.0,,1.0,A,S,N,,KHE,N,SP,1.0,30381.46,03 - UNIVERSITARIO,0,0,1,0,0,0,0,0,0,0,0,0,0,0,0,0,0,0,0,0,0,0.0,0.0,0,"[""SEG-JOVEM"", ""SEG-SEM-CARTAO"", ""SEG-INVESTIDOR-INICIANTE""]",0
289565,2023-04-28,N,BR,F,55,2008-11-02,0.0,173,1.0,,1.0,A,S,N,,KFC,N,RR,1.0,79821.07,01 - ALTA RENDA,0,0,1,0,0,0,0,1,0,0,0,0,0,0,0,0,0,0,0,0,0,0.0,0.0,0,"[""SEG-VIP"", ""SEG-SENIOR"", ""SEG-ALTA-RENDA"", ""SEG-CREDITO-ATIVO"", ""SEG-SEM-CARTAO"", ""SEG-INVESTIDOR-INICIANTE"", ""SEG-POUPADOR"", ""SEG-CONTRIBUINTE-IR"", ""SEG-PERFIL-FAMILIAR""]",0
16244,2023-01-28,N,BR,F,49,2002-03-10,0.0,250,1.0,,1.0,I,S,N,,KAT,N,SP,0.0,133559.79,02 - VAREJO,0,0,0,0,0,0,0,0,0,0,0,0,0,0,0,0,0,0,0,0,0,0.0,0.0,0,"[""SEG-ALTA-RENDA"", ""SEG-POUPADOR"", ""SEG-CONTRIBUINTE-IR""]",0
1065061,2023-04-28,N,BR,F,60,2019-09-21,0.0,43,1.0,,1,I,S,N,,KAT,N,MG,0.0,8638.77,02 - VAREJO,0,0,0,0,0,0,0,0,0,0,0,0,0,0,0,0,0,0,0,0,0,0.0,0.0,0,"[""SEG-SENIOR""]",0
195993,2022-07-28,N,BR,M,44,2007-10-02,0.0,178,1.0,,1,A,S,N,,KAT,N,PE,1.0,61380.93,02 - VAREJO,0,0,1,0,0,0,0,0,1,0,0,0,0,0,1,0,0,1,0,0,0,0.0,0.0,1,"[""SEG-ALTA-RENDA"", ""SEG-CREDITO-ATIVO"", ""SEG-SEM-CARTAO"", ""SEG-INVESTIDOR-INICIANTE"", ""SEG-POUPADOR"", ""SEG-CONTRIBUINTE-IR"", ""SEG-PERFIL-FAMILIAR"", ""SEG-PROPRIETARIO""]",0
672820,2023-03-28,N,BR,F,54,2014-01-29,0.0,110,1.0,,1,A,S,N,,KFC,N,BA,1.0,13677.6,01 - ALTA RENDA,0,0,1,0,0,0,0,1,0,0,0,1,0,0,0,0,0,0,0,0,0,0.0,0.0,0,"[""SEG-VIP"", ""SEG-SEM-CARTAO"", ""SEG-INVESTIDOR-INICIANTE"", ""SEG-PERFIL-FAMILIAR""]",0
16825,2022-03-28,N,BR,F,64,2003-11-19,0.0,224,1.0,,1.0,A,S,N,,KAT,N,RJ,1.0,87039.7,01 - ALTA RENDA,0,0,1,0,0,0,0,0,1,0,0,0,0,1,0,0,1,0,0,1,0,0.0,0.0,1,"[""SEG-VIP"", ""SEG-SENIOR"", ""SEG-SEM-CARTAO"", ""SEG-POUPADOR""]",0
604312,2023-02-28,N,BR,F,43,2013-03-23,0.0,119,1.0,,1.0,A,S,N,,KFC,N,PI,1.0,13127.49,02 - VAREJO,0,0,1,0,0,0,0,0,0,0,0,0,0,1,0,0,0,0,0,0,0,0.0,0.0,0,"[""SEG-SEM-CARTAO"", ""SEG-INVESTIDOR-EXPERIENTE"", ""SEG-PERFIL-FAMILIAR""]",0
418062,2022-10-28,N,BR,F,43,2010-05-07,0.0,149,1.0,,1.0,A,S,N,,KAT,N,SP,0.0,128232.43,02 - VAREJO,0,0,0,0,0,0,0,1,0,0,0,0,0,0,0,0,0,0,0,0,0,0.0,0.0,0,"[""SEG-ALTA-RENDA"", ""SEG-POUPADOR"", ""SEG-CONTRIBUINTE-IR""]",0
241545,2022-12-28,N,BR,F,50,2008-04-20,0.0,176,1.0,,1.0,A,S,N,,KFC,N,RJ,1.0,36773.02,02 - VAREJO,0,0,1,0,0,0,0,1,0,0,0,0,0,0,0,0,0,0,0,0,0,0.0,0.0,0,"[""SEG-CREDITO-ATIVO"", ""SEG-SEM-CARTAO"", ""SEG-INVESTIDOR-INICIANTE"", ""SEG-POUPADOR"", ""SEG-PERFIL-FAMILIAR""]",0
105948,2023-01-28,N,BR,M,41,2005-09-24,0.0,208,1.0,,1,I,S,N,,KAT,N,SP,0.0,85043.89,02 - VAREJO,0,0,0,0,0,0,0,1,0,0,0,0,0,0,0,0,0,0,0,0,0,0.0,0.0,0,"[""SEG-ALTA-RENDA"", ""SEG-POUPADOR"", ""SEG-CONTRIBUINTE-IR""]",0
488549,2023-02-28,N,BR,M,56,2011-08-30,0.0,138,1.0,,1.0,A,S,N,,KFC,N,MG,1.0,38083.5,02 - VAREJO,0,0,1,0,0,0,0,1,0,0,0,0,0,1,0,0,0,0,0,0,0,0.0,0.0,0,"[""SEG-SENIOR"", ""SEG-CREDITO-ATIVO"", ""SEG-SEM-CARTAO"", ""SEG-POUPADOR"", ""SEG-INVESTIDOR-EXPERIENTE"", ""SEG-PERFIL-FAMILIAR""]",0
239678,2022-10-28,N,BR,M,48,2008-04-11,0.0,174,1.0,,1.0,A,S,N,,KAT,N,SP,1.0,45392.34,02 - VAREJO,0,0,0,0,1,0,0,0,1,0,0,0,1,0,1,0,0,0,0,0,0,1.0,1.0,1,"[""SEG-CREDITO-ATIVO"", ""SEG-SEM-CARTAO"", ""SEG-INVESTIDOR-INICIANTE"", ""SEG-POUPADOR"", ""SEG-CONTRIBUINTE-IR"", ""SEG-PERFIL-FAMILIAR"", ""SEG-PROPRIETARIO""]",0
109323,2022-05-28,N,BR,F,47,2005-10-27,0.0,201,1.0,,1.0,A,S,N,,KAT,N,SP,1.0,129380.2,02 - VAREJO,0,0,1,0,0,0,0,1,0,0,0,0,0,0,0,0,0,0,0,0,0,0.0,0.0,0,"[""SEG-ALTA-RENDA"", ""SEG-CREDITO-ATIVO"", ""SEG-SEM-CARTAO"", ""SEG-INVESTIDOR-INICIANTE"", ""SEG-POUPADOR"", ""SEG-CONTRIBUINTE-IR"", ""SEG-PERFIL-FAMILIAR""]",0
410689,2023-03-28,N,BR,F,44,2010-03-11,0.0,156,1.0,,1.0,A,S,N,,KAT,N,SP,1.0,46460.91,02 - VAREJO,0,0,0,0,1,0,0,0,0,0,0,0,0,0,1,0,0,0,1,0,0,1.0,1.0,1,"[""SEG-CREDITO-ATIVO"", ""SEG-INVESTIDOR-INICIANTE"", ""SEG-POUPADOR"", ""SEG-CONTRIBUINTE-IR"", ""SEG-PERFIL-FAMILIAR"", ""SEG-PROPRIETARIO""]",0
1050614,2023-05-28,N,BR,F,24,2019-08-10,0.0,45,1.0,,1.0,A,S,N,,KHE,N,PR,1.0,37687.11,03 - UNIVERSITARIO,0,0,1,0,0,0,0,0,0,0,0,0,0,0,0,0,0,0,0,0,0,0.0,0.0,0,"[""SEG-JOVEM"", ""SEG-CREDITO-ATIVO"", ""SEG-SEM-CARTAO"", ""SEG-INVESTIDOR-INICIANTE"", ""SEG-POUPADOR"", ""SEG-VIAJANTE-EVENTO""]",1
547744,2023-05-28,N,BR,F,59,2012-08-11,0.0,129,1.0,,1.0,A,S,N,,KAT,N,RS,1.0,68344.46,02 - VAREJO,0,0,0,0,0,0,0,1,0,0,0,0,0,0,0,0,0,0,0,0,0,0.0,0.0,0,"[""SEG-SENIOR"", ""SEG-CREDITO-ATIVO"", ""SEG-SEM-CARTAO"", ""SEG-INVESTIDOR-INICIANTE"", ""SEG-POUPADOR"", ""SEG-CONTRIBUINTE-IR"", ""SEG-PERFIL-FAMILIAR""]",0
1099064,2023-04-28,N,BR,M,51,2019-11-12,0.0,41,1.0,,1.0,A,S,N,,KFC,N,MA,1.0,36767.14,02 - VAREJO,0,0,1,0,0,0,0,0,0,0,0,0,1,0,0,0,0,0,0,0,0,0.0,0.0,0,"[""SEG-CREDITO-ATIVO"", ""SEG-SEM-CARTAO"", ""SEG-INVESTIDOR-INICIANTE"", ""SEG-POUPADOR"", ""SEG-PERFIL-FAMILIAR""]",0
1210193,2022-10-28,N,BR,M,33,2020-10-29,0.0,24,1.0,,1,A,S,N,,KFC,N,SP,1.0,34315.0,02 - VAREJO,0,0,0,0,0,0,0,0,0,0,0,1,1,0,0,0,0,0,0,0,0,0.0,0.0,0,"[""SEG-CREDITO-ATIVO"", ""SEG-SEM-CARTAO"", ""SEG-INVESTIDOR-INICIANTE"", ""SEG-POUPADOR"", ""SEG-PERFIL-FAMILIAR""]",0
1228580,2023-05-28,N,BR,F,71,2020-12-03,0.0,29,1.0,,1.0,A,S,N,,KFC,N,SP,1.0,485380.47,02 - VAREJO,0,0,0,0,0,0,0,0,0,0,0,0,1,0,0,0,0,0,0,0,0,0.0,0.0,0,"[""SEG-SENIOR"", ""SEG-CREDITO-ATIVO"", ""SEG-SEM-CARTAO"", ""SEG-INVESTIDOR-INICIANTE"", ""SEG-POUPADOR""]",0
1002521,2022-11-28,N,BR,F,71,2019-01-24,0.0,46,1.0,,1,I,S,S,,KFC,N,RJ,0.0,12326.99,02 - VAREJO,0,0,0,0,0,0,0,0,0,0,0,0,0,0,0,0,0,0,0,0,0,0.0,0.0,0,"[""SEG-SENIOR""]",0
1085027,2022-05-28,N,BR,M,28,2019-10-19,0.0,33,1.0,,1.0,I,S,N,,KHE,N,MG,0.0,134660.7,03 - UNIVERSITARIO,0,0,1,0,0,0,0,0,0,0,0,0,0,0,0,0,0,0,0,0,0,0.0,0.0,0,"[""SEG-JOVEM"", ""SEG-ALTA-RENDA"", ""SEG-POUPADOR""]",0
392882,2022-07-28,N,BR,F,45,2009-11-27,0.0,152,1.0,,1.0,A,S,N,,KAI,N,PI,1.0,39706.29,02 - VAREJO,0,0,1,0,0,0,0,1,0,0,0,1,0,0,0,0,0,0,0,0,0,0.0,0.0,0,"[""SEG-CREDITO-ATIVO"", ""SEG-SEM-CARTAO"", ""SEG-INVESTIDOR-INICIANTE"", ""SEG-POUPADOR"", ""SEG-PERFIL-FAMILIAR""]",0
697205,2022-12-28,N,BR,F,83,2014-06-14,0.0,102,1.0,,1.0,I,S,N,,KFC,N,RJ,0.0,102957.93,02 - VAREJO,0,0,0,0,0,0,0,0,0,0,0,0,0,0,0,0,0,0,0,0,0,0.0,0.0,0,"[""SEG-SENIOR"", ""SEG-POUPADOR""]",0
1239331,2022-04-28,N,BR,F,38,2021-01-21,0.0,18,1.0,,1.0,A,S,N,,KFC,N,RJ,1.0,102305.56,02 - VAREJO,0,0,0,0,0,0,0,0,0,0,0,0,1,0,0,0,0,0,0,0,0,0.0,0.0,0,"[""SEG-ALTA-RENDA"", ""SEG-CREDITO-ATIVO"", ""SEG-SEM-CARTAO"", ""SEG-INVESTIDOR-INICIANTE"", ""SEG-POUPADOR"", ""SEG-CONTRIBUINTE-IR"", ""SEG-PERFIL-FAMILIAR""]",0
1070513,2022-04-28,N,BR,M,28,2019-09-28,0.0,34,1.0,,1.0,A,S,N,,KFC,N,SP,1.0,176008.23,03 - UNIVERSITARIO,0,0,0,0,1,0,0,0,0,0,0,0,0,0,0,0,0,0,0,0,0,0.0,0.0,0,"[""SEG-JOVEM"", ""SEG-ALTA-RENDA"", ""SEG-CREDITO-ATIVO"", ""SEG-SEM-CARTAO"", ""SEG-INVESTIDOR-INICIANTE"", ""SEG-POUPADOR"", ""SEG-PERFIL-FAMILIAR""]",0
808681,2023-01-28,N,BR,M,69,2015-10-24,0.0,87,1.0,,1.0,A,S,N,,KFA,N,SP,1.0,242608.52,02 - VAREJO,0,0,1,0,0,0,0,0,1,0,0,1,0,0,0,0,0,0,0,0,0,0.0,0.0,0,"[""SEG-SENIOR"", ""SEG-CREDITO-ATIVO"", ""SEG-SEM-CARTAO"", ""SEG-INVESTIDOR-INICIANTE"", ""SEG-POUPADOR"", ""SEG-VIAJANTE-EVENTO""]",1
864366,2023-01-28,N,BR,F,58,2017-02-05,0.0,71,1.0,,1.0,A,S,N,,KAT,N,RJ,1.0,310159.41,01 - ALTA RENDA,0,0,1,0,0,0,0,0,0,0,0,1,1,0,0,0,0,0,0,0,0,0.0,0.0,0,"[""SEG-VIP"", ""SEG-SENIOR"", ""SEG-CREDITO-ATIVO"", ""SEG-SEM-CARTAO"", ""SEG-INVESTIDOR-INICIANTE"", ""SEG-POUPADOR"", ""SEG-CONTRIBUINTE-IR"", ""SEG-PERFIL-FAMILIAR""]",0
124944,2023-04-28,N,BR,F,47,2006-05-11,0.0,203,1.0,,1.0,A,S,N,,KAT,N,BA,1.0,56483.21,02 - VAREJO,0,0,1,0,0,0,0,0,0,0,0,0,0,0,0,0,0,1,0,0,0,0.0,0.0,0,"[""SEG-CREDITO-ATIVO"", ""SEG-SEM-CARTAO"", ""SEG-INVESTIDOR-INICIANTE"", ""SEG-POUPADOR"", ""SEG-CONTRIBUINTE-IR"", ""SEG-PERFIL-FAMILIAR""]",0
296751,2022-12-28,N,BR,M,72,2008-11-15,0.0,30,1.0,,1.0,A,S,N,,KAT,N,RJ,1.0,390347.61,01 - ALTA RENDA,0,0,0,0,1,0,0,0,0,0,0,1,1,1,0,0,0,1,1,0,0,0.0,1.0,1,"[""SEG-VIP"", ""SEG-SENIOR"", ""SEG-CREDITO-ATIVO"", ""SEG-POUPADOR"", ""SEG-INVESTIDOR-EXPERIENTE""]",0
1095159,2023-05-28,N,BR,M,22,2019-11-05,0.0,42,1.0,,1.0,I,S,N,,KHE,N,RS,0.0,28232.59,03 - UNIVERSITARIO,0,0,1,0,0,0,0,0,0,0,0,0,0,0,0,0,0,0,0,0,0,0.0,0.0,0,"[""SEG-JOVEM"", ""SEG-VIAJANTE-EVENTO""]",1
1242845,2022-11-28,N,BR,M,75,2021-02-10,0.0,21,1.0,,1.0,A,S,N,,KAT,N,RJ,1.0,78844.48,01 - ALTA RENDA,0,0,0,0,1,0,0,0,0,0,0,0,0,0,0,0,0,0,0,0,0,0.0,0.0,1,"[""SEG-VIP"", ""SEG-SENIOR"", ""SEG-CREDITO-ATIVO"", ""SEG-SEM-CARTAO"", ""SEG-INVESTIDOR-INICIANTE"", ""SEG-POUPADOR""]",0
1464768,2023-02-28,N,BR,M,32,2022-09-30,1.0,5,1.0,,1,I,S,N,,KHN,N,SP,0.0,65896.02,02 - VAREJO,0,0,0,0,0,0,0,0,0,0,0,0,0,0,0,0,0,0,0,0,0,0.0,0.0,0,"[""SEG-ALTA-RENDA"", ""SEG-POUPADOR"", ""SEG-CONTRIBUINTE-IR"", ""SEG-VIAJANTE-EVENTO""]",1
1116750,2022-12-28,N,BR,M,25,2020-01-09,0.0,35,1.0,,1.0,A,S,N,,KHE,N,SP,1.0,25802.06,03 - UNIVERSITARIO,0,0,1,0,0,0,0,0,0,0,0,0,0,0,0,0,0,0,0,0,0,0.0,0.0,0,"[""SEG-JOVEM"", ""SEG-SEM-CARTAO"", ""SEG-INVESTIDOR-INICIANTE"", ""SEG-PERFIL-FAMILIAR""]",0
139541,2023-02-28,N,BR,F,59,2006-08-03,0.0,199,1.0,,1.0,I,S,N,,KAT,N,SP,0.0,90502.08,02 - VAREJO,0,0,0,0,0,0,0,0,0,0,0,0,0,0,0,0,0,0,0,0,0,0.0,0.0,0,"[""SEG-SENIOR"", ""SEG-POUPADOR"", ""SEG-CONTRIBUINTE-IR""]",0
764929,2022-09-28,N,BR,M,62,2015-04-29,0.0,89,1.0,,1,A,S,N,,KAT,N,RR,1.0,14473.97,02 - VAREJO,0,0,1,0,0,0,0,0,0,0,0,0,0,0,0,0,0,0,0,0,0,0.0,0.0,0,"[""SEG-SENIOR"", ""SEG-SEM-CARTAO"", ""SEG-INVESTIDOR-INICIANTE""]",0
669718,2022-09-28,N,BR,F,65,2014-01-18,0.0,104,1.0,,1.0,A,S,N,,KAT,N,SP,1.0,39772.0,01 - ALTA RENDA,0,0,0,0,1,0,0,0,0,0,0,0,1,0,0,0,0,1,1,0,0,0.0,1.0,1,"[""SEG-VIP"", ""SEG-SENIOR"", ""SEG-CREDITO-ATIVO"", ""SEG-INVESTIDOR-INICIANTE"", ""SEG-POUPADOR""]",0
1106683,2022-02-28,N,BR,F,46,2019-11-27,0.0,32,1.0,,1.0,A,S,S,,KAT,N,SP,1.0,49166.53,02 - VAREJO,0,0,1,0,0,0,0,0,0,0,0,0,0,0,0,0,0,0,0,1,0,0.0,0.0,0,"[""SEG-CREDITO-ATIVO"", ""SEG-SEM-CARTAO"", ""SEG-INVESTIDOR-INICIANTE"", ""SEG-POUPADOR"", ""SEG-CONTRIBUINTE-IR"", ""SEG-PERFIL-FAMILIAR""]",0
311569,2023-03-28,N,BR,F,43,2008-12-28,0.0,171,1.0,,1.0,A,S,N,,KFC,N,SP,1.0,68352.39,02 - VAREJO,0,0,0,0,1,0,0,0,0,0,0,0,0,0,1,0,0,1,0,0,0,1.0,1.0,1,"[""SEG-ALTA-RENDA"", ""SEG-CREDITO-ATIVO"", ""SEG-SEM-CARTAO"", ""SEG-INVESTIDOR-INICIANTE"", ""SEG-POUPADOR"", ""SEG-CONTRIBUINTE-IR"", ""SEG-PERFIL-FAMILIAR"", ""SEG-PROPRIETARIO""]",0
819771,2022-10-28,N,BR,M,46,2015-11-27,0.0,83,1.0,,1,A,S,N,,KFA,N,SP,1.0,25264.94,01 - ALTA RENDA,0,0,0,0,1,0,0,0,0,0,0,1,1,1,0,0,0,0,1,0,0,0.0,0.0,0,"[""SEG-VIP"", ""SEG-INVESTIDOR-EXPERIENTE"", ""SEG-PERFIL-FAMILIAR"", ""SEG-VIAJANTE-EVENTO""]",1
273005,2022-08-28,N,BR,F,56,2008-09-19,0.0,78,1.0,,1.0,I,S,N,,KAT,N,BA,0.0,22653.7,02 - VAREJO,0,0,0,0,0,0,0,0,0,0,0,0,0,0,0,0,0,0,0,0,0,0.0,0.0,0,"[""SEG-SENIOR""]",0
178234,2022-05-28,N,BR,F,46,2007-06-07,0.0,181,1.0,,1.0,A,S,N,,KAS,N,SP,1.0,93654.18,02 - VAREJO,0,0,0,0,1,0,0,1,0,0,0,1,1,0,1,0,0,0,1,0,0,1.0,1.0,1,"[""SEG-ALTA-RENDA"", ""SEG-CREDITO-ATIVO"", ""SEG-INVESTIDOR-INICIANTE"", ""SEG-POUPADOR"", ""SEG-CONTRIBUINTE-IR"", ""SEG-PERFIL-FAMILIAR"", ""SEG-PROPRIETARIO""]",0
846218,2022-08-28,N,BR,F,49,2016-07-09,0.0,73,1.0,,1.0,I,S,N,,KAT,N,SP,0.0,99283.73,02 - VAREJO,0,0,0,0,0,0,0,0,1,0,0,0,0,0,0,0,0,0,0,0,0,0.0,0.0,0,"[""SEG-ALTA-RENDA"", ""SEG-POUPADOR"", ""SEG-CONTRIBUINTE-IR""]",0
268621,2022-02-28,N,BR,F,65,2008-08-20,0.0,167,1.0,,1.0,A,S,N,,KFC,N,AM,1.0,11194.58,01 - ALTA RENDA,0,0,1,0,0,0,0,0,0,0,0,1,0,0,0,0,0,0,0,0,0,0.0,0.0,0,"[""SEG-VIP"", ""SEG-SENIOR"", ""SEG-SEM-CARTAO"", ""SEG-INVESTIDOR-INICIANTE""]",0
1508913,2023-04-28,N,BR,F,22,2022-11-24,1.0,5,1.0,,1,I,S,S,,KHQ,N,SP,0.0,70006.47,03 - UNIVERSITARIO,0,0,0,0,0,0,0,0,0,0,0,0,0,0,0,0,0,0,0,0,0,0.0,0.0,0,"[""SEG-JOVEM"", ""SEG-POUPADOR""]",0
709992,2023-05-28,N,BR,M,46,2014-08-08,0.0,105,1.0,,1.0,A,S,N,,KAT,N,SP,1.0,8330.69,01 - ALTA RENDA,0,0,1,0,0,0,0,0,0,0,0,0,1,0,0,0,0,1,0,1,1,0.0,0.0,0,"[""SEG-VIP"", ""SEG-SEM-CARTAO"", ""SEG-INVESTIDOR-INICIANTE"", ""SEG-PERFIL-FAMILIAR""]",0
279086,2022-08-28,N,BR,F,55,2008-10-05,0.0,166,1.0,,1.0,A,S,N,,KAT,N,SP,1.0,143015.3,01 - ALTA RENDA,0,0,1,0,0,0,0,1,0,0,0,1,0,0,0,0,0,0,0,0,0,0.0,0.0,0,"[""SEG-VIP"", ""SEG-SENIOR"", ""SEG-ALTA-RENDA"", ""SEG-CREDITO-ATIVO"", ""SEG-SEM-CARTAO"", ""SEG-INVESTIDOR-INICIANTE"", ""SEG-POUPADOR"", ""SEG-CONTRIBUINTE-IR"", ""SEG-PERFIL-FAMILIAR""]",0
1082730,2022-08-28,N,BR,F,22,2019-10-17,0.0,34,1.0,,1.0,I,S,N,,KHE,N,PE,0.0,13840.4,03 - UNIVERSITARIO,0,0,1,0,0,0,0,0,0,0,0,0,0,0,0,0,0,0,0,0,0,0.0,0.0,0,"[""SEG-JOVEM""]",0
781999,2023-05-28,N,BR,F,26,2015-07-29,0.0,94,1.0,,1,A,S,N,,KFC,N,SP,1.0,215499.65,03 - UNIVERSITARIO,0,0,0,0,1,0,0,0,0,0,0,0,0,0,0,0,0,0,0,0,0,1.0,1.0,1,"[""SEG-JOVEM"", ""SEG-ALTA-RENDA"", ""SEG-CREDITO-ATIVO"", ""SEG-SEM-CARTAO"", ""SEG-INVESTIDOR-INICIANTE"", ""SEG-POUPADOR"", ""SEG-PERFIL-FAMILIAR""]",0
961843,2022-02-28,N,BR,F,28,2018-10-14,0.0,45,1.0,,1.0,I,S,N,,KHE,N,RS,0.0,102505.3,03 - UNIVERSITARIO,0,0,1,0,0,0,0,0,0,0,0,0,0,0,0,0,0,0,0,0,0,0.0,0.0,0,"[""SEG-JOVEM"", ""SEG-ALTA-RENDA"", ""SEG-POUPADOR""]",0
105540,2022-03-28,N,BR,F,61,2005-09-18,0.0,202,1.0,,1.0,A,S,N,,KAY,N,MG,1.0,47010.31,02 - VAREJO,0,0,0,0,1,0,0,0,0,0,0,0,1,1,0,1,0,0,1,0,0,1.0,1.0,1,"[""SEG-SENIOR"", ""SEG-CREDITO-ATIVO"", ""SEG-POUPADOR"", ""SEG-INVESTIDOR-EXPERIENTE""]",0
1032403,2023-02-28,N,BR,M,30,2019-07-26,0.0,43,1.0,,1.0,A,S,N,,KHE,N,SE,1.0,7738.23,03 - UNIVERSITARIO,0,0,1,0,0,0,0,0,0,0,0,0,0,0,0,0,0,0,0,0,0,0.0,0.0,0,"[""SEG-SEM-CARTAO"", ""SEG-INVESTIDOR-INICIANTE"", ""SEG-PERFIL-FAMILIAR""]",0
554323,2022-12-28,N,BR,F,43,2012-09-06,0.0,123,1.0,,1.0,A,S,N,,KFC,N,MG,1.0,47094.9,02 - VAREJO,0,0,1,0,0,0,0,1,0,0,0,0,0,1,0,0,0,0,0,0,0,0.0,0.0,0,"[""SEG-CREDITO-ATIVO"", ""SEG-SEM-CARTAO"", ""SEG-POUPADOR"", ""SEG-CONTRIBUINTE-IR"", ""SEG-INVESTIDOR-EXPERIENTE"", ""SEG-PERFIL-FAMILIAR""]",0
63503,2023-05-28,N,BR,F,53,2004-05-08,0.0,210,1.0,,1.0,A,S,N,,KFC,N,SP,1.0,8851.56,02 - VAREJO,0,0,1,0,0,0,0,0,0,0,0,0,0,0,1,0,0,0,0,0,0,0.0,0.0,1,"[""SEG-SEM-CARTAO"", ""SEG-INVESTIDOR-INICIANTE"", ""SEG-PERFIL-FAMILIAR"", ""SEG-PROPRIETARIO""]",0
1017120,2022-11-28,N,BR,M,36,2019-05-23,0.0,42,1.0,,1.0,A,S,N,,KFC,N,SP,1.0,37835.12,02 - VAREJO,0,0,0,0,1,0,0,0,0,0,0,0,0,0,0,0,0,0,0,0,0,1.0,1.0,1,"[""SEG-CREDITO-ATIVO"", ""SEG-SEM-CARTAO"", ""SEG-INVESTIDOR-INICIANTE"", ""SEG-POUPADOR"", ""SEG-PERFIL-FAMILIAR""]",0
46271,2023-02-28,N,BR,F,54,2003-10-01,0.0,233,1.0,,1.0,A,S,N,,KAT,N,SP,1.0,29480.56,01 - ALTA RENDA,0,0,1,0,0,0,0,1,0,0,0,0,0,1,0,0,0,0,0,0,0,0.0,0.0,0,"[""SEG-VIP"", ""SEG-SEM-CARTAO"", ""SEG-INVESTIDOR-EXPERIENTE"", ""SEG-PERFIL-FAMILIAR""]",0
727898,2023-02-28,N,BR,F,50,2014-10-23,0.0,100,1.0,,1.0,I,S,N,,KAW,N,SP,0.0,31889.48,02 - VAREJO,0,0,0,0,0,0,0,0,0,0,0,0,0,0,0,0,0,0,0,0,0,0.0,0.0,0,"[""SEG-VIAJANTE-EVENTO""]",1
1460002,2022-09-28,N,BR,F,31,2022-09-24,1.0,0,1.0,,,,S,N,,,N,SP,1.0,69838.34,,0,0,1,0,0,0,0,0,0,0,0,0,0,0,0,0,0,0,0,0,0,0.0,0.0,0,"[""SEG-ALTA-RENDA"", ""SEG-INVESTIDOR-INICIANTE"", ""SEG-POUPADOR"", ""SEG-CONTRIBUINTE-IR"", ""SEG-PERFIL-FAMILIAR""]",0
27095,2023-04-28,N,BR,F,51,2002-11-10,0.0,245,1.0,,1.0,A,S,N,,KAT,N,SP,1.0,103784.26,01 - ALTA RENDA,0,0,0,0,1,0,0,1,1,0,0,0,1,1,0,1,0,1,1,0,0,1.0,1.0,1,"[""SEG-VIP"", ""SEG-ALTA-RENDA"", ""SEG-CREDITO-ATIVO"", ""SEG-POUPADOR"", ""SEG-INVESTIDOR-EXPERIENTE"", ""SEG-PERFIL-FAMILIAR""]",0
600970,2023-04-28,N,BR,F,51,2013-05-08,0.0,119,1.0,,1.0,A,S,N,,KAT,N,RR,1.0,87342.55,01 - ALTA RENDA,0,0,0,0,1,0,0,0,0,0,0,0,1,0,1,0,0,1,1,0,0,1.0,1.0,1,"[""SEG-VIP"", ""SEG-ALTA-RENDA"", ""SEG-CREDITO-ATIVO"", ""SEG-INVESTIDOR-INICIANTE"", ""SEG-POUPADOR"", ""SEG-CONTRIBUINTE-IR"", ""SEG-PERFIL-FAMILIAR"", ""SEG-PROPRIETARIO""]",0
1209300,2022-11-28,N,BR,M,28,2020-10-28,0.0,25,1.0,,1.0,I,S,N,,KHE,N,SC,0.0,594325.6,03 - UNIVERSITARIO,0,0,1,0,0,0,0,0,0,0,0,0,0,0,0,0,0,0,0,0,0,0.0,0.0,0,"[""SEG-JOVEM"", ""SEG-ALTA-RENDA"", ""SEG-POUPADOR""]",0
76806,2023-05-28,N,BR,F,47,2004-11-18,0.0,222,1.0,,1.0,A,S,N,,KAT,N,SP,1.0,328843.66,01 - ALTA RENDA,0,0,1,0,0,0,0,0,0,0,0,1,0,0,1,0,0,1,0,1,0,0.0,0.0,1,"[""SEG-VIP"", ""SEG-ALTA-RENDA"", ""SEG-CREDITO-ATIVO"", ""SEG-SEM-CARTAO"", ""SEG-INVESTIDOR-INICIANTE"", ""SEG-POUPADOR"", ""SEG-CONTRIBUINTE-IR"", ""SEG-PERFIL-FAMILIAR"", ""SEG-PROPRIETARIO""]",0
235847,2022-04-28,N,BR,F,54,2008-04-02,0.0,172,1.0,,1.0,I,S,N,,KAB,N,RJ,0.0,30705.13,02 - VAREJO,0,0,0,0,0,0,0,1,0,0,0,0,0,0,0,0,0,0,0,0,0,0.0,0.0,0,"[""SEG-VIAJANTE-EVENTO""]",1
377541,2023-03-28,N,BR,M,49,2009-08-05,0.0,163,1.0,,1.0,A,S,N,,KFC,N,ES,1.0,81098.65,02 - VAREJO,0,0,1,0,0,0,0,0,0,0,0,0,0,0,0,0,0,0,0,0,0,0.0,0.0,0,"[""SEG-ALTA-RENDA"", ""SEG-CREDITO-ATIVO"", ""SEG-SEM-CARTAO"", ""SEG-INVESTIDOR-INICIANTE"", ""SEG-POUPADOR"", ""SEG-CONTRIBUINTE-IR"", ""SEG-PERFIL-FAMILIAR""]",0
1059485,2023-02-28,N,BR,M,26,2019-09-13,0.0,41,1.0,,1.0,I,S,N,,KHE,N,SP,0.0,244251.35,03 - UNIVERSITARIO,0,0,1,0,0,0,0,0,0,0,0,0,0,0,0,0,0,0,0,0,0,0.0,0.0,0,"[""SEG-JOVEM"", ""SEG-ALTA-RENDA"", ""SEG-POUPADOR""]",0
787640,2022-09-28,N,BR,F,57,2015-08-20,0.0,85,1.0,,1,A,S,N,,KFC,N,SC,1.0,41270.85,02 - VAREJO,0,0,1,0,0,0,0,0,0,0,0,0,0,0,0,0,0,0,0,0,0,0.0,0.0,0,"[""SEG-SENIOR"", ""SEG-CREDITO-ATIVO"", ""SEG-SEM-CARTAO"", ""SEG-INVESTIDOR-INICIANTE"", ""SEG-POUPADOR"", ""SEG-PERFIL-FAMILIAR""]",0
52559,2022-02-28,N,BR,F,57,2003-12-21,0.0,223,1.0,,1.0,A,S,S,,KAT,N,SP,1.0,86274.81,02 - VAREJO,0,0,0,0,0,0,0,0,0,0,0,0,0,0,0,0,0,0,0,1,0,0.0,0.0,0,"[""SEG-SENIOR"", ""SEG-CREDITO-ATIVO"", ""SEG-SEM-CARTAO"", ""SEG-INVESTIDOR-INICIANTE"", ""SEG-POUPADOR"", ""SEG-CONTRIBUINTE-IR"", ""SEG-PERFIL-FAMILIAR""]",0
606417,2023-01-28,N,BR,F,46,2013-04-06,0.0,117,1.0,,1.0,I,S,N,,KAT,N,RJ,1.0,106360.66,02 - VAREJO,0,0,1,0,0,0,0,0,0,0,0,0,0,0,0,0,0,0,0,0,0,0.0,0.0,0,"[""SEG-ALTA-RENDA"", ""SEG-CREDITO-ATIVO"", ""SEG-SEM-CARTAO"", ""SEG-INVESTIDOR-INICIANTE"", ""SEG-POUPADOR"", ""SEG-CONTRIBUINTE-IR"", ""SEG-PERFIL-FAMILIAR""]",0
1206384,2022-05-28,N,BR,M,30,2020-10-23,0.0,21,1.0,,1.0,A,S,N,,KHE,N,MG,1.0,41041.59,03 - UNIVERSITARIO,0,0,1,0,0,0,0,0,0,0,0,0,0,0,0,0,0,0,0,0,0,0.0,0.0,0,"[""SEG-CREDITO-ATIVO"", ""SEG-SEM-CARTAO"", ""SEG-INVESTIDOR-INICIANTE"", ""SEG-POUPADOR"", ""SEG-PERFIL-FAMILIAR""]",0
1189403,2022-10-28,N,BR,F,21,2020-10-03,0.0,24,1.0,,1.0,I,S,N,,KHE,N,CE,1.0,18323.47,03 - UNIVERSITARIO,0,0,1,0,0,0,0,0,0,0,0,0,0,0,0,0,0,0,0,0,0,0.0,0.0,1,"[""SEG-JOVEM"", ""SEG-SEM-CARTAO"", ""SEG-INVESTIDOR-INICIANTE""]",0
1092548,2023-02-28,N,BR,F,27,2019-10-30,0.0,40,1.0,,1,A,S,N,,KFC,N,SP,1.0,54504.64,03 - UNIVERSITARIO,0,0,0,0,0,0,0,0,0,0,0,0,0,0,0,0,0,0,1,0,0,1.0,1.0,1,"[""SEG-JOVEM"", ""SEG-CREDITO-ATIVO"", ""SEG-INVESTIDOR-INICIANTE"", ""SEG-POUPADOR"", ""SEG-PERFIL-FAMILIAR""]",0
1226479,2023-02-28,N,BR,M,29,2020-11-27,0.0,27,1.0,,1.0,A,S,N,,KHF,N,PE,1.0,104461.6,03 - UNIVERSITARIO,0,0,1,0,0,0,0,0,0,0,0,0,0,0,0,0,0,0,0,0,0,0.0,0.0,0,"[""SEG-JOVEM"", ""SEG-ALTA-RENDA"", ""SEG-CREDITO-ATIVO"", ""SEG-SEM-CARTAO"", ""SEG-INVESTIDOR-INICIANTE"", ""SEG-POUPADOR"", ""SEG-PERFIL-FAMILIAR"", ""SEG-VIAJANTE-EVENTO""]",1
204413,2022-10-28,N,BR,M,44,2007-11-13,0.0,179,1.0,,1.0,A,S,N,,KFC,N,RS,1.0,30189.77,02 - VAREJO,0,0,1,0,1,0,0,1,0,0,0,0,0,0,1,0,0,0,0,0,0,1.0,1.0,1,"[""SEG-SEM-CARTAO"", ""SEG-INVESTIDOR-INICIANTE"", ""SEG-PERFIL-FAMILIAR"", ""SEG-PROPRIETARIO"", ""SEG-VIAJANTE-EVENTO""]",1
892656,2023-03-28,N,BR,F,66,2017-09-27,0.0,66,1.0,,1,I,S,N,,KFC,N,PE,0.0,43253.81,02 - VAREJO,0,0,0,0,0,0,0,0,0,0,0,0,0,0,0,0,0,0,0,0,0,0.0,0.0,0,"[""SEG-SENIOR"", ""SEG-POUPADOR"", ""SEG-VIAJANTE-EVENTO""]",1
1307894,2023-02-28,N,BR,M,48,2021-09-16,0.0,17,1.0,,1,A,S,N,,KAT,N,SP,1.0,53142.44,02 - VAREJO,0,0,1,0,0,0,0,0,0,0,0,0,0,0,0,0,0,0,0,0,0,0.0,0.0,1,"[""SEG-CREDITO-ATIVO"", ""SEG-SEM-CARTAO"", ""SEG-INVESTIDOR-INICIANTE"", ""SEG-POUPADOR"", ""SEG-CONTRIBUINTE-IR"", ""SEG-PERFIL-FAMILIAR""]",0
1416686,2023-02-28,N,BR,M,28,2022-07-25,0.0,7,1.0,,1.0,I,S,N,,KHQ,N,SP,0.0,616507.36,03 - UNIVERSITARIO,0,0,0,0,0,0,0,0,0,0,0,0,0,0,0,0,0,0,0,0,0,0.0,0.0,0,"[""SEG-JOVEM"", ""SEG-ALTA-RENDA"", ""SEG-POUPADOR""]",0
339021,2023-02-28,N,BR,F,43,2009-03-07,0.0,167,1.0,,1.0,A,S,N,,KFC,N,SP,1.0,43202.43,02 - VAREJO,0,0,1,0,0,0,0,1,1,0,0,1,0,0,0,0,0,1,0,0,0,0.0,0.0,0,"[""SEG-CREDITO-ATIVO"", ""SEG-SEM-CARTAO"", ""SEG-INVESTIDOR-INICIANTE"", ""SEG-POUPADOR"", ""SEG-PERFIL-FAMILIAR""]",0
1061343,2023-05-28,N,BR,F,27,2019-09-17,0.0,44,1.0,,1.0,A,S,N,,KHE,N,SP,1.0,152503.23,03 - UNIVERSITARIO,0,0,1,0,0,0,0,0,0,0,0,0,0,0,0,0,0,0,0,0,0,0.0,0.0,0,"[""SEG-JOVEM"", ""SEG-ALTA-RENDA"", ""SEG-CREDITO-ATIVO"", ""SEG-SEM-CARTAO"", ""SEG-INVESTIDOR-INICIANTE"", ""SEG-POUPADOR"", ""SEG-PERFIL-FAMILIAR"", ""SEG-VIAJANTE-EVENTO""]",1
1285321,2022-11-28,N,BR,M,23,2021-07-30,0.0,16,1.0,,1.0,I,S,N,,KHE,N,GO,0.0,24176.39,03 - UNIVERSITARIO,0,0,0,0,0,0,0,0,0,0,0,0,0,0,0,0,0,0,0,0,0,0.0,0.0,0,"[""SEG-JOVEM""]",0
1487901,2023-04-28,N,BR,F,24,2022-10-22,0.0,6,1.0,,1.0,A,S,N,,KHM,N,RS,1.0,29956.46,03 - UNIVERSITARIO,0,0,1,0,0,0,0,0,0,0,0,0,0,0,0,0,0,0,0,0,0,0.0,0.0,0,"[""SEG-JOVEM"", ""SEG-SEM-CARTAO"", ""SEG-INVESTIDOR-INICIANTE""]",0
1041497,2022-09-28,N,BR,M,24,2019-08-03,0.0,37,1.0,,1,I,S,N,,KHE,N,RS,0.0,62131.21,03 - UNIVERSITARIO,0,0,1,0,0,0,0,0,0,0,0,0,0,0,0,0,0,0,0,0,0,0.0,0.0,0,"[""SEG-JOVEM"", ""SEG-POUPADOR""]",0
972791,2022-10-28,N,BR,M,26,2018-11-03,0.0,47,1.0,,1.0,I,S,N,,KHE,N,PR,0.0,40386.24,03 - UNIVERSITARIO,0,0,0,0,0,0,0,0,0,0,0,0,0,0,0,0,0,0,0,0,0,0.0,0.0,0,"[""SEG-JOVEM"", ""SEG-POUPADOR""]",0
158865,2023-05-28,N,BR,F,70,2007-02-03,0.0,196,1.0,,1,I,S,N,,KAT,N,SP,0.0,335474.13,02 - VAREJO,0,0,1,0,0,0,0,0,0,0,0,0,0,0,0,0,0,0,0,0,0,0.0,0.0,0,"[""SEG-SENIOR"", ""SEG-POUPADOR""]",0
349168,2023-05-28,N,BR,M,84,2009-04-11,0.0,169,1.0,,1.0,A,S,N,,KAB,N,PR,1.0,36378.93,02 - VAREJO,0,0,1,0,0,0,0,1,0,0,0,1,1,0,0,0,0,0,0,0,0,0.0,0.0,0,"[""SEG-SENIOR"", ""SEG-CREDITO-ATIVO"", ""SEG-SEM-CARTAO"", ""SEG-INVESTIDOR-INICIANTE"", ""SEG-POUPADOR""]",0
1411832,2023-05-28,N,BR,M,23,2022-07-22,0.0,10,1.0,,1.0,A,S,S,,KHQ,N,PR,1.0,519636.93,03 - UNIVERSITARIO,0,0,1,0,0,0,0,0,0,0,0,0,0,0,0,0,0,0,0,0,0,0.0,0.0,0,"[""SEG-JOVEM"", ""SEG-CREDITO-ATIVO"", ""SEG-SEM-CARTAO"", ""SEG-INVESTIDOR-INICIANTE"", ""SEG-POUPADOR""]",0
887733,2022-05-28,N,BR,F,44,2017-08-04,0.0,59,1.0,,1.0,A,S,N,,KFC,N,SP,1.0,270327.56,02 - VAREJO,0,0,1,0,0,0,0,0,0,0,0,0,0,0,0,0,0,0,0,0,0,0.0,0.0,1,"[""SEG-ALTA-RENDA"", ""SEG-CREDITO-ATIVO"", ""SEG-SEM-CARTAO"", ""SEG-INVESTIDOR-INICIANTE"", ""SEG-POUPADOR"", ""SEG-CONTRIBUINTE-IR"", ""SEG-PERFIL-FAMILIAR""]",0
470219,2023-04-28,N,BR,F,52,2011-04-26,0.0,144,1.0,,1.0,A,S,N,,KAT,N,SP,1.0,99707.03,02 - VAREJO,0,0,1,0,0,0,0,0,0,0,0,0,1,0,0,0,0,0,1,0,0,0.0,0.0,0,"[""SEG-ALTA-RENDA"", ""SEG-CREDITO-ATIVO"", ""SEG-INVESTIDOR-INICIANTE"", ""SEG-POUPADOR"", ""SEG-CONTRIBUINTE-IR"", ""SEG-PERFIL-FAMILIAR""]",0
471054,2023-04-28,N,BR,M,37,2011-04-28,0.0,144,1.0,,1.0,I,S,N,,KFC,N,RJ,0.0,235702.26,02 - VAREJO,0,0,0,0,0,0,0,0,0,0,0,0,0,0,0,0,0,0,0,0,0,0.0,0.0,0,"[""SEG-ALTA-RENDA"", ""SEG-POUPADOR"", ""SEG-CONTRIBUINTE-IR""]",0
1119132,2023-03-28,N,BR,M,18,2020-01-23,0.0,38,1.0,,1,A,S,N,,KAT,N,SP,1.0,36026.57,02 - VAREJO,0,0,0,0,0,1,0,0,0,0,0,0,0,0,0,0,0,0,0,0,0,0.0,0.0,0,"[""SEG-JOVEM"", ""SEG-CREDITO-ATIVO"", ""SEG-SEM-CARTAO"", ""SEG-INVESTIDOR-INICIANTE"", ""SEG-POUPADOR""]",0
663575,2023-02-28,N,BR,M,38,2013-12-18,0.0,108,1.0,,1.0,A,S,N,,KAT,N,SP,1.0,60894.02,02 - VAREJO,0,0,0,0,1,0,0,0,0,0,0,0,0,0,0,0,0,0,0,0,0,1.0,1.0,0,"[""SEG-CREDITO-ATIVO"", ""SEG-SEM-CARTAO"", ""SEG-INVESTIDOR-INICIANTE"", ""SEG-POUPADOR"", ""SEG-CONTRIBUINTE-IR"", ""SEG-PERFIL-FAMILIAR""]",0
1211708,2022-03-28,N,BR,F,26,2020-10-30,0.0,21,1.0,,1.0,A,S,N,,KHE,N,SP,1.0,117200.66,03 - UNIVERSITARIO,0,0,1,0,0,0,0,0,0,0,0,0,0,0,0,0,0,0,0,0,0,0.0,0.0,0,"[""SEG-JOVEM"", ""SEG-ALTA-RENDA"", ""SEG-CREDITO-ATIVO"", ""SEG-SEM-CARTAO"", ""SEG-INVESTIDOR-INICIANTE"", ""SEG-POUPADOR"", ""SEG-PERFIL-FAMILIAR""]",0
989077,2022-12-28,N,BR,M,25,2018-12-02,0.0,48,1.0,,1.0,I,S,N,,KHE,N,SP,0.0,70351.4,03 - UNIVERSITARIO,0,0,1,0,0,0,0,0,0,0,0,0,0,0,0,0,0,0,0,0,0,0.0,0.0,0,"[""SEG-JOVEM"", ""SEG-ALTA-RENDA"", ""SEG-POUPADOR""]",0
299333,2023-03-28,N,BR,M,47,2008-11-21,0.0,172,1.0,,1.0,I,S,N,,KAT,N,SP,1.0,91077.55,02 - VAREJO,0,0,1,0,0,0,0,1,0,0,0,0,0,0,0,0,0,0,0,0,0,0.0,0.0,0,"[""SEG-ALTA-RENDA"", ""SEG-CREDITO-ATIVO"", ""SEG-SEM-CARTAO"", ""SEG-INVESTIDOR-INICIANTE"", ""SEG-POUPADOR"", ""SEG-CONTRIBUINTE-IR"", ""SEG-PERFIL-FAMILIAR""]",0
159254,2023-02-28,N,BR,M,60,2007-02-07,0.0,192,1.0,,1.0,A,S,N,,KAT,S,SP,1.0,65708.41,02 - VAREJO,0,0,1,0,0,0,0,0,0,0,0,0,0,0,0,0,0,0,0,0,0,0.0,0.0,0,"[""SEG-SENIOR"", ""SEG-CREDITO-ATIVO"", ""SEG-SEM-CARTAO"", ""SEG-INVESTIDOR-INICIANTE"", ""SEG-POUPADOR"", ""SEG-CONTRIBUINTE-IR"", ""SEG-PERFIL-FAMILIAR""]",0
1291158,2023-03-28,N,BR,F,23,2021-08-04,0.0,19,1.0,,1.0,I,S,N,,KHE,N,SP,1.0,84742.41,03 - UNIVERSITARIO,0,0,1,0,0,0,0,0,0,0,0,0,0,0,0,0,0,0,0,0,0,0.0,0.0,0,"[""SEG-JOVEM"", ""SEG-CREDITO-ATIVO"", ""SEG-SEM-CARTAO"", ""SEG-INVESTIDOR-INICIANTE"", ""SEG-POUPADOR""]",0
602402,2022-08-28,N,BR,M,29,2014-01-10,0.0,103,1.0,,1,A,S,N,,KFA,N,SP,1.0,78039.9,03 - UNIVERSITARIO,0,0,0,0,1,0,0,1,0,0,0,0,0,0,0,0,0,0,0,0,0,1.0,1.0,1,"[""SEG-JOVEM"", ""SEG-ALTA-RENDA"", ""SEG-CREDITO-ATIVO"", ""SEG-SEM-CARTAO"", ""SEG-INVESTIDOR-INICIANTE"", ""SEG-POUPADOR"", ""SEG-PERFIL-FAMILIAR"", ""SEG-VIAJANTE-EVENTO""]",1
49250,2022-06-28,N,BR,F,47,2003-11-05,0.0,224,1.0,,1.0,A,S,N,,KAT,N,SP,1.0,101246.37,02 - VAREJO,0,0,1,0,0,0,0,0,0,0,0,0,0,0,0,0,0,0,0,0,1,0.0,0.0,1,"[""SEG-ALTA-RENDA"", ""SEG-CREDITO-ATIVO"", ""SEG-SEM-CARTAO"", ""SEG-INVESTIDOR-INICIANTE"", ""SEG-POUPADOR"", ""SEG-CONTRIBUINTE-IR"", ""SEG-PERFIL-FAMILIAR""]",0
28562,2022-12-28,N,BR,F,75,2002-12-04,0.0,241,1.0,,1.0,A,S,N,,KAT,N,SP,1.0,33225.92,02 - VAREJO,0,0,1,0,0,0,0,1,0,0,0,0,0,0,0,0,0,0,0,0,0,0.0,0.0,0,"[""SEG-SENIOR"", ""SEG-SEM-CARTAO"", ""SEG-INVESTIDOR-INICIANTE""]",0
197631,2022-08-28,N,BR,M,40,2007-10-09,0.0,178,1.0,,1.0,A,S,N,,KAT,N,SP,1.0,45642.5,02 - VAREJO,0,0,1,0,0,0,0,0,0,0,0,0,1,1,0,0,0,0,0,0,0,0.0,0.0,0,"[""SEG-CREDITO-ATIVO"", ""SEG-SEM-CARTAO"", ""SEG-POUPADOR"", ""SEG-CONTRIBUINTE-IR"", ""SEG-INVESTIDOR-EXPERIENTE"", ""SEG-PERFIL-FAMILIAR""]",0
224083,2022-08-28,N,BR,F,62,2008-02-21,0.0,174,1.0,,1.0,A,S,N,,KAT,N,SP,1.0,81613.3,02 - VAREJO,0,0,1,0,0,0,0,1,0,0,0,0,0,0,0,0,0,0,0,0,0,0.0,0.0,0,"[""SEG-SENIOR"", ""SEG-CREDITO-ATIVO"", ""SEG-SEM-CARTAO"", ""SEG-INVESTIDOR-INICIANTE"", ""SEG-POUPADOR""]",0
329664,2022-06-28,N,BR,F,44,2009-02-12,0.0,161,1.0,,1.0,A,S,N,,KAT,N,SP,1.0,98816.03,01 - ALTA RENDA,0,0,1,0,0,0,0,1,0,0,0,0,0,0,0,0,0,0,0,0,0,0.0,0.0,0,"[""SEG-VIP"", ""SEG-ALTA-RENDA"", ""SEG-CREDITO-ATIVO"", ""SEG-SEM-CARTAO"", ""SEG-INVESTIDOR-INICIANTE"", ""SEG-POUPADOR"", ""SEG-CONTRIBUINTE-IR"", ""SEG-PERFIL-FAMILIAR""]",0
42494,2023-01-28,N,BR,F,84,2003-07-31,0.0,234,1.0,,1.0,A,S,N,,KAT,N,SP,1.0,196975.72,01 - ALTA RENDA,0,0,0,0,0,0,0,0,0,0,0,1,0,1,0,0,0,0,0,0,0,0.0,0.0,0,"[""SEG-VIP"", ""SEG-SENIOR"", ""SEG-CREDITO-ATIVO"", ""SEG-SEM-CARTAO"", ""SEG-POUPADOR"", ""SEG-INVESTIDOR-EXPERIENTE""]",0
287086,2023-01-28,N,BR,M,80,2008-10-29,0.0,171,1.0,,1.0,A,S,N,,KAT,N,SP,1.0,15944.17,02 - VAREJO,0,0,0,0,0,0,0,0,0,0,0,0,1,1,0,0,0,0,0,0,0,0.0,0.0,0,"[""SEG-SENIOR"", ""SEG-SEM-CARTAO"", ""SEG-INVESTIDOR-EXPERIENTE""]",0
134158,2023-05-28,N,BR,M,47,2006-06-09,0.0,203,1.0,,1.0,A,S,N,,KAT,N,SP,1.0,93646.14,01 - ALTA RENDA,0,0,1,0,1,0,0,1,0,0,0,0,1,1,0,0,0,0,0,1,0,1.0,1.0,1,"[""SEG-VIP"", ""SEG-ALTA-RENDA"", ""SEG-CREDITO-ATIVO"", ""SEG-SEM-CARTAO"", ""SEG-POUPADOR"", ""SEG-CONTRIBUINTE-IR"", ""SEG-PERFIL-FAMILIAR""]",0
323831,2023-03-28,N,BR,F,45,2009-01-29,0.0,170,1.0,,1.0,A,S,N,,KAE,N,MG,1.0,8422.0,02 - VAREJO,0,0,1,0,0,0,0,1,0,0,0,0,0,0,1,0,0,0,0,0,0,0.0,0.0,1,"[""SEG-SEM-CARTAO"", ""SEG-INVESTIDOR-INICIANTE"", ""SEG-PERFIL-FAMILIAR"", ""SEG-PROPRIETARIO""]",0
1278375,2023-01-28,N,BR,M,28,2021-07-25,0.0,18,1.0,,1,A,S,N,,KHE,N,MG,1.0,15492.12,03 - UNIVERSITARIO,0,0,1,0,0,0,0,0,0,0,0,0,0,0,0,0,0,0,0,0,0,0.0,0.0,0,"[""SEG-JOVEM"", ""SEG-SEM-CARTAO"", ""SEG-INVESTIDOR-INICIANTE"", ""SEG-PERFIL-FAMILIAR""]",0
1122118,2023-02-28,N,BR,M,33,2020-02-19,0.0,36,1.0,,1.0,A,S,N,,KFC,N,MS,1.0,62877.36,03 - UNIVERSITARIO,0,0,1,0,0,0,0,0,0,0,0,0,1,0,0,0,0,0,0,0,0,0.0,0.0,1,"[""SEG-ALTA-RENDA"", ""SEG-CREDITO-ATIVO"", ""SEG-SEM-CARTAO"", ""SEG-INVESTIDOR-INICIANTE"", ""SEG-POUPADOR"", ""SEG-CONTRIBUINTE-IR"", ""SEG-PERFIL-FAMILIAR""]",0
279771,2022-12-28,N,BR,F,68,2008-12-04,0.0,168,1.0,,1.0,I,S,N,,KFC,N,RJ,0.0,66378.72,02 - VAREJO,0,0,0,0,0,0,0,0,0,0,0,0,0,0,0,0,0,0,0,0,0,0.0,0.0,0,"[""SEG-SENIOR"", ""SEG-POUPADOR""]",0
17933,2022-11-28,N,BR,F,55,2003-01-25,0.0,238,1.0,,1.0,I,S,S,,KAT,N,SP,0.0,127384.84,02 - VAREJO,0,0,0,0,0,0,0,0,0,0,0,0,0,0,0,0,0,0,0,0,0,0.0,0.0,0,"[""SEG-SENIOR"", ""SEG-ALTA-RENDA"", ""SEG-POUPADOR"", ""SEG-CONTRIBUINTE-IR""]",0
629639,2022-11-28,N,BR,F,78,2013-07-26,0.0,112,1.0,,1,I,S,N,,KAH,N,DF,0.0,76732.98,02 - VAREJO,0,0,1,0,0,0,0,0,0,0,0,0,0,0,0,0,0,0,0,0,0,0.0,0.0,0,"[""SEG-SENIOR"", ""SEG-POUPADOR""]",0
373898,2023-04-28,N,BR,F,33,2009-07-22,0.0,165,1.0,,1.0,A,S,S,,KFC,N,SP,1.0,37406.83,02 - VAREJO,0,0,0,0,1,0,0,1,0,0,0,0,0,0,0,0,0,1,0,0,0,1.0,1.0,1,"[""SEG-CREDITO-ATIVO"", ""SEG-SEM-CARTAO"", ""SEG-INVESTIDOR-INICIANTE"", ""SEG-POUPADOR"", ""SEG-PERFIL-FAMILIAR""]",0
477745,2022-01-28,N,BR,F,57,2011-06-04,0.0,133,1.0,,1.0,I,S,N,,KAT,N,SP,0.0,104075.06,02 - VAREJO,0,0,1,0,0,0,0,1,0,0,0,0,0,0,0,0,0,0,0,0,0,0.0,0.0,0,"[""SEG-SENIOR"", ""SEG-POUPADOR"", ""SEG-CONTRIBUINTE-IR"", ""SEG-VIAJANTE-EVENTO""]",1
147506,2022-11-28,N,BR,M,57,2006-10-26,0.0,193,1.0,,1.0,I,S,N,,KAT,N,SP,0.0,45895.52,02 - VAREJO,0,0,1,0,0,0,0,0,0,0,0,0,0,0,0,0,0,0,0,0,0,0.0,0.0,0,"[""SEG-SENIOR"", ""SEG-POUPADOR"", ""SEG-CONTRIBUINTE-IR"", ""SEG-VIAJANTE-EVENTO""]",1
858495,2023-04-28,N,BR,F,45,2016-11-27,0.0,77,1.0,,1,A,S,N,,KAT,N,RJ,1.0,27687.69,02 - VAREJO,0,0,1,0,0,0,0,0,1,0,0,0,0,1,0,0,0,0,0,0,0,0.0,0.0,0,"[""SEG-SEM-CARTAO"", ""SEG-INVESTIDOR-EXPERIENTE"", ""SEG-PERFIL-FAMILIAR""]",0
38759,2023-02-28,N,BR,M,58,2011-03-02,0.0,144,1.0,,1.0,A,S,N,,KAT,N,SP,1.0,276741.09,01 - ALTA RENDA,0,0,1,0,0,0,0,1,0,0,0,0,0,0,0,0,0,1,0,0,0,0.0,0.0,0,"[""SEG-VIP"", ""SEG-SENIOR"", ""SEG-CREDITO-ATIVO"", ""SEG-SEM-CARTAO"", ""SEG-INVESTIDOR-INICIANTE"", ""SEG-POUPADOR"", ""SEG-CONTRIBUINTE-IR"", ""SEG-PERFIL-FAMILIAR""]",0
1261438,2023-04-28,N,BR,F,57,2021-06-03,0.0,22,1.0,,1,A,S,N,,KAT,N,SP,1.0,41972.05,01 - ALTA RENDA,0,0,1,0,0,0,0,0,0,0,0,1,1,1,0,0,0,0,1,0,0,0.0,0.0,1,"[""SEG-VIP"", ""SEG-SENIOR"", ""SEG-CREDITO-ATIVO"", ""SEG-POUPADOR"", ""SEG-INVESTIDOR-EXPERIENTE"", ""SEG-PERFIL-FAMILIAR""]",0
63297,2023-02-28,N,BR,F,49,2004-05-06,0.0,108,1.0,,1.0,A,S,N,,KAT,N,RJ,1.0,154577.25,02 - VAREJO,0,0,1,0,0,0,0,0,0,0,0,0,0,1,0,0,0,0,0,0,0,0.0,0.0,0,"[""SEG-ALTA-RENDA"", ""SEG-CREDITO-ATIVO"", ""SEG-SEM-CARTAO"", ""SEG-POUPADOR"", ""SEG-CONTRIBUINTE-IR"", ""SEG-INVESTIDOR-EXPERIENTE"", ""SEG-PERFIL-FAMILIAR""]",0
150682,2023-03-28,N,BR,F,48,2006-11-25,0.0,196,1.0,,1,A,S,N,,KAT,N,PI,1.0,8417.0,02 - VAREJO,0,0,1,0,1,0,0,0,0,0,0,0,0,0,1,0,0,0,1,0,0,1.0,1.0,1,"[""SEG-INVESTIDOR-INICIANTE"", ""SEG-PERFIL-FAMILIAR"", ""SEG-PROPRIETARIO""]",0
495660,2023-03-28,N,BR,M,46,2011-11-10,0.0,136,1.0,,1.0,A,S,N,,KAG,N,SP,1.0,34844.4,02 - VAREJO,0,0,0,0,1,0,0,0,0,0,0,0,0,0,1,0,0,0,0,0,0,1.0,1.0,1,"[""SEG-CREDITO-ATIVO"", ""SEG-SEM-CARTAO"", ""SEG-INVESTIDOR-INICIANTE"", ""SEG-POUPADOR"", ""SEG-PERFIL-FAMILIAR"", ""SEG-PROPRIETARIO""]",0
108532,2022-04-28,N,BR,F,56,2005-12-02,0.0,200,1.0,,1.0,A,S,N,,KAT,N,RJ,1.0,242381.54,02 - VAREJO,0,0,0,0,1,0,0,0,0,0,0,0,1,0,1,0,0,0,0,0,0,0.0,0.0,1,"[""SEG-SENIOR"", ""SEG-CREDITO-ATIVO"", ""SEG-SEM-CARTAO"", ""SEG-INVESTIDOR-INICIANTE"", ""SEG-POUPADOR"", ""SEG-CONTRIBUINTE-IR"", ""SEG-PERFIL-FAMILIAR"", ""SEG-PROPRIETARIO""]",0
101373,2022-10-28,N,BR,F,48,2005-07-06,0.0,15,1.0,,1.0,A,S,N,,KAT,N,SP,1.0,219733.44,02 - VAREJO,0,0,1,0,0,0,0,0,0,0,0,0,1,0,0,0,0,0,0,0,0,0.0,0.0,0,"[""SEG-ALTA-RENDA"", ""SEG-CREDITO-ATIVO"", ""SEG-SEM-CARTAO"", ""SEG-INVESTIDOR-INICIANTE"", ""SEG-POUPADOR"", ""SEG-CONTRIBUINTE-IR"", ""SEG-PERFIL-FAMILIAR""]",0
540361,2022-02-28,N,BR,F,50,2012-07-19,0.0,120,1.0,,1.0,I,S,N,,KAT,N,RJ,0.0,48956.73,02 - VAREJO,0,0,1,0,0,0,0,0,0,0,0,0,0,0,0,0,0,0,0,0,0,0.0,0.0,0,"[""SEG-POUPADOR"", ""SEG-CONTRIBUINTE-IR""]",0
1267104,2023-04-28,N,BR,F,18,2021-07-04,0.0,21,1.0,,1,A,S,N,,KFC,N,PR,1.0,9562.21,02 - VAREJO,0,0,0,0,0,1,0,0,0,0,0,0,0,0,0,0,0,0,0,0,0,0.0,0.0,0,"[""SEG-JOVEM"", ""SEG-SEM-CARTAO"", ""SEG-INVESTIDOR-INICIANTE""]",0
1360783,2023-02-28,N,BR,F,27,2021-11-25,0.0,15,1.0,,1.0,I,S,N,,KHE,N,SP,0.0,107121.66,03 - UNIVERSITARIO,0,0,1,0,0,0,0,0,0,0,0,0,0,0,0,0,0,0,0,0,0,0.0,0.0,0,"[""SEG-JOVEM"", ""SEG-ALTA-RENDA"", ""SEG-POUPADOR""]",0
368516,2022-11-28,N,BR,F,55,2009-07-04,0.0,160,1.0,,1.0,I,S,N,,KAT,N,SP,1.0,107171.9,02 - VAREJO,0,0,0,0,0,0,0,1,0,0,0,0,0,0,0,0,0,0,0,0,0,0.0,0.0,0,"[""SEG-SENIOR"", ""SEG-ALTA-RENDA"", ""SEG-CREDITO-ATIVO"", ""SEG-SEM-CARTAO"", ""SEG-INVESTIDOR-INICIANTE"", ""SEG-POUPADOR"", ""SEG-CONTRIBUINTE-IR"", ""SEG-PERFIL-FAMILIAR"", ""SEG-VIAJANTE-EVENTO""]",1
507771,2022-02-28,N,BR,F,52,2011-12-22,0.0,127,1.0,,1.0,A,S,N,,KFA,N,SP,1.0,60165.98,02 - VAREJO,0,0,1,0,0,0,0,1,0,0,0,0,1,0,0,0,0,0,0,0,0,0.0,0.0,0,"[""SEG-CREDITO-ATIVO"", ""SEG-SEM-CARTAO"", ""SEG-INVESTIDOR-INICIANTE"", ""SEG-POUPADOR"", ""SEG-CONTRIBUINTE-IR"", ""SEG-PERFIL-FAMILIAR""]",0
960851,2023-04-28,N,BR,M,26,2018-10-13,0.0,54,1.0,,1.0,I,S,N,,KHE,N,BA,1.0,36149.64,03 - UNIVERSITARIO,0,0,1,0,0,0,0,0,0,0,0,0,0,0,0,0,0,0,0,0,0,0.0,0.0,0,"[""SEG-JOVEM"", ""SEG-CREDITO-ATIVO"", ""SEG-SEM-CARTAO"", ""SEG-INVESTIDOR-INICIANTE"", ""SEG-POUPADOR"", ""SEG-PERFIL-FAMILIAR""]",0
1089477,2022-01-28,N,BR,M,21,2019-10-26,0.0,33,1.0,,1.0,I,S,S,,KHE,N,RS,0.0,45919.8,03 - UNIVERSITARIO,0,0,1,0,0,0,0,0,0,0,0,0,0,0,0,0,0,0,0,0,0,0.0,0.0,0,"[""SEG-JOVEM"", ""SEG-POUPADOR""]",0
1038876,2022-10-28,N,BR,F,33,2019-08-01,0.0,38,1.0,,1,I,S,N,,KHE,N,MG,0.0,27507.61,03 - UNIVERSITARIO,0,0,1,0,0,0,0,0,0,0,0,0,0,0,0,0,0,0,0,0,0,0.0,0.0,0,"[""SEG-VIAJANTE-EVENTO""]",1
1303646,2023-04-28,N,BR,F,55,2021-09-08,0.0,19,1.0,,1.0,A,S,N,,KAT,N,PR,1.0,15565.81,02 - VAREJO,0,0,1,0,0,0,0,0,0,0,0,0,1,1,0,0,0,0,0,0,0,0.0,0.0,0,"[""SEG-SENIOR"", ""SEG-SEM-CARTAO"", ""SEG-INVESTIDOR-EXPERIENTE"", ""SEG-PERFIL-FAMILIAR""]",0
149677,2023-05-28,N,BR,F,50,2006-11-18,0.0,198,1.0,,1.0,A,S,N,,KAT,N,RS,1.0,75089.76,02 - VAREJO,0,0,0,0,0,0,0,0,0,0,0,0,0,0,1,0,1,0,1,0,0,0.0,0.0,1,"[""SEG-ALTA-RENDA"", ""SEG-INVESTIDOR-INICIANTE"", ""SEG-POUPADOR"", ""SEG-CONTRIBUINTE-IR"", ""SEG-PERFIL-FAMILIAR"", ""SEG-PROPRIETARIO""]",0
223453,2022-10-28,N,BR,F,56,2008-02-19,0.0,176,1.0,,1.0,A,S,S,,KFC,N,SP,1.0,37233.25,02 - VAREJO,0,0,1,0,0,0,0,1,0,0,0,0,1,0,0,0,0,0,0,0,0,0.0,0.0,0,"[""SEG-SENIOR"", ""SEG-CREDITO-ATIVO"", ""SEG-SEM-CARTAO"", ""SEG-INVESTIDOR-INICIANTE"", ""SEG-POUPADOR"", ""SEG-PERFIL-FAMILIAR""]",0
106850,2022-12-28,N,BR,F,64,2005-10-03,0.0,207,1.0,,1.0,A,S,N,,KAT,N,RS,1.0,192557.2,01 - ALTA RENDA,0,0,0,0,1,0,0,0,0,0,0,1,1,1,0,1,0,0,1,0,0,1.0,1.0,1,"[""SEG-VIP"", ""SEG-SENIOR"", ""SEG-CREDITO-ATIVO"", ""SEG-POUPADOR"", ""SEG-INVESTIDOR-EXPERIENTE""]",0
288839,2022-11-28,N,BR,F,58,2008-10-31,1.0,2,1.0,,1.0,A,S,N,,KFC,N,MG,1.0,25723.64,02 - VAREJO,0,0,0,0,1,0,0,0,0,0,0,0,0,0,0,0,0,1,0,0,0,0.0,0.0,0,"[""SEG-SENIOR"", ""SEG-INVESTIDOR-INICIANTE"", ""SEG-PERFIL-FAMILIAR""]",0
814533,2023-05-28,N,BR,F,68,2015-11-06,0.0,90,1.0,,1.0,A,S,N,,KAT,N,RS,1.0,45644.7,01 - ALTA RENDA,0,0,1,0,0,0,0,0,1,0,0,1,0,0,0,0,0,0,0,0,0,0.0,0.0,0,"[""SEG-VIP"", ""SEG-SENIOR"", ""SEG-CREDITO-ATIVO"", ""SEG-SEM-CARTAO"", ""SEG-INVESTIDOR-INICIANTE"", ""SEG-POUPADOR""]",0
1275815,2022-06-28,N,BR,M,22,2021-07-23,0.0,12,1.0,,1.0,I,S,N,,KHE,N,RJ,0.0,148437.58,03 - UNIVERSITARIO,0,0,1,0,0,0,0,0,0,0,0,0,0,0,0,0,0,0,0,0,0,0.0,0.0,0,"[""SEG-JOVEM"", ""SEG-POUPADOR""]",0
731370,2022-12-28,N,BR,F,51,2014-11-08,0.0,97,1.0,,1.0,A,S,N,,KAT,N,MT,1.0,22128.49,02 - VAREJO,0,0,1,0,0,0,0,0,0,0,0,0,1,0,0,0,0,0,0,0,0,0.0,0.0,0,"[""SEG-SEM-CARTAO"", ""SEG-INVESTIDOR-INICIANTE"", ""SEG-PERFIL-FAMILIAR""]",0
233732,2023-02-28,N,BR,F,59,2008-03-27,0.0,179,1.0,,1.0,I,S,N,,KCL,N,PR,0.0,45371.01,02 - VAREJO,0,0,0,0,0,0,0,1,0,0,0,0,0,0,0,0,0,0,0,0,0,0.0,0.0,0,"[""SEG-SENIOR"", ""SEG-POUPADOR"", ""SEG-CONTRIBUINTE-IR""]",0
1277497,2023-03-28,N,BR,M,21,2021-07-24,0.0,20,1.0,,1,A,S,N,,KHE,N,PE,1.0,82715.28,03 - UNIVERSITARIO,0,0,1,0,0,0,0,0,0,0,0,0,0,0,0,0,0,0,0,0,0,0.0,0.0,0,"[""SEG-JOVEM"", ""SEG-CREDITO-ATIVO"", ""SEG-SEM-CARTAO"", ""SEG-INVESTIDOR-INICIANTE"", ""SEG-POUPADOR""]",0
269836,2022-02-28,N,BR,F,44,2008-08-30,0.0,167,1.0,,1.0,A,S,N,,KAT,N,PR,1.0,145172.79,02 - VAREJO,0,0,1,0,0,0,0,1,0,0,0,0,0,0,0,0,0,0,0,0,0,0.0,0.0,0,"[""SEG-ALTA-RENDA"", ""SEG-CREDITO-ATIVO"", ""SEG-SEM-CARTAO"", ""SEG-INVESTIDOR-INICIANTE"", ""SEG-POUPADOR"", ""SEG-CONTRIBUINTE-IR"", ""SEG-PERFIL-FAMILIAR""]",0
778765,2023-01-28,N,BR,F,47,2015-07-11,0.0,90,1.0,,1,A,S,N,,KFC,N,MG,1.0,159237.26,02 - VAREJO,0,0,1,0,0,0,0,0,0,0,0,0,0,0,0,0,0,0,0,0,0,0.0,0.0,0,"[""SEG-ALTA-RENDA"", ""SEG-CREDITO-ATIVO"", ""SEG-SEM-CARTAO"", ""SEG-INVESTIDOR-INICIANTE"", ""SEG-POUPADOR"", ""SEG-CONTRIBUINTE-IR"", ""SEG-PERFIL-FAMILIAR""]",0
1297832,2023-05-28,N,BR,F,42,2021-08-20,0.0,21,1.0,,1.0,I,S,N,,KFC,N,SP,0.0,310737.98,02 - VAREJO,0,0,0,0,0,0,0,0,0,0,0,0,0,0,0,0,0,0,0,0,0,0.0,0.0,0,"[""SEG-ALTA-RENDA"", ""SEG-POUPADOR"", ""SEG-CONTRIBUINTE-IR"", ""SEG-VIAJANTE-EVENTO""]",1
996542,2022-09-28,N,BR,M,27,2018-12-18,0.0,45,1.0,,1.0,A,S,N,,KAT,N,SP,1.0,19612.38,03 - UNIVERSITARIO,0,0,0,0,1,0,0,0,0,0,0,0,0,0,0,0,0,1,0,0,0,1.0,1.0,1,"[""SEG-JOVEM"", ""SEG-SEM-CARTAO"", ""SEG-INVESTIDOR-INICIANTE"", ""SEG-PERFIL-FAMILIAR""]",0
731081,2022-07-28,N,BR,M,32,2014-11-07,0.0,92,1.0,,1.0,I,S,N,,KFA,N,SP,0.0,121240.16,02 - VAREJO,0,0,0,0,0,0,0,0,0,0,0,0,0,0,0,0,0,0,0,0,0,0.0,0.0,0,"[""SEG-ALTA-RENDA"", ""SEG-POUPADOR"", ""SEG-CONTRIBUINTE-IR""]",0
494808,2023-05-28,N,BR,F,57,2011-10-06,0.0,139,1.0,,1.0,A,S,N,,KFC,N,SP,1.0,28022.09,01 - ALTA RENDA,0,0,1,0,0,0,0,0,0,0,0,0,0,0,0,0,0,0,0,1,0,0.0,0.0,0,"[""SEG-VIP"", ""SEG-SENIOR"", ""SEG-SEM-CARTAO"", ""SEG-INVESTIDOR-INICIANTE"", ""SEG-PERFIL-FAMILIAR""]",0
1187297,2022-11-28,N,BR,M,28,2020-10-01,0.0,25,1.0,,1.0,I,S,N,,KHE,N,SP,0.0,12925.27,03 - UNIVERSITARIO,0,0,1,0,0,0,0,0,0,0,0,0,0,0,0,0,0,0,0,0,0,0.0,0.0,0,"[""SEG-JOVEM"", ""SEG-VIAJANTE-EVENTO""]",1
45090,2022-12-28,N,BR,M,55,2006-04-26,0.0,232,1.0,,1.0,I,S,S,,KAT,N,SP,0.0,154695.74,02 - VAREJO,0,0,0,0,0,0,0,0,0,0,0,0,0,0,0,0,0,0,0,0,0,0.0,0.0,0,"[""SEG-SENIOR"", ""SEG-ALTA-RENDA"", ""SEG-POUPADOR"", ""SEG-CONTRIBUINTE-IR""]",0
300775,2023-02-28,N,BR,F,49,2008-11-24,0.0,171,1.0,,1.0,A,S,N,,KCB,N,SP,1.0,15713.37,01 - ALTA RENDA,0,0,1,0,0,0,0,1,0,0,0,0,1,0,0,0,0,0,0,1,0,0.0,0.0,0,"[""SEG-VIP"", ""SEG-SEM-CARTAO"", ""SEG-INVESTIDOR-INICIANTE"", ""SEG-PERFIL-FAMILIAR""]",0
54778,2022-11-28,N,BR,F,87,2006-12-21,0.0,191,1.0,,1,I,S,N,,KAT,N,PA,0.0,11587.86,02 - VAREJO,0,0,0,0,0,0,0,0,0,0,0,0,0,0,0,0,0,0,0,0,0,0.0,0.0,0,"[""SEG-SENIOR""]",0
299565,2022-08-28,N,BR,F,53,2008-11-21,0.0,165,1.0,,1.0,A,S,N,,KFC,N,SP,1.0,84483.79,02 - VAREJO,0,0,1,0,0,0,0,0,0,0,0,0,0,0,0,0,0,1,0,0,0,0.0,0.0,0,"[""SEG-ALTA-RENDA"", ""SEG-CREDITO-ATIVO"", ""SEG-SEM-CARTAO"", ""SEG-INVESTIDOR-INICIANTE"", ""SEG-POUPADOR"", ""SEG-CONTRIBUINTE-IR"", ""SEG-PERFIL-FAMILIAR""]",0
1178704,2022-09-28,N,BR,M,28,2020-09-18,0.0,24,1.0,,1,I,S,N,,KHE,N,BA,0.0,18122.96,03 - UNIVERSITARIO,0,0,1,0,0,0,0,0,0,0,0,0,0,0,0,0,0,0,0,0,0,0.0,0.0,0,"[""SEG-JOVEM""]",0
1320219,2023-03-28,N,BR,F,34,2021-09-30,0.0,18,1.0,,1,I,S,N,,KFC,N,PA,0.0,100101.27,02 - VAREJO,0,0,0,0,0,0,0,0,0,0,0,0,0,0,0,0,0,0,0,0,0,0.0,0.0,0,"[""SEG-ALTA-RENDA"", ""SEG-POUPADOR"", ""SEG-CONTRIBUINTE-IR""]",0
126296,2022-12-28,N,BR,F,61,2006-03-24,0.0,201,1.0,,1.0,A,S,N,,KAT,N,SP,1.0,31998.51,01 - ALTA RENDA,0,0,1,0,0,0,0,0,0,0,0,0,1,0,1,0,0,0,0,0,0,0.0,0.0,1,"[""SEG-VIP"", ""SEG-SENIOR"", ""SEG-SEM-CARTAO"", ""SEG-INVESTIDOR-INICIANTE"", ""SEG-PROPRIETARIO""]",0
938274,2022-08-28,N,BR,M,24,2018-09-05,0.0,47,1.0,,1,I,S,N,,KHD,N,RS,1.0,33705.63,03 - UNIVERSITARIO,0,0,1,0,0,0,0,0,0,0,0,0,0,0,0,0,0,0,0,0,0,0.0,0.0,0,"[""SEG-JOVEM"", ""SEG-SEM-CARTAO"", ""SEG-INVESTIDOR-INICIANTE""]",0
1028016,2022-01-28,N,BR,F,25,2019-07-23,0.0,36,1.0,,1.0,A,S,N,,KHE,N,PI,1.0,12402.71,03 - UNIVERSITARIO,0,0,1,0,0,0,0,0,0,0,0,0,0,0,0,0,0,0,0,0,0,0.0,0.0,0,"[""SEG-JOVEM"", ""SEG-SEM-CARTAO"", ""SEG-INVESTIDOR-INICIANTE"", ""SEG-PERFIL-FAMILIAR""]",0
155996,2022-05-28,N,BR,F,83,2007-01-12,0.0,186,1.0,,1.0,A,S,N,,KAT,N,RJ,1.0,217002.66,02 - VAREJO,0,0,1,0,0,0,0,1,0,0,0,0,0,1,0,0,0,0,0,0,0,0.0,0.0,0,"[""SEG-SENIOR"", ""SEG-CREDITO-ATIVO"", ""SEG-SEM-CARTAO"", ""SEG-POUPADOR"", ""SEG-INVESTIDOR-EXPERIENTE""]",0
1046020,2023-03-28,N,BR,M,54,2019-08-07,0.0,42,1.0,,1.0,A,S,N,,KAT,N,MG,1.0,8598.48,02 - VAREJO,0,0,1,0,0,0,0,0,0,0,0,0,0,0,0,0,0,0,0,0,0,0.0,0.0,1,"[""SEG-SEM-CARTAO"", ""SEG-INVESTIDOR-INICIANTE"", ""SEG-PERFIL-FAMILIAR""]",0
820767,2022-12-28,N,BR,F,40,2015-12-02,0.0,84,1.0,,1,A,S,N,,KAT,N,RJ,1.0,194633.22,02 - VAREJO,0,0,0,0,0,0,0,0,1,0,0,0,0,1,0,0,0,0,0,0,0,0.0,0.0,0,"[""SEG-ALTA-RENDA"", ""SEG-CREDITO-ATIVO"", ""SEG-SEM-CARTAO"", ""SEG-POUPADOR"", ""SEG-CONTRIBUINTE-IR"", ""SEG-INVESTIDOR-EXPERIENTE"", ""SEG-PERFIL-FAMILIAR""]",0
716058,2023-03-28,N,BR,M,39,2014-09-01,0.0,102,1.0,,1.0,A,S,N,,KFC,N,BA,1.0,155235.83,02 - VAREJO,0,0,1,0,0,0,0,0,0,0,0,0,0,0,0,0,0,1,0,0,0,0.0,0.0,1,"[""SEG-ALTA-RENDA"", ""SEG-CREDITO-ATIVO"", ""SEG-SEM-CARTAO"", ""SEG-INVESTIDOR-INICIANTE"", ""SEG-POUPADOR"", ""SEG-CONTRIBUINTE-IR"", ""SEG-PERFIL-FAMILIAR""]",0
1128228,2023-03-28,N,BR,M,48,2020-04-17,0.0,35,1.0,,1,I,S,N,,KFC,N,RJ,0.0,79586.21,02 - VAREJO,0,0,1,0,0,0,0,0,0,0,0,0,0,0,0,0,0,0,0,0,0,0.0,0.0,0,"[""SEG-ALTA-RENDA"", ""SEG-POUPADOR"", ""SEG-CONTRIBUINTE-IR"", ""SEG-VIAJANTE-EVENTO""]",1
394514,2023-02-28,N,BR,F,43,2009-12-05,0.0,158,1.0,,1.0,A,S,N,,KAT,N,SP,1.0,11095.11,01 - ALTA RENDA,0,0,1,0,1,0,0,0,0,0,0,1,1,0,1,1,0,0,1,1,0,1.0,1.0,1,"[""SEG-VIP"", ""SEG-INVESTIDOR-INICIANTE"", ""SEG-PERFIL-FAMILIAR"", ""SEG-PROPRIETARIO""]",0
582521,2022-04-28,N,BR,F,51,2012-11-28,0.0,116,1.0,,1.0,I,S,N,,KFA,N,SP,0.0,155358.63,02 - VAREJO,0,0,0,0,0,0,0,0,0,0,0,0,0,0,0,0,0,0,0,0,0,0.0,0.0,0,"[""SEG-ALTA-RENDA"", ""SEG-POUPADOR"", ""SEG-CONTRIBUINTE-IR""]",0
1291355,2022-04-28,N,BR,M,19,2021-08-04,0.0,12,1.0,,1.0,I,S,N,,KHE,N,MG,0.0,18682.33,03 - UNIVERSITARIO,0,0,1,0,0,0,0,0,0,0,0,0,0,0,0,0,0,0,0,0,0,0.0,0.0,0,"[""SEG-JOVEM""]",0
355288,2023-03-28,N,BR,M,65,2009-04-26,0.0,167,1.0,,1.0,A,S,N,,KAT,N,SP,1.0,60072.35,02 - VAREJO,0,0,1,0,0,0,0,1,0,0,0,0,0,0,0,0,0,0,0,0,0,0.0,0.0,1,"[""SEG-SENIOR"", ""SEG-CREDITO-ATIVO"", ""SEG-SEM-CARTAO"", ""SEG-INVESTIDOR-INICIANTE"", ""SEG-POUPADOR""]",0
63586,2022-12-28,N,BR,M,57,2004-05-09,0.0,223,1.0,,1.0,A,S,N,,KAT,N,SP,1.0,39730.95,02 - VAREJO,0,0,1,0,0,0,0,1,1,0,0,0,0,0,0,0,0,0,0,0,0,0.0,0.0,0,"[""SEG-SENIOR"", ""SEG-CREDITO-ATIVO"", ""SEG-SEM-CARTAO"", ""SEG-INVESTIDOR-INICIANTE"", ""SEG-POUPADOR"", ""SEG-PERFIL-FAMILIAR""]",0
973787,2023-05-28,N,BR,M,25,2018-11-04,0.0,54,1.0,,1.0,I,S,N,,KHE,N,SP,0.0,571700.19,03 - UNIVERSITARIO,0,0,1,0,0,0,0,0,0,0,0,0,0,0,0,0,0,0,0,0,0,0.0,0.0,0,"[""SEG-JOVEM"", ""SEG-ALTA-RENDA"", ""SEG-POUPADOR""]",0
35076,2022-02-28,N,BR,M,56,2003-03-21,0.0,232,1.0,,1.0,A,S,N,,KAT,N,SP,1.0,350837.01,01 - ALTA RENDA,0,0,1,0,0,0,0,0,0,0,0,1,0,0,0,0,0,0,0,0,0,0.0,0.0,0,"[""SEG-VIP"", ""SEG-SENIOR"", ""SEG-CREDITO-ATIVO"", ""SEG-SEM-CARTAO"", ""SEG-INVESTIDOR-INICIANTE"", ""SEG-POUPADOR"", ""SEG-CONTRIBUINTE-IR"", ""SEG-PERFIL-FAMILIAR"", ""SEG-VIAJANTE-EVENTO""]",1
970255,2023-05-28,N,BR,M,27,2018-10-28,0.0,55,1.0,,1.0,I,S,N,,KHE,N,MG,0.0,57932.64,03 - UNIVERSITARIO,0,0,1,0,0,0,0,0,0,0,0,0,0,0,0,0,0,0,0,0,0,0.0,0.0,0,"[""SEG-JOVEM"", ""SEG-POUPADOR""]",0
70925,2023-04-28,N,BR,F,65,2004-08-27,0.0,223,1.0,,1.0,A,S,N,,007,N,SP,1.0,61890.79,01 - ALTA RENDA,0,0,0,0,1,0,0,0,0,0,0,0,0,1,0,0,0,0,0,0,0,0.0,1.0,1,"[""SEG-VIP"", ""SEG-SENIOR"", ""SEG-CREDITO-ATIVO"", ""SEG-SEM-CARTAO"", ""SEG-POUPADOR"", ""SEG-INVESTIDOR-EXPERIENTE""]",0
99059,2022-03-28,N,BR,F,43,2005-06-11,0.0,205,1.0,,1.0,A,S,N,,KAT,N,SP,1.0,52570.7,01 - ALTA RENDA,0,0,1,0,0,0,0,1,0,0,0,1,0,0,0,0,0,0,0,0,0,0.0,0.0,0,"[""SEG-VIP"", ""SEG-CREDITO-ATIVO"", ""SEG-SEM-CARTAO"", ""SEG-INVESTIDOR-INICIANTE"", ""SEG-POUPADOR"", ""SEG-CONTRIBUINTE-IR"", ""SEG-PERFIL-FAMILIAR""]",0
770963,2022-09-28,N,BR,M,39,2015-05-30,0.0,88,1.0,,1.0,A,S,N,,KFC,N,SP,1.0,151354.24,02 - VAREJO,0,0,0,0,1,0,0,0,0,0,0,0,0,0,0,0,0,0,1,0,0,1.0,1.0,1,"[""SEG-ALTA-RENDA"", ""SEG-CREDITO-ATIVO"", ""SEG-INVESTIDOR-INICIANTE"", ""SEG-POUPADOR"", ""SEG-CONTRIBUINTE-IR"", ""SEG-PERFIL-FAMILIAR"", ""SEG-VIAJANTE-EVENTO""]",1
41242,2023-05-28,N,BR,F,55,2003-06-14,0.0,239,1.0,,1.0,A,S,N,,KAT,N,SP,1.0,70587.55,01 - ALTA RENDA,0,0,0,0,1,0,0,1,1,0,0,1,0,0,0,0,0,1,1,0,0,1.0,1.0,1,"[""SEG-VIP"", ""SEG-SENIOR"", ""SEG-ALTA-RENDA"", ""SEG-CREDITO-ATIVO"", ""SEG-INVESTIDOR-INICIANTE"", ""SEG-POUPADOR"", ""SEG-CONTRIBUINTE-IR"", ""SEG-PERFIL-FAMILIAR""]",0
985716,2022-03-28,N,BR,F,28,2018-11-25,0.0,44,1.0,,1.0,I,S,N,,KHE,N,SP,0.0,95804.47,03 - UNIVERSITARIO,0,0,1,0,0,0,0,0,0,0,0,0,0,0,0,0,0,0,0,0,0,0.0,0.0,0,"[""SEG-JOVEM"", ""SEG-ALTA-RENDA"", ""SEG-POUPADOR""]",0
240894,2023-02-28,N,BR,F,51,2008-04-18,0.0,178,1.0,,1,A,S,N,,KDD,N,MG,1.0,606525.25,02 - VAREJO,0,0,1,0,0,0,0,1,0,0,0,0,0,0,0,0,0,0,0,0,0,0.0,0.0,0,"[""SEG-ALTA-RENDA"", ""SEG-CREDITO-ATIVO"", ""SEG-SEM-CARTAO"", ""SEG-INVESTIDOR-INICIANTE"", ""SEG-POUPADOR"", ""SEG-CONTRIBUINTE-IR"", ""SEG-PERFIL-FAMILIAR"", ""SEG-VIAJANTE-EVENTO""]",1
46428,2022-03-28,N,BR,F,63,2003-10-04,0.0,225,1.0,,1.0,A,S,N,,KAT,N,GO,1.0,31144.38,01 - ALTA RENDA,0,0,0,0,1,0,0,0,0,0,0,1,1,1,0,0,0,1,1,0,0,1.0,1.0,1,"[""SEG-VIP"", ""SEG-SENIOR"", ""SEG-INVESTIDOR-EXPERIENTE"", ""SEG-VIAJANTE-EVENTO""]",1
1054654,2023-02-28,N,BR,F,36,2019-08-29,0.0,42,1.0,,1.0,I,S,N,,KFC,N,DF,0.0,86307.34,02 - VAREJO,0,0,0,0,0,0,0,0,0,0,0,0,1,0,0,0,0,0,0,0,0,0.0,0.0,0,"[""SEG-ALTA-RENDA"", ""SEG-POUPADOR"", ""SEG-CONTRIBUINTE-IR""]",0
1035755,2022-01-28,N,BR,F,31,2019-07-30,0.0,36,1.0,,1.0,I,S,N,,KHE,N,RJ,0.0,102050.92,03 - UNIVERSITARIO,0,0,1,0,0,0,0,0,0,0,0,0,0,0,0,0,0,0,0,0,0,0.0,0.0,0,"[""SEG-ALTA-RENDA"", ""SEG-POUPADOR"", ""SEG-CONTRIBUINTE-IR""]",0
1157165,2022-03-28,N,BR,F,41,2020-08-05,0.0,23,1.0,,1.0,A,S,N,,KFC,N,SP,1.0,442543.0,02 - VAREJO,0,0,1,0,0,0,0,0,0,0,0,0,0,0,0,0,0,0,0,0,0,0.0,0.0,1,"[""SEG-ALTA-RENDA"", ""SEG-CREDITO-ATIVO"", ""SEG-SEM-CARTAO"", ""SEG-INVESTIDOR-INICIANTE"", ""SEG-POUPADOR"", ""SEG-CONTRIBUINTE-IR"", ""SEG-PERFIL-FAMILIAR""]",0
1290944,2022-07-28,N,BR,F,55,2022-05-28,1.0,2,1.0,,1.0,A,S,N,,KHN,N,AP,1.0,74177.74,01 - ALTA RENDA,0,0,1,0,0,0,0,0,0,1,0,0,0,0,0,0,0,0,0,0,0,0.0,0.0,0,"[""SEG-VIP"", ""SEG-SENIOR"", ""SEG-ALTA-RENDA"", ""SEG-INVESTIDOR-INICIANTE"", ""SEG-CONTRIBUINTE-IR"", ""SEG-PERFIL-FAMILIAR""]",0
1140276,2022-11-28,N,BR,F,20,2020-07-09,0.0,28,1.0,,1.0,A,S,N,,KHE,N,PA,1.0,186775.27,03 - UNIVERSITARIO,0,0,1,0,0,0,0,0,0,0,0,0,0,0,0,0,0,0,0,0,0,0.0,0.0,0,"[""SEG-JOVEM"", ""SEG-CREDITO-ATIVO"", ""SEG-SEM-CARTAO"", ""SEG-INVESTIDOR-INICIANTE"", ""SEG-POUPADOR""]",0
730060,2022-12-28,N,BR,M,79,2014-11-02,0.0,98,1.0,,1.0,I,S,N,,KFA,N,SP,0.0,129167.1,02 - VAREJO,0,0,1,0,0,0,0,0,0,0,0,0,0,0,0,0,0,0,0,0,0,0.0,0.0,0,"[""SEG-SENIOR"", ""SEG-POUPADOR""]",0
92879,2023-05-28,N,BR,F,53,2005-04-17,0.0,217,1.0,,1.0,I,S,S,,KAT,N,SP,0.0,221877.0,02 - VAREJO,0,0,1,0,0,0,0,0,0,0,0,0,0,0,0,0,0,0,0,0,0,0.0,0.0,0,"[""SEG-ALTA-RENDA"", ""SEG-POUPADOR"", ""SEG-CONTRIBUINTE-IR""]",0
74818,2023-04-28,N,BR,M,45,2004-10-27,0.0,222,1.0,,1.0,A,S,N,,KAT,N,SP,1.0,236699.28,01 - ALTA RENDA,0,0,1,0,1,0,0,0,0,0,0,1,1,1,0,0,0,1,1,0,0,1.0,1.0,1,"[""SEG-VIP"", ""SEG-ALTA-RENDA"", ""SEG-CREDITO-ATIVO"", ""SEG-POUPADOR"", ""SEG-CONTRIBUINTE-IR"", ""SEG-INVESTIDOR-EXPERIENTE"", ""SEG-PERFIL-FAMILIAR""]",0
410918,2023-02-28,N,BR,F,67,2010-05-27,0.0,153,1.0,,1.0,A,S,N,,KAT,N,PE,1.0,8436.22,02 - VAREJO,0,0,1,0,0,0,0,0,0,0,0,0,0,0,1,0,0,0,0,0,0,0.0,0.0,0,"[""SEG-SENIOR"", ""SEG-SEM-CARTAO"", ""SEG-INVESTIDOR-INICIANTE"", ""SEG-PROPRIETARIO""]",0
371399,2023-05-28,N,BR,M,63,2009-07-11,0.0,166,1.0,,1.0,A,S,N,,KAT,N,SP,1.0,67843.95,02 - VAREJO,0,0,1,0,0,0,0,1,0,0,0,0,1,0,1,0,0,0,0,0,0,0.0,0.0,1,"[""SEG-SENIOR"", ""SEG-CREDITO-ATIVO"", ""SEG-SEM-CARTAO"", ""SEG-INVESTIDOR-INICIANTE"", ""SEG-POUPADOR"", ""SEG-PROPRIETARIO""]",0
73113,2023-02-28,N,BR,F,54,2004-10-06,0.0,220,1.0,,1.0,A,S,N,,KAT,N,MT,1.0,36542.04,02 - VAREJO,0,0,1,0,0,0,0,0,0,0,0,0,1,0,0,0,0,0,0,0,0,0.0,0.0,0,"[""SEG-CREDITO-ATIVO"", ""SEG-SEM-CARTAO"", ""SEG-INVESTIDOR-INICIANTE"", ""SEG-POUPADOR"", ""SEG-PERFIL-FAMILIAR""]",0
50142,2022-08-28,N,BR,F,45,2004-01-24,0.0,223,1.0,,1.0,A,S,N,,KAT,N,SP,1.0,50097.62,01 - ALTA RENDA,0,0,1,0,0,0,0,0,0,0,0,0,1,0,0,0,0,1,0,1,0,0.0,0.0,1,"[""SEG-VIP"", ""SEG-CREDITO-ATIVO"", ""SEG-SEM-CARTAO"", ""SEG-INVESTIDOR-INICIANTE"", ""SEG-POUPADOR"", ""SEG-CONTRIBUINTE-IR"", ""SEG-PERFIL-FAMILIAR"", ""SEG-VIAJANTE-EVENTO""]",1
852700,2022-03-28,N,BR,F,47,2016-09-24,0.0,23,1.0,,1.0,A,S,N,,KAT,N,SP,1.0,194004.97,02 - VAREJO,0,0,1,0,0,0,0,0,0,0,0,0,0,0,0,0,0,0,0,0,0,0.0,0.0,1,"[""SEG-ALTA-RENDA"", ""SEG-CREDITO-ATIVO"", ""SEG-SEM-CARTAO"", ""SEG-INVESTIDOR-INICIANTE"", ""SEG-POUPADOR"", ""SEG-CONTRIBUINTE-IR"", ""SEG-PERFIL-FAMILIAR""]",0
1264094,2022-01-28,N,BR,F,28,2021-06-18,0.0,13,1.0,,1.0,A,S,N,,KFC,N,SP,1.0,33747.01,03 - UNIVERSITARIO,0,0,0,0,1,0,0,0,0,0,0,0,0,0,0,0,0,0,0,0,0,1.0,1.0,1,"[""SEG-JOVEM"", ""SEG-CREDITO-ATIVO"", ""SEG-SEM-CARTAO"", ""SEG-INVESTIDOR-INICIANTE"", ""SEG-POUPADOR"", ""SEG-PERFIL-FAMILIAR""]",0
354854,2023-05-28,N,BR,F,48,2009-04-25,0.0,169,1.0,,1.0,A,S,S,,KAT,N,RJ,1.0,90928.23,02 - VAREJO,0,0,1,0,0,0,0,0,0,0,0,0,1,0,0,0,0,0,0,0,0,0.0,0.0,0,"[""SEG-ALTA-RENDA"", ""SEG-CREDITO-ATIVO"", ""SEG-SEM-CARTAO"", ""SEG-INVESTIDOR-INICIANTE"", ""SEG-POUPADOR"", ""SEG-CONTRIBUINTE-IR"", ""SEG-PERFIL-FAMILIAR""]",0
239582,2022-08-28,N,BR,M,54,2009-07-24,0.0,157,1.0,,1.0,A,S,N,,KAE,N,SP,1.0,47216.86,02 - VAREJO,0,0,0,0,1,0,0,0,1,0,0,0,0,0,0,0,0,0,1,0,0,1.0,1.0,1,"[""SEG-CREDITO-ATIVO"", ""SEG-INVESTIDOR-INICIANTE"", ""SEG-POUPADOR"", ""SEG-CONTRIBUINTE-IR"", ""SEG-PERFIL-FAMILIAR""]",0
465040,2022-10-28,N,BR,M,50,2011-03-22,0.0,139,1.0,,1.0,A,S,N,,KFC,N,RJ,1.0,91404.2,02 - VAREJO,0,0,1,0,0,0,0,1,0,0,0,0,0,1,0,0,0,0,0,0,0,0.0,0.0,0,"[""SEG-ALTA-RENDA"", ""SEG-CREDITO-ATIVO"", ""SEG-SEM-CARTAO"", ""SEG-POUPADOR"", ""SEG-CONTRIBUINTE-IR"", ""SEG-INVESTIDOR-EXPERIENTE"", ""SEG-PERFIL-FAMILIAR""]",0
1284174,2023-05-28,N,BR,M,75,2021-07-30,0.0,22,1.0,,1,A,S,S,,KFA,N,SP,1.0,85010.49,01 - ALTA RENDA,0,0,1,0,0,0,0,0,0,0,0,0,1,0,0,0,0,0,0,0,0,0.0,0.0,0,"[""SEG-VIP"", ""SEG-SENIOR"", ""SEG-CREDITO-ATIVO"", ""SEG-SEM-CARTAO"", ""SEG-INVESTIDOR-INICIANTE"", ""SEG-POUPADOR""]",0
447128,2022-11-28,N,BR,F,54,2011-01-22,0.0,142,1.0,,1,A,S,N,,KAT,N,RJ,1.0,21157.65,02 - VAREJO,0,0,0,0,0,0,0,0,0,0,0,0,0,0,1,0,0,0,0,0,0,0.0,0.0,0,"[""SEG-SEM-CARTAO"", ""SEG-INVESTIDOR-INICIANTE"", ""SEG-PERFIL-FAMILIAR"", ""SEG-PROPRIETARIO""]",0
1309806,2022-10-28,N,BR,F,19,2021-09-17,0.0,13,1.0,,1.0,I,S,N,,KHE,N,RS,1.0,113153.28,03 - UNIVERSITARIO,0,0,1,0,0,0,0,0,0,0,0,0,0,0,0,0,0,0,0,0,0,0.0,0.0,0,"[""SEG-JOVEM"", ""SEG-CREDITO-ATIVO"", ""SEG-SEM-CARTAO"", ""SEG-INVESTIDOR-INICIANTE"", ""SEG-POUPADOR"", ""SEG-VIAJANTE-EVENTO""]",1
86819,2022-04-28,N,BR,F,81,2005-02-23,0.0,147,1.0,,1.0,A,S,N,,KFA,N,SP,1.0,40292.6,02 - VAREJO,0,0,1,0,0,0,0,1,0,0,0,0,0,0,0,0,0,0,0,0,0,0.0,0.0,0,"[""SEG-SENIOR"", ""SEG-CREDITO-ATIVO"", ""SEG-SEM-CARTAO"", ""SEG-INVESTIDOR-INICIANTE"", ""SEG-POUPADOR""]",0
112438,2022-04-28,N,BR,F,45,2005-11-23,0.0,200,1.0,,1.0,A,S,N,,KAT,N,SP,1.0,56202.62,02 - VAREJO,0,0,1,0,0,0,0,0,0,0,0,0,1,0,0,0,0,0,1,0,0,0.0,0.0,1,"[""SEG-CREDITO-ATIVO"", ""SEG-INVESTIDOR-INICIANTE"", ""SEG-POUPADOR"", ""SEG-CONTRIBUINTE-IR"", ""SEG-PERFIL-FAMILIAR""]",0
660671,2022-12-28,N,BR,F,44,2013-12-01,0.0,108,1.0,,1.0,A,S,N,,KAT,N,SP,1.0,53247.53,02 - VAREJO,0,0,0,0,1,0,0,0,1,0,0,0,0,0,0,0,0,0,1,0,0,1.0,1.0,1,"[""SEG-CREDITO-ATIVO"", ""SEG-INVESTIDOR-INICIANTE"", ""SEG-POUPADOR"", ""SEG-CONTRIBUINTE-IR"", ""SEG-PERFIL-FAMILIAR""]",0
186364,2023-02-28,N,BR,M,67,2011-05-10,0.0,187,1.0,,1,A,S,N,,KAT,N,SP,1.0,57820.0,01 - ALTA RENDA,0,0,0,0,0,0,0,0,0,0,0,1,0,0,0,0,0,0,0,0,0,0.0,0.0,0,"[""SEG-VIP"", ""SEG-SENIOR"", ""SEG-CREDITO-ATIVO"", ""SEG-SEM-CARTAO"", ""SEG-INVESTIDOR-INICIANTE"", ""SEG-POUPADOR""]",0
1064775,2023-05-28,N,BR,M,27,2019-09-21,0.0,44,1.0,,1.0,I,S,S,,KHE,N,RS,0.0,34233.59,03 - UNIVERSITARIO,0,0,1,0,0,0,0,0,0,0,0,0,0,0,0,0,0,0,0,0,0,0.0,0.0,0,"[""SEG-JOVEM"", ""SEG-POUPADOR""]",0
398804,2022-02-28,N,BR,F,48,2009-12-30,0.0,151,1.0,,1.0,A,S,N,,KAT,N,SP,1.0,32148.43,02 - VAREJO,0,0,1,0,0,0,0,0,0,0,0,0,0,0,1,0,0,1,0,0,0,0.0,0.0,1,"[""SEG-SEM-CARTAO"", ""SEG-INVESTIDOR-INICIANTE"", ""SEG-PERFIL-FAMILIAR"", ""SEG-PROPRIETARIO""]",0
686404,2022-08-28,N,BR,M,37,2014-04-16,0.0,100,1.0,,1.0,A,S,N,,KAT,N,SP,1.0,25254.45,02 - VAREJO,0,0,0,0,1,0,0,0,0,0,0,0,1,0,0,0,0,0,1,0,0,1.0,1.0,1,"[""SEG-INVESTIDOR-INICIANTE"", ""SEG-PERFIL-FAMILIAR""]",0
1117656,2022-12-28,N,BR,M,27,2020-01-10,0.0,35,1.0,,1.0,I,S,N,,KHE,N,RJ,0.0,54415.43,03 - UNIVERSITARIO,0,0,0,0,0,0,0,0,0,0,0,0,0,0,0,0,0,0,0,0,0,0.0,0.0,0,"[""SEG-JOVEM"", ""SEG-POUPADOR"", ""SEG-VIAJANTE-EVENTO""]",1
1034603,2022-11-28,N,BR,M,24,2019-07-28,0.0,40,1.0,,1,A,S,N,,KAT,N,SC,1.0,8498.94,03 - UNIVERSITARIO,0,0,1,0,0,0,0,0,0,0,0,0,0,0,0,0,0,0,0,0,0,0.0,0.0,0,"[""SEG-JOVEM"", ""SEG-SEM-CARTAO"", ""SEG-INVESTIDOR-INICIANTE""]",0
59667,2023-05-28,N,BR,F,53,2004-04-01,0.0,230,1.0,,1.0,A,S,N,,KAT,N,SP,1.0,82809.18,02 - VAREJO,0,0,1,0,0,0,0,0,0,0,0,0,0,0,1,0,0,1,0,0,0,0.0,0.0,0,"[""SEG-ALTA-RENDA"", ""SEG-CREDITO-ATIVO"", ""SEG-SEM-CARTAO"", ""SEG-INVESTIDOR-INICIANTE"", ""SEG-POUPADOR"", ""SEG-CONTRIBUINTE-IR"", ""SEG-PERFIL-FAMILIAR"", ""SEG-PROPRIETARIO""]",0
1075523,2023-03-28,N,BR,F,31,2019-10-04,0.0,41,1.0,,1.0,A,S,N,,KFC,N,AL,1.0,17880.67,02 - VAREJO,0,0,1,0,0,0,0,0,0,0,0,0,0,0,0,0,0,0,0,0,0,0.0,0.0,1,"[""SEG-SEM-CARTAO"", ""SEG-INVESTIDOR-INICIANTE"", ""SEG-PERFIL-FAMILIAR"", ""SEG-VIAJANTE-EVENTO""]",1
374308,2022-04-28,N,BR,F,38,2009-07-22,0.0,156,1.0,,1.0,A,S,S,,KFC,N,SP,1.0,358895.17,01 - ALTA RENDA,0,0,1,0,1,0,0,0,1,0,0,0,0,0,0,0,0,1,0,1,0,1.0,1.0,1,"[""SEG-VIP"", ""SEG-ALTA-RENDA"", ""SEG-CREDITO-ATIVO"", ""SEG-SEM-CARTAO"", ""SEG-INVESTIDOR-INICIANTE"", ""SEG-POUPADOR"", ""SEG-CONTRIBUINTE-IR"", ""SEG-PERFIL-FAMILIAR""]",0
337137,2023-01-28,N,BR,F,49,2009-03-04,0.0,166,1.0,,1,I,S,N,,KFC,N,SP,0.0,119015.63,02 - VAREJO,0,0,0,0,0,0,0,0,0,0,0,0,0,0,0,0,0,0,0,0,0,0.0,0.0,0,"[""SEG-ALTA-RENDA"", ""SEG-POUPADOR"", ""SEG-CONTRIBUINTE-IR""]",0
1456007,2023-02-28,N,BR,F,27,2022-09-21,1.0,5,1.0,,1.0,A,S,N,,KHQ,N,PE,1.0,14598.64,03 - UNIVERSITARIO,0,0,1,0,0,0,0,0,0,0,0,0,0,0,0,0,0,0,0,0,0,0.0,0.0,0,"[""SEG-JOVEM"", ""SEG-SEM-CARTAO"", ""SEG-INVESTIDOR-INICIANTE"", ""SEG-PERFIL-FAMILIAR""]",0
1128455,2023-01-28,N,BR,M,84,2020-04-19,0.0,33,1.0,,1,A,S,N,,KFC,N,RJ,1.0,82470.84,01 - ALTA RENDA,0,0,1,0,0,0,0,0,0,0,0,0,0,0,0,0,0,0,0,1,0,0.0,0.0,0,"[""SEG-VIP"", ""SEG-SENIOR"", ""SEG-CREDITO-ATIVO"", ""SEG-SEM-CARTAO"", ""SEG-INVESTIDOR-INICIANTE"", ""SEG-POUPADOR""]",0
1179579,2023-05-28,N,BR,F,37,2020-09-19,0.0,32,1.0,,1.0,A,S,N,,KFC,N,SP,1.0,182002.76,02 - VAREJO,0,0,1,0,0,0,0,0,0,0,0,0,0,0,0,0,0,0,0,0,0,0.0,0.0,0,"[""SEG-ALTA-RENDA"", ""SEG-CREDITO-ATIVO"", ""SEG-SEM-CARTAO"", ""SEG-INVESTIDOR-INICIANTE"", ""SEG-POUPADOR"", ""SEG-CONTRIBUINTE-IR"", ""SEG-PERFIL-FAMILIAR""]",0
62146,2023-03-28,N,BR,F,91,2004-04-17,0.0,227,1.0,,1.0,A,S,N,,KAT,N,SP,1.0,193037.24,02 - VAREJO,0,0,1,0,0,0,0,0,0,0,0,0,0,1,0,0,0,0,0,0,0,0.0,0.0,0,"[""SEG-SENIOR"", ""SEG-CREDITO-ATIVO"", ""SEG-SEM-CARTAO"", ""SEG-POUPADOR"", ""SEG-INVESTIDOR-EXPERIENTE""]",0
182835,2022-12-28,N,BR,F,42,2007-07-17,0.0,133,1.0,,1.0,I,S,N,,KAT,N,SP,0.0,130391.72,02 - VAREJO,0,0,1,0,0,0,0,1,0,0,0,0,0,0,0,0,0,0,0,0,0,0.0,0.0,0,"[""SEG-ALTA-RENDA"", ""SEG-POUPADOR"", ""SEG-CONTRIBUINTE-IR""]",0
48404,2023-04-28,N,BR,M,44,2003-10-29,0.0,214,1.0,,1.0,A,S,N,,KAT,N,SP,1.0,569334.34,02 - VAREJO,0,0,1,0,0,0,0,0,0,0,0,0,0,0,0,0,0,0,1,0,0,0.0,0.0,1,"[""SEG-ALTA-RENDA"", ""SEG-CREDITO-ATIVO"", ""SEG-INVESTIDOR-INICIANTE"", ""SEG-POUPADOR"", ""SEG-CONTRIBUINTE-IR"", ""SEG-PERFIL-FAMILIAR""]",0
257432,2022-01-28,N,BR,F,39,2008-06-28,0.0,169,1.0,,1.0,A,S,N,,KFA,N,SP,1.0,126571.22,02 - VAREJO,0,0,0,0,1,0,0,0,0,0,0,0,1,0,0,0,0,1,0,1,1,0.0,0.0,0,"[""SEG-ALTA-RENDA"", ""SEG-CREDITO-ATIVO"", ""SEG-SEM-CARTAO"", ""SEG-INVESTIDOR-INICIANTE"", ""SEG-POUPADOR"", ""SEG-CONTRIBUINTE-IR"", ""SEG-PERFIL-FAMILIAR""]",0
1107849,2022-11-28,N,BR,M,53,2019-11-29,0.0,36,1.0,,1.0,A,S,N,,KFC,N,RJ,0.0,154061.33,02 - VAREJO,0,0,0,0,0,0,0,0,0,0,0,0,1,0,0,0,0,0,0,0,0,0.0,0.0,0,"[""SEG-ALTA-RENDA"", ""SEG-POUPADOR"", ""SEG-CONTRIBUINTE-IR""]",0
1151678,2023-01-28,N,BR,M,21,2020-07-30,0.0,30,1.0,,1.0,A,S,N,,KHE,N,RJ,1.0,23212.35,03 - UNIVERSITARIO,0,0,1,0,0,0,0,0,0,0,0,0,0,0,0,0,0,0,0,0,0,0.0,0.0,0,"[""SEG-JOVEM"", ""SEG-SEM-CARTAO"", ""SEG-INVESTIDOR-INICIANTE""]",0
595490,2023-05-28,N,BR,F,37,2013-02-05,0.0,123,1.0,,1.0,A,S,N,,KFC,N,RJ,1.0,25864.09,02 - VAREJO,0,0,1,0,0,0,0,0,1,0,0,0,0,0,0,0,0,0,0,0,0,0.0,0.0,0,"[""SEG-SEM-CARTAO"", ""SEG-INVESTIDOR-INICIANTE"", ""SEG-PERFIL-FAMILIAR""]",0
417949,2022-02-28,N,BR,F,31,2010-05-06,0.0,146,1.0,,1.0,I,S,N,,KFC,N,SP,0.0,309000.51,02 - VAREJO,0,0,0,0,0,0,0,1,0,0,0,0,0,0,0,0,0,0,0,0,0,0.0,0.0,0,"[""SEG-ALTA-RENDA"", ""SEG-POUPADOR"", ""SEG-CONTRIBUINTE-IR""]",0
657685,2023-01-28,N,BR,F,40,2013-11-17,0.0,110,1.0,,1,A,S,N,,KFC,N,RJ,1.0,108041.03,02 - VAREJO,0,0,1,0,0,0,0,1,0,0,0,0,0,0,0,0,0,0,0,0,0,0.0,0.0,0,"[""SEG-ALTA-RENDA"", ""SEG-CREDITO-ATIVO"", ""SEG-SEM-CARTAO"", ""SEG-INVESTIDOR-INICIANTE"", ""SEG-POUPADOR"", ""SEG-CONTRIBUINTE-IR"", ""SEG-PERFIL-FAMILIAR""]",0
1376176,2022-07-28,N,BR,F,69,2022-01-14,0.0,6,1.0,,1,A,S,N,,KHK,N,AP,0.0,13249.58,01 - ALTA RENDA,0,0,0,0,0,0,0,0,0,0,0,0,0,0,0,0,0,0,0,0,0,0.0,0.0,0,"[""SEG-VIP"", ""SEG-SENIOR"", ""SEG-VIAJANTE-EVENTO""]",1
1349653,2023-04-28,N,BR,F,37,2021-11-05,0.0,17,1.0,,1.0,A,S,N,,KHK,N,SP,1.0,55276.32,02 - VAREJO,0,0,1,0,0,0,0,0,0,0,0,0,0,0,0,0,0,0,0,0,0,0.0,0.0,1,"[""SEG-CREDITO-ATIVO"", ""SEG-SEM-CARTAO"", ""SEG-INVESTIDOR-INICIANTE"", ""SEG-POUPADOR"", ""SEG-CONTRIBUINTE-IR"", ""SEG-PERFIL-FAMILIAR""]",0
1320008,2022-10-28,N,BR,M,20,2021-09-29,0.0,13,1.0,,1,A,S,N,,KFC,N,SP,1.0,29379.31,02 - VAREJO,0,0,1,0,0,0,0,0,0,0,0,0,0,0,0,0,0,1,0,0,0,0.0,0.0,1,"[""SEG-JOVEM"", ""SEG-SEM-CARTAO"", ""SEG-INVESTIDOR-INICIANTE""]",0
1021666,2022-06-28,N,BR,F,40,2019-07-02,0.0,36,1.0,,1.0,A,S,N,,KFC,N,RJ,1.0,54647.81,02 - VAREJO,0,0,0,0,1,0,0,0,0,0,0,0,0,0,0,0,0,1,0,0,0,0.0,0.0,1,"[""SEG-CREDITO-ATIVO"", ""SEG-SEM-CARTAO"", ""SEG-INVESTIDOR-INICIANTE"", ""SEG-POUPADOR"", ""SEG-CONTRIBUINTE-IR"", ""SEG-PERFIL-FAMILIAR""]",0
356669,2023-01-28,N,BR,M,48,2009-05-02,0.0,165,1.0,,1.0,A,S,N,,KAE,N,MG,1.0,245221.03,02 - VAREJO,0,0,1,0,0,0,0,1,0,0,0,0,0,0,0,0,0,0,0,0,0,0.0,0.0,0,"[""SEG-ALTA-RENDA"", ""SEG-CREDITO-ATIVO"", ""SEG-SEM-CARTAO"", ""SEG-INVESTIDOR-INICIANTE"", ""SEG-POUPADOR"", ""SEG-CONTRIBUINTE-IR"", ""SEG-PERFIL-FAMILIAR""]",0
1242728,2023-03-28,N,BR,M,60,2021-02-10,0.0,25,1.0,,1.0,A,S,N,,KFC,N,SP,1.0,16779.6,02 - VAREJO,0,0,1,0,0,0,0,0,0,0,0,0,0,0,0,0,0,1,0,0,0,0.0,0.0,1,"[""SEG-SENIOR"", ""SEG-SEM-CARTAO"", ""SEG-INVESTIDOR-INICIANTE"", ""SEG-PERFIL-FAMILIAR""]",0
451507,2023-03-28,N,BR,F,56,2011-01-03,0.0,146,1.0,,1.0,A,S,N,,KEJ,N,BA,1.0,152421.85,02 - VAREJO,0,0,0,0,1,0,0,0,0,0,0,0,1,0,0,0,0,1,1,0,0,1.0,1.0,1,"[""SEG-SENIOR"", ""SEG-CREDITO-ATIVO"", ""SEG-INVESTIDOR-INICIANTE"", ""SEG-POUPADOR"", ""SEG-CONTRIBUINTE-IR"", ""SEG-PERFIL-FAMILIAR""]",0
168864,2022-07-28,N,BR,F,40,2007-03-23,0.0,184,1.0,,1.0,A,S,N,,KAT,N,SP,1.0,10231.57,02 - VAREJO,0,0,0,0,1,0,0,0,1,0,1,0,1,0,1,0,0,0,0,0,0,1.0,1.0,1,"[""SEG-SEM-CARTAO"", ""SEG-INVESTIDOR-INICIANTE"", ""SEG-PERFIL-FAMILIAR"", ""SEG-PROPRIETARIO""]",0
107709,2022-01-28,N,BR,F,45,2005-10-13,0.0,201,1.0,,1.0,A,S,N,,KAT,N,SP,1.0,157320.08,01 - ALTA RENDA,0,0,0,0,1,0,0,0,1,0,0,1,1,1,0,1,0,1,1,0,0,1.0,1.0,1,"[""SEG-VIP"", ""SEG-ALTA-RENDA"", ""SEG-CREDITO-ATIVO"", ""SEG-POUPADOR"", ""SEG-INVESTIDOR-EXPERIENTE"", ""SEG-PERFIL-FAMILIAR""]",0
1275611,2022-07-28,N,BR,M,23,2021-07-23,0.0,12,1.0,,1.0,A,S,N,,KHE,N,RJ,1.0,57713.59,03 - UNIVERSITARIO,0,0,1,0,0,0,0,0,0,0,0,0,0,0,0,0,0,0,0,0,0,0.0,0.0,0,"[""SEG-JOVEM"", ""SEG-CREDITO-ATIVO"", ""SEG-SEM-CARTAO"", ""SEG-INVESTIDOR-INICIANTE"", ""SEG-POUPADOR""]",0
119398,2022-10-28,N,BR,M,42,2006-01-20,0.0,201,1.0,,1.0,I,S,N,,KAT,N,SP,1.0,7767.96,02 - VAREJO,0,0,1,0,0,0,0,0,0,0,0,0,0,0,0,0,0,0,0,0,0,0.0,0.0,0,"[""SEG-SEM-CARTAO"", ""SEG-INVESTIDOR-INICIANTE"", ""SEG-PERFIL-FAMILIAR""]",0
659016,2022-09-28,N,BR,F,44,2013-11-23,0.0,106,1.0,,1.0,A,S,N,,KAB,N,PR,1.0,34886.85,02 - VAREJO,0,0,1,0,0,0,0,0,0,0,0,0,0,0,0,0,0,0,1,0,0,0.0,0.0,0,"[""SEG-CREDITO-ATIVO"", ""SEG-INVESTIDOR-INICIANTE"", ""SEG-POUPADOR"", ""SEG-PERFIL-FAMILIAR"", ""SEG-VIAJANTE-EVENTO""]",1
1063860,2022-10-28,N,BR,F,34,2019-09-20,0.0,37,1.0,,1,I,S,N,,KHE,N,PI,1.0,11514.43,02 - VAREJO,0,0,1,0,0,0,0,0,0,0,0,0,0,0,0,0,0,0,0,0,0,0.0,0.0,0,"[""SEG-SEM-CARTAO"", ""SEG-INVESTIDOR-INICIANTE"", ""SEG-PERFIL-FAMILIAR""]",0
1096069,2022-12-28,N,BR,M,26,2019-11-06,0.0,37,1.0,,1.0,I,S,N,,KHE,N,RJ,0.0,67825.93,03 - UNIVERSITARIO,0,0,1,0,0,0,0,0,0,0,0,0,0,0,0,0,0,0,0,0,0,0.0,0.0,0,"[""SEG-JOVEM"", ""SEG-ALTA-RENDA"", ""SEG-POUPADOR"", ""SEG-VIAJANTE-EVENTO""]",1
65393,2022-09-28,N,BR,M,51,2010-04-29,0.0,219,1.0,,1,A,S,N,,KFC,N,BA,1.0,155177.38,02 - VAREJO,0,0,0,0,0,0,0,0,1,0,0,0,0,0,1,0,0,0,0,0,0,0.0,0.0,0,"[""SEG-ALTA-RENDA"", ""SEG-CREDITO-ATIVO"", ""SEG-SEM-CARTAO"", ""SEG-INVESTIDOR-INICIANTE"", ""SEG-POUPADOR"", ""SEG-CONTRIBUINTE-IR"", ""SEG-PERFIL-FAMILIAR"", ""SEG-PROPRIETARIO""]",0
182904,2023-02-28,N,BR,M,71,2007-07-17,0.0,187,1.0,,1.0,I,S,N,,KAT,N,RJ,0.0,84309.01,02 - VAREJO,0,0,0,0,0,0,0,0,0,0,0,0,0,0,0,0,0,0,0,0,0,0.0,0.0,0,"[""SEG-SENIOR"", ""SEG-POUPADOR"", ""SEG-VIAJANTE-EVENTO""]",1
302495,2022-04-28,N,BR,F,70,2008-12-10,0.0,163,1.0,,1.0,A,S,N,,KAT,N,SP,1.0,21203.4,02 - VAREJO,0,0,1,0,0,0,0,0,0,0,0,0,0,0,0,0,0,0,0,0,0,0.0,0.0,0,"[""SEG-SENIOR"", ""SEG-SEM-CARTAO"", ""SEG-INVESTIDOR-INICIANTE""]",0
112867,2022-07-28,N,BR,M,74,2011-01-07,0.0,200,1.0,,1.0,A,S,N,,KAS,N,RJ,1.0,17747.59,02 - VAREJO,0,0,0,0,0,0,0,0,0,0,0,0,0,1,0,0,0,0,0,0,0,0.0,0.0,0,"[""SEG-SENIOR"", ""SEG-SEM-CARTAO"", ""SEG-INVESTIDOR-EXPERIENTE""]",0
1250582,2023-05-28,N,BR,M,52,2021-03-26,0.0,26,1.0,,1.0,I,S,N,,KFC,N,SP,1.0,69260.08,02 - VAREJO,0,0,1,0,0,0,0,0,0,0,0,0,0,0,0,0,0,0,0,0,0,0.0,0.0,0,"[""SEG-ALTA-RENDA"", ""SEG-CREDITO-ATIVO"", ""SEG-SEM-CARTAO"", ""SEG-INVESTIDOR-INICIANTE"", ""SEG-POUPADOR"", ""SEG-CONTRIBUINTE-IR"", ""SEG-PERFIL-FAMILIAR""]",0
844225,2023-04-28,N,BR,F,44,2016-06-09,0.0,82,1.0,,1,A,S,N,,KFP,N,BA,1.0,44384.8,02 - VAREJO,0,0,0,0,1,0,0,0,0,0,0,0,0,0,0,0,0,0,0,0,0,1.0,1.0,0,"[""SEG-CREDITO-ATIVO"", ""SEG-SEM-CARTAO"", ""SEG-INVESTIDOR-INICIANTE"", ""SEG-POUPADOR"", ""SEG-PERFIL-FAMILIAR""]",0
1527873,2023-01-28,N,BR,M,45,2023-01-27,1.0,0,1.0,,,,S,N,,,N,RJ,1.0,60004.73,,0,0,1,0,0,0,0,0,0,0,0,0,0,0,0,0,0,0,0,0,0,0.0,0.0,0,"[""SEG-INVESTIDOR-INICIANTE"", ""SEG-POUPADOR"", ""SEG-CONTRIBUINTE-IR"", ""SEG-PERFIL-FAMILIAR"", ""SEG-VIAJANTE-EVENTO""]",1
57326,2023-04-28,N,BR,F,61,2004-03-24,0.0,229,1.0,,1.0,A,S,N,,KAT,N,SP,1.0,134285.48,02 - VAREJO,0,0,1,0,0,0,0,1,0,0,0,1,0,0,0,0,0,1,1,0,0,0.0,0.0,1,"[""SEG-SENIOR"", ""SEG-CREDITO-ATIVO"", ""SEG-INVESTIDOR-INICIANTE"", ""SEG-POUPADOR"", ""SEG-VIAJANTE-EVENTO""]",1
1137332,2023-04-28,N,BR,F,36,2020-06-13,0.0,34,1.0,,1,A,S,N,,KAT,N,MG,1.0,10128.04,02 - VAREJO,0,0,1,0,0,0,0,0,0,0,0,0,0,0,0,0,0,0,0,0,0,0.0,0.0,1,"[""SEG-SEM-CARTAO"", ""SEG-INVESTIDOR-INICIANTE"", ""SEG-PERFIL-FAMILIAR""]",0
31101,2022-10-28,N,BR,F,49,2003-01-15,0.0,237,1.0,,1.0,A,S,N,,KAT,N,SP,1.0,29223.24,02 - VAREJO,0,0,0,0,1,0,0,1,0,0,0,0,0,0,1,0,0,1,0,0,0,1.0,1.0,1,"[""SEG-SEM-CARTAO"", ""SEG-INVESTIDOR-INICIANTE"", ""SEG-PERFIL-FAMILIAR"", ""SEG-PROPRIETARIO""]",0
1279968,2023-04-28,N,BR,M,22,2021-07-28,0.0,21,1.0,,1.0,A,S,N,,KHE,N,PB,1.0,41766.87,03 - UNIVERSITARIO,0,0,1,0,0,0,0,0,0,0,0,0,0,0,0,0,0,0,0,0,0,0.0,0.0,0,"[""SEG-JOVEM"", ""SEG-CREDITO-ATIVO"", ""SEG-SEM-CARTAO"", ""SEG-INVESTIDOR-INICIANTE"", ""SEG-POUPADOR"", ""SEG-VIAJANTE-EVENTO""]",1
1252600,2023-04-28,N,BR,M,31,2021-04-08,0.0,24,1.0,,1.0,A,S,N,,KAT,N,CE,1.0,62673.02,02 - VAREJO,0,0,1,0,0,0,0,0,0,0,0,0,0,0,0,0,0,0,0,0,0,0.0,0.0,1,"[""SEG-ALTA-RENDA"", ""SEG-CREDITO-ATIVO"", ""SEG-SEM-CARTAO"", ""SEG-INVESTIDOR-INICIANTE"", ""SEG-POUPADOR"", ""SEG-CONTRIBUINTE-IR"", ""SEG-PERFIL-FAMILIAR""]",0
1348895,2023-05-28,N,BR,M,21,2021-11-05,0.0,18,1.0,,1.0,I,S,S,,KHE,N,PE,0.0,16342.84,03 - UNIVERSITARIO,0,0,1,0,0,0,0,0,0,0,0,0,0,0,0,0,0,0,0,0,0,0.0,0.0,0,"[""SEG-JOVEM""]",0
187308,2023-03-28,N,BR,M,49,2007-08-08,0.0,187,1.0,,1.0,A,S,N,,KFC,N,SP,1.0,93830.14,02 - VAREJO,0,0,0,0,1,0,0,0,0,0,0,0,1,0,0,0,0,1,1,0,0,1.0,1.0,1,"[""SEG-ALTA-RENDA"", ""SEG-CREDITO-ATIVO"", ""SEG-INVESTIDOR-INICIANTE"", ""SEG-POUPADOR"", ""SEG-CONTRIBUINTE-IR"", ""SEG-PERFIL-FAMILIAR""]",0
766647,2023-05-28,N,BR,M,55,2015-05-07,0.0,96,1.0,,1.0,A,S,N,,KFA,N,SP,1.0,188283.01,01 - ALTA RENDA,0,0,1,0,0,0,0,0,0,0,0,1,1,1,0,0,0,0,0,0,0,0.0,0.0,1,"[""SEG-VIP"", ""SEG-SENIOR"", ""SEG-ALTA-RENDA"", ""SEG-CREDITO-ATIVO"", ""SEG-SEM-CARTAO"", ""SEG-POUPADOR"", ""SEG-CONTRIBUINTE-IR"", ""SEG-INVESTIDOR-EXPERIENTE"", ""SEG-PERFIL-FAMILIAR""]",0
984298,2023-04-28,N,BR,F,31,2018-11-23,0.0,53,1.0,,1.0,I,S,N,,KHE,N,PE,0.0,67718.11,03 - UNIVERSITARIO,0,0,1,0,0,0,0,0,0,0,0,0,0,0,0,0,0,0,0,0,0,0.0,0.0,0,"[""SEG-ALTA-RENDA"", ""SEG-POUPADOR"", ""SEG-CONTRIBUINTE-IR""]",0
322382,2023-04-28,N,BR,F,45,2009-01-26,0.0,171,1.0,,1,A,S,N,,KFA,N,SP,1.0,46366.97,02 - VAREJO,0,0,1,0,1,0,0,0,1,0,0,1,1,0,1,0,0,0,0,1,0,1.0,1.0,1,"[""SEG-CREDITO-ATIVO"", ""SEG-SEM-CARTAO"", ""SEG-INVESTIDOR-INICIANTE"", ""SEG-POUPADOR"", ""SEG-CONTRIBUINTE-IR"", ""SEG-PERFIL-FAMILIAR"", ""SEG-PROPRIETARIO""]",0
1155025,2023-03-28,N,BR,M,24,2020-08-03,0.0,31,1.0,,1.0,A,S,N,,KHE,N,SP,1.0,87025.59,03 - UNIVERSITARIO,0,0,1,0,0,0,0,0,0,0,0,0,0,0,0,0,0,0,0,0,0,0.0,0.0,0,"[""SEG-JOVEM"", ""SEG-CREDITO-ATIVO"", ""SEG-SEM-CARTAO"", ""SEG-INVESTIDOR-INICIANTE"", ""SEG-POUPADOR""]",0
1279565,2023-04-28,N,BR,M,23,2021-07-28,0.0,21,1.0,,1.0,I,S,N,,KHE,N,MG,0.0,13096.1,03 - UNIVERSITARIO,0,0,1,0,0,0,0,0,0,0,0,0,0,0,0,0,0,0,0,0,0,0.0,0.0,0,"[""SEG-JOVEM"", ""SEG-VIAJANTE-EVENTO""]",1
15906,2022-09-28,N,BR,M,54,2008-02-16,0.0,229,1.0,,1.0,A,S,N,N,KAT,N,SP,1.0,22983.74,01 - ALTA RENDA,0,0,0,0,1,0,0,1,1,0,0,1,0,0,1,0,0,0,1,0,0,0.0,1.0,1,"[""SEG-VIP"", ""SEG-INVESTIDOR-INICIANTE"", ""SEG-PERFIL-FAMILIAR"", ""SEG-PROPRIETARIO""]",0
1057665,2023-04-28,N,BR,F,35,2019-09-10,0.0,43,1.0,,1.0,A,S,S,,KAT,N,SP,1.0,36530.23,02 - VAREJO,0,0,0,0,1,0,0,0,0,0,0,0,1,0,0,0,0,0,1,0,0,0.0,0.0,1,"[""SEG-CREDITO-ATIVO"", ""SEG-INVESTIDOR-INICIANTE"", ""SEG-POUPADOR"", ""SEG-PERFIL-FAMILIAR""]",0
190610,2022-03-28,N,BR,M,44,2007-09-06,0.0,178,1.0,,1.0,A,S,N,,KAT,N,SP,1.0,439249.16,02 - VAREJO,0,0,1,0,0,0,0,0,0,0,0,0,0,0,0,0,0,0,0,0,0,0.0,0.0,1,"[""SEG-ALTA-RENDA"", ""SEG-CREDITO-ATIVO"", ""SEG-SEM-CARTAO"", ""SEG-INVESTIDOR-INICIANTE"", ""SEG-POUPADOR"", ""SEG-CONTRIBUINTE-IR"", ""SEG-PERFIL-FAMILIAR""]",0
510935,2023-05-28,N,BR,F,37,2012-01-10,0.0,136,1.0,,1.0,A,S,N,,KFC,N,PA,1.0,89773.32,02 - VAREJO,0,0,0,0,1,0,0,0,0,0,0,0,1,0,0,0,0,1,1,0,0,1.0,1.0,1,"[""SEG-ALTA-RENDA"", ""SEG-CREDITO-ATIVO"", ""SEG-INVESTIDOR-INICIANTE"", ""SEG-POUPADOR"", ""SEG-CONTRIBUINTE-IR"", ""SEG-PERFIL-FAMILIAR""]",0
514435,2023-01-28,N,BR,F,44,2012-01-29,0.0,132,1.0,,1.0,A,S,N,,KFC,N,SP,1.0,102586.97,02 - VAREJO,0,0,0,0,1,0,0,0,1,0,0,0,0,0,0,0,0,0,0,0,0,0.0,0.0,1,"[""SEG-ALTA-RENDA"", ""SEG-CREDITO-ATIVO"", ""SEG-SEM-CARTAO"", ""SEG-INVESTIDOR-INICIANTE"", ""SEG-POUPADOR"", ""SEG-CONTRIBUINTE-IR"", ""SEG-PERFIL-FAMILIAR""]",0
1127042,2022-09-28,N,BR,F,54,2020-04-08,0.0,29,1.0,,1,A,S,N,,KFC,N,MG,1.0,16976.07,02 - VAREJO,0,0,1,0,1,0,0,0,0,0,0,0,0,0,0,0,0,0,1,0,0,1.0,1.0,1,"[""SEG-INVESTIDOR-INICIANTE"", ""SEG-PERFIL-FAMILIAR""]",0
51176,2022-09-28,N,BR,F,75,2004-01-13,0.0,224,1.0,,1.0,A,S,N,,KAT,N,SP,1.0,249369.48,01 - ALTA RENDA,0,0,1,0,1,0,0,0,1,0,0,1,0,1,0,0,0,0,0,1,0,0.0,1.0,1,"[""SEG-VIP"", ""SEG-SENIOR"", ""SEG-CREDITO-ATIVO"", ""SEG-SEM-CARTAO"", ""SEG-POUPADOR""]",0
775146,2022-10-28,N,BR,M,33,2015-06-24,0.0,88,1.0,,1.0,A,S,N,,KFC,N,MG,1.0,16037.83,03 - UNIVERSITARIO,0,0,0,0,1,0,0,0,0,0,0,0,0,0,0,0,0,0,1,0,0,1.0,1.0,0,"[""SEG-INVESTIDOR-INICIANTE"", ""SEG-PERFIL-FAMILIAR""]",0
1172363,2023-02-28,N,BR,M,22,2020-09-04,0.0,29,1.0,,1.0,I,S,N,,KHE,N,MG,0.0,9785.57,03 - UNIVERSITARIO,0,0,1,0,0,0,0,0,0,0,0,0,0,0,0,0,0,0,0,0,0,0.0,0.0,0,"[""SEG-JOVEM"", ""SEG-VIAJANTE-EVENTO""]",1
304866,2023-01-28,N,BR,F,83,2008-12-05,0.0,169,1.0,,1.0,I,S,N,,KBH,N,SP,0.0,34969.82,02 - VAREJO,0,0,0,0,0,0,0,0,0,0,0,0,0,0,0,0,0,0,0,0,0,0.0,0.0,0,"[""SEG-SENIOR"", ""SEG-POUPADOR""]",0
854660,2022-10-28,N,BR,F,33,2016-10-19,0.0,46,1.0,,1.0,I,S,N,,KHE,N,PR,0.0,126684.43,02 - VAREJO,0,0,1,0,0,0,0,0,0,0,0,0,0,0,0,0,0,0,0,0,0,0.0,0.0,0,"[""SEG-ALTA-RENDA"", ""SEG-POUPADOR"", ""SEG-CONTRIBUINTE-IR""]",0
1250190,2022-02-28,N,BR,M,64,2021-03-25,0.0,16,1.0,,1.0,A,S,N,,KFC,N,RJ,1.0,157613.5,01 - ALTA RENDA,0,0,1,0,0,0,0,0,0,0,0,0,1,0,0,0,0,0,0,0,0,0.0,0.0,0,"[""SEG-VIP"", ""SEG-SENIOR"", ""SEG-CREDITO-ATIVO"", ""SEG-SEM-CARTAO"", ""SEG-INVESTIDOR-INICIANTE"", ""SEG-POUPADOR""]",0
477156,2022-01-28,N,BR,F,48,2011-05-31,0.0,134,1.0,,1.0,A,S,N,,KFC,N,SP,1.0,81845.49,02 - VAREJO,0,0,0,0,1,0,0,0,0,0,0,0,0,0,1,0,0,0,0,0,0,1.0,1.0,1,"[""SEG-ALTA-RENDA"", ""SEG-CREDITO-ATIVO"", ""SEG-SEM-CARTAO"", ""SEG-INVESTIDOR-INICIANTE"", ""SEG-POUPADOR"", ""SEG-CONTRIBUINTE-IR"", ""SEG-PERFIL-FAMILIAR"", ""SEG-PROPRIETARIO""]",0
761328,2022-09-28,N,BR,M,51,2015-04-16,0.0,89,1.0,,1,A,S,N,,KFA,N,SP,1.0,457604.85,02 - VAREJO,0,0,1,0,0,0,0,0,0,0,0,0,0,0,0,0,0,0,0,0,0,0.0,0.0,1,"[""SEG-ALTA-RENDA"", ""SEG-CREDITO-ATIVO"", ""SEG-SEM-CARTAO"", ""SEG-INVESTIDOR-INICIANTE"", ""SEG-POUPADOR"", ""SEG-CONTRIBUINTE-IR"", ""SEG-PERFIL-FAMILIAR""]",0
360092,2022-03-28,N,BR,F,25,2009-05-20,1.0,4,1.0,,1.0,A,S,N,,KAT,N,SP,1.0,76255.82,03 - UNIVERSITARIO,0,0,1,0,0,0,0,0,0,0,0,0,0,0,0,0,0,0,0,0,0,0.0,0.0,0,"[""SEG-JOVEM"", ""SEG-ALTA-RENDA"", ""SEG-SEM-CARTAO"", ""SEG-INVESTIDOR-INICIANTE"", ""SEG-POUPADOR"", ""SEG-PERFIL-FAMILIAR""]",0
1050260,2023-02-28,N,BR,M,29,2019-08-10,0.0,42,1.0,,1.0,I,S,N,,KHE,N,SE,0.0,25563.31,03 - UNIVERSITARIO,0,0,0,0,0,0,0,0,0,0,0,0,0,0,0,0,0,0,0,0,0,0.0,0.0,0,"[""SEG-JOVEM""]",0
900487,2023-05-28,N,BR,F,44,2018-01-07,0.0,64,1.0,,1.0,A,S,N,,KFC,N,SP,1.0,8461.83,02 - VAREJO,0,0,1,0,0,0,1,0,0,0,0,0,0,0,0,0,0,0,1,0,0,0.0,0.0,1,"[""SEG-INVESTIDOR-INICIANTE"", ""SEG-PERFIL-FAMILIAR""]",0
1044220,2022-10-28,N,BR,M,26,2019-08-06,0.0,38,1.0,,1.0,I,S,N,,KHE,N,SE,0.0,34708.58,03 - UNIVERSITARIO,0,0,1,0,0,0,0,0,0,0,0,0,0,0,0,0,0,0,0,0,0,0.0,0.0,0,"[""SEG-JOVEM"", ""SEG-POUPADOR""]",0
1118656,2022-09-28,N,BR,M,58,2020-01-21,0.0,32,1.0,,1,A,S,N,,KFC,N,RJ,1.0,234160.62,02 - VAREJO,0,0,1,0,0,0,0,0,0,0,0,0,0,0,0,0,0,0,0,0,0,0.0,0.0,0,"[""SEG-SENIOR"", ""SEG-CREDITO-ATIVO"", ""SEG-SEM-CARTAO"", ""SEG-INVESTIDOR-INICIANTE"", ""SEG-POUPADOR"", ""SEG-CONTRIBUINTE-IR"", ""SEG-PERFIL-FAMILIAR""]",0
198261,2023-01-28,N,BR,F,55,2007-10-24,0.0,183,1.0,,1,A,S,N,,KAT,N,MA,1.0,8615.91,01 - ALTA RENDA,0,0,0,0,1,0,0,1,0,0,0,0,0,0,0,0,0,0,0,0,0,1.0,1.0,1,"[""SEG-VIP"", ""SEG-SENIOR"", ""SEG-SEM-CARTAO"", ""SEG-INVESTIDOR-INICIANTE"", ""SEG-PERFIL-FAMILIAR""]",0
221826,2022-04-28,N,BR,F,53,2008-02-12,0.0,173,1.0,,1.0,A,S,N,,KFC,N,MG,1.0,17133.09,01 - ALTA RENDA,0,0,1,0,0,0,0,1,0,0,0,1,0,1,0,0,0,0,0,0,0,0.0,0.0,0,"[""SEG-VIP"", ""SEG-SEM-CARTAO"", ""SEG-INVESTIDOR-EXPERIENTE"", ""SEG-PERFIL-FAMILIAR""]",0
382167,2022-01-28,N,BR,F,56,2021-10-06,0.0,9,1.0,,1.0,A,S,N,,KFA,N,SP,1.0,63310.34,02 - VAREJO,0,0,1,0,0,0,0,0,0,0,0,0,0,0,0,0,0,0,0,0,0,0.0,0.0,0,"[""SEG-SENIOR"", ""SEG-CREDITO-ATIVO"", ""SEG-SEM-CARTAO"", ""SEG-INVESTIDOR-INICIANTE"", ""SEG-POUPADOR"", ""SEG-CONTRIBUINTE-IR"", ""SEG-PERFIL-FAMILIAR""]",0
173843,2023-02-28,N,BR,F,67,2007-04-25,0.0,190,1.0,,1.0,A,S,N,,KAT,N,SP,1.0,279629.79,01 - ALTA RENDA,0,0,0,0,1,0,0,0,1,0,0,0,0,1,0,0,0,0,1,0,0,0.0,1.0,1,"[""SEG-VIP"", ""SEG-SENIOR"", ""SEG-CREDITO-ATIVO"", ""SEG-POUPADOR"", ""SEG-INVESTIDOR-EXPERIENTE""]",0
166553,2022-11-28,N,BR,M,64,2007-03-13,0.0,188,1.0,,1.0,I,S,N,,KAT,N,RJ,0.0,56482.78,02 - VAREJO,0,0,1,0,0,0,0,0,0,0,0,0,0,0,0,0,0,0,0,0,0,0.0,0.0,0,"[""SEG-SENIOR"", ""SEG-POUPADOR""]",0
1176644,2023-05-28,N,BR,M,23,2020-09-16,0.0,32,1.0,,1.0,I,S,N,,KHE,N,MG,0.0,43769.58,03 - UNIVERSITARIO,0,0,1,0,0,0,0,0,0,0,0,0,0,0,0,0,0,0,0,0,0,0.0,0.0,0,"[""SEG-JOVEM"", ""SEG-POUPADOR""]",0
1386898,2023-04-28,N,BR,M,42,2022-03-10,0.0,13,1.0,,1,A,S,N,,KHK,N,SP,1.0,13946.15,02 - VAREJO,0,0,1,0,0,0,0,0,0,0,0,0,0,0,0,0,0,0,0,0,0,0.0,0.0,1,"[""SEG-SEM-CARTAO"", ""SEG-INVESTIDOR-INICIANTE"", ""SEG-PERFIL-FAMILIAR""]",0
63041,2023-02-28,N,BR,F,49,2004-05-02,0.0,226,1.0,,1.0,A,S,N,,KAT,N,MG,1.0,8700.2,02 - VAREJO,0,0,0,0,0,0,0,1,1,0,0,0,0,1,0,0,0,0,0,0,1,1.0,1.0,1,"[""SEG-SEM-CARTAO"", ""SEG-INVESTIDOR-EXPERIENTE"", ""SEG-PERFIL-FAMILIAR""]",0
879385,2022-12-28,N,BR,F,44,2017-05-24,0.0,67,1.0,,1,I,S,S,,KAT,N,SP,0.0,222183.75,02 - VAREJO,0,0,0,0,0,0,0,0,0,0,0,0,0,0,0,0,0,0,0,0,0,0.0,0.0,0,"[""SEG-ALTA-RENDA"", ""SEG-POUPADOR"", ""SEG-CONTRIBUINTE-IR""]",0
1083824,2022-10-28,N,BR,F,28,2019-10-18,0.0,36,1.0,,1.0,I,S,N,,KFC,N,PE,0.0,44043.67,02 - VAREJO,0,0,0,0,0,0,0,0,0,0,0,0,0,0,0,0,0,0,0,0,0,0.0,0.0,0,"[""SEG-JOVEM"", ""SEG-POUPADOR""]",0
1415851,2023-04-28,N,BR,F,19,2022-07-25,0.0,9,1.0,,1,A,S,N,,KHQ,N,BA,1.0,98455.29,03 - UNIVERSITARIO,0,0,1,0,0,0,0,0,0,0,0,0,0,0,0,0,0,0,0,0,0,0.0,0.0,0,"[""SEG-JOVEM"", ""SEG-CREDITO-ATIVO"", ""SEG-SEM-CARTAO"", ""SEG-INVESTIDOR-INICIANTE"", ""SEG-POUPADOR""]",0
310234,2022-11-28,N,BR,F,49,2008-12-22,0.0,167,1.0,,1.0,A,S,N,,KFC,N,SP,1.0,159057.12,02 - VAREJO,0,0,1,0,0,0,0,1,0,0,0,0,0,0,0,0,0,1,0,0,0,0.0,0.0,0,"[""SEG-ALTA-RENDA"", ""SEG-CREDITO-ATIVO"", ""SEG-SEM-CARTAO"", ""SEG-INVESTIDOR-INICIANTE"", ""SEG-POUPADOR"", ""SEG-CONTRIBUINTE-IR"", ""SEG-PERFIL-FAMILIAR""]",0
369409,2022-08-28,N,BR,M,49,2009-07-08,0.0,157,1.0,,1.0,A,S,N,,KFC,N,RJ,1.0,142609.76,02 - VAREJO,0,0,1,0,0,0,0,1,0,0,0,1,0,0,0,0,0,0,1,0,0,0.0,0.0,1,"[""SEG-ALTA-RENDA"", ""SEG-CREDITO-ATIVO"", ""SEG-INVESTIDOR-INICIANTE"", ""SEG-POUPADOR"", ""SEG-CONTRIBUINTE-IR"", ""SEG-PERFIL-FAMILIAR""]",0
383400,2022-11-28,N,BR,F,47,2009-09-30,0.0,158,1.0,,1.0,A,S,N,,KFC,N,SP,1.0,110777.36,01 - ALTA RENDA,0,0,0,0,0,0,0,1,0,0,0,1,0,0,0,0,0,0,0,0,0,0.0,0.0,0,"[""SEG-VIP"", ""SEG-ALTA-RENDA"", ""SEG-CREDITO-ATIVO"", ""SEG-SEM-CARTAO"", ""SEG-INVESTIDOR-INICIANTE"", ""SEG-POUPADOR"", ""SEG-CONTRIBUINTE-IR"", ""SEG-PERFIL-FAMILIAR""]",0
1037117,2023-03-28,N,BR,M,21,2019-07-31,0.0,44,1.0,,1.0,I,S,S,,KHE,N,RJ,0.0,61937.62,03 - UNIVERSITARIO,0,0,1,0,0,0,0,0,0,0,0,0,0,0,0,0,0,0,0,0,0,0.0,0.0,0,"[""SEG-JOVEM"", ""SEG-POUPADOR""]",0
602863,2022-12-28,N,BR,F,51,2013-03-24,0.0,117,1.0,,1.0,A,S,N,,KAA,N,RJ,1.0,119600.02,02 - VAREJO,0,0,0,0,1,0,0,0,0,0,0,0,0,0,1,0,0,0,0,0,0,1.0,1.0,1,"[""SEG-ALTA-RENDA"", ""SEG-CREDITO-ATIVO"", ""SEG-SEM-CARTAO"", ""SEG-INVESTIDOR-INICIANTE"", ""SEG-POUPADOR"", ""SEG-CONTRIBUINTE-IR"", ""SEG-PERFIL-FAMILIAR"", ""SEG-PROPRIETARIO""]",0
45477,2022-05-28,N,BR,F,58,2009-03-06,0.0,142,1.0,,1.0,A,S,N,,KAA,N,MG,1.0,16596.46,02 - VAREJO,0,0,1,0,0,0,0,1,0,0,0,0,0,0,0,0,0,0,0,0,0,0.0,0.0,0,"[""SEG-SENIOR"", ""SEG-SEM-CARTAO"", ""SEG-INVESTIDOR-INICIANTE"", ""SEG-PERFIL-FAMILIAR""]",0
642200,2022-12-28,N,BR,M,49,2013-11-07,0.0,109,1.0,,1.0,A,S,N,,KAT,N,PE,1.0,25095.96,01 - ALTA RENDA,0,0,1,0,0,0,0,0,0,0,0,1,0,0,0,0,0,0,0,0,0,0.0,0.0,0,"[""SEG-VIP"", ""SEG-SEM-CARTAO"", ""SEG-INVESTIDOR-INICIANTE"", ""SEG-PERFIL-FAMILIAR""]",0
396504,2022-07-28,N,BR,F,46,2009-12-17,0.0,151,1.0,,1.0,A,S,N,,KFC,N,RJ,1.0,20257.98,02 - VAREJO,0,0,1,0,0,0,0,0,0,0,0,0,0,0,0,0,0,1,1,0,0,0.0,0.0,0,"[""SEG-INVESTIDOR-INICIANTE"", ""SEG-PERFIL-FAMILIAR""]",0
1357576,2022-12-28,N,BR,F,23,2021-11-19,0.0,13,1.0,,1.0,A,S,S,,KHE,N,MG,1.0,18588.06,03 - UNIVERSITARIO,0,0,1,0,0,0,0,0,0,0,0,0,0,0,0,0,0,0,0,0,0,0.0,0.0,0,"[""SEG-JOVEM"", ""SEG-SEM-CARTAO"", ""SEG-INVESTIDOR-INICIANTE"", ""SEG-VIAJANTE-EVENTO""]",1
90378,2023-01-28,N,BR,F,53,2008-08-16,0.0,178,1.0,,1.0,A,S,N,,KAT,N,RJ,0.0,85005.95,02 - VAREJO,0,0,0,0,0,0,0,0,0,0,0,0,0,1,0,0,0,0,0,0,0,0.0,0.0,0,"[""SEG-ALTA-RENDA"", ""SEG-POUPADOR"", ""SEG-CONTRIBUINTE-IR"", ""SEG-INVESTIDOR-EXPERIENTE""]",0
615710,2022-06-28,N,BR,M,51,2013-05-24,0.0,110,1.0,,1.0,A,S,S,,KBF,N,SP,1.0,94685.07,02 - VAREJO,0,0,1,0,0,0,0,1,0,0,0,0,0,0,0,0,0,0,0,0,0,0.0,0.0,0,"[""SEG-ALTA-RENDA"", ""SEG-CREDITO-ATIVO"", ""SEG-SEM-CARTAO"", ""SEG-INVESTIDOR-INICIANTE"", ""SEG-POUPADOR"", ""SEG-CONTRIBUINTE-IR"", ""SEG-PERFIL-FAMILIAR""]",0
104435,2023-04-28,N,BR,F,50,2005-09-01,0.0,212,1.0,,1.0,A,S,N,,KAT,N,SP,1.0,38288.47,02 - VAREJO,0,0,1,0,0,0,0,0,0,0,0,0,0,0,0,0,0,0,0,1,0,0.0,0.0,0,"[""SEG-CREDITO-ATIVO"", ""SEG-SEM-CARTAO"", ""SEG-INVESTIDOR-INICIANTE"", ""SEG-POUPADOR"", ""SEG-PERFIL-FAMILIAR"", ""SEG-VIAJANTE-EVENTO""]",1
77095,2022-03-28,N,BR,F,56,2004-11-20,0.0,212,1.0,,1.0,A,S,N,,KAT,N,SP,1.0,76007.73,02 - VAREJO,0,0,1,0,0,0,0,1,0,0,0,0,0,1,0,0,0,0,0,0,0,0.0,0.0,0,"[""SEG-SENIOR"", ""SEG-CREDITO-ATIVO"", ""SEG-SEM-CARTAO"", ""SEG-POUPADOR"", ""SEG-CONTRIBUINTE-IR"", ""SEG-INVESTIDOR-EXPERIENTE"", ""SEG-PERFIL-FAMILIAR""]",0
501553,2022-06-28,N,BR,F,69,2011-11-13,0.0,128,1.0,,1.0,A,S,N,,KAI,N,SP,1.0,36256.74,02 - VAREJO,0,0,0,0,1,0,0,0,0,0,0,1,1,1,0,0,0,0,1,0,0,0.0,1.0,1,"[""SEG-SENIOR"", ""SEG-CREDITO-ATIVO"", ""SEG-POUPADOR"", ""SEG-INVESTIDOR-EXPERIENTE""]",0
163932,2022-05-28,N,BR,M,48,2007-03-01,0.0,185,1.0,,1.0,A,S,N,,KAT,N,SP,1.0,28022.69,02 - VAREJO,0,0,1,0,0,0,0,1,0,0,0,0,0,0,0,0,0,0,0,0,0,0.0,0.0,0,"[""SEG-SEM-CARTAO"", ""SEG-INVESTIDOR-INICIANTE"", ""SEG-PERFIL-FAMILIAR""]",0
1004891,2022-05-28,N,BR,M,39,2019-02-13,0.0,41,1.0,,1.0,A,S,N,,KFC,N,SP,1.0,101025.9,02 - VAREJO,0,0,1,0,0,0,0,0,0,0,0,0,0,0,0,0,0,0,0,0,0,0.0,0.0,0,"[""SEG-ALTA-RENDA"", ""SEG-CREDITO-ATIVO"", ""SEG-SEM-CARTAO"", ""SEG-INVESTIDOR-INICIANTE"", ""SEG-POUPADOR"", ""SEG-CONTRIBUINTE-IR"", ""SEG-PERFIL-FAMILIAR""]",0
1239717,2023-05-28,N,BR,M,34,2021-01-23,0.0,28,1.0,,1,I,S,N,,KFC,N,SP,1.0,31146.6,02 - VAREJO,0,0,1,0,0,0,0,0,0,0,0,0,0,0,0,0,0,0,0,0,0,0.0,0.0,0,"[""SEG-SEM-CARTAO"", ""SEG-INVESTIDOR-INICIANTE"", ""SEG-PERFIL-FAMILIAR""]",0
538380,2022-11-28,N,BR,F,51,2012-07-05,0.0,124,1.0,,1.0,A,S,N,,KAM,N,RJ,1.0,81871.4,02 - VAREJO,0,0,1,0,0,0,0,0,0,0,0,0,0,0,1,0,0,0,0,0,0,0.0,0.0,1,"[""SEG-ALTA-RENDA"", ""SEG-CREDITO-ATIVO"", ""SEG-SEM-CARTAO"", ""SEG-INVESTIDOR-INICIANTE"", ""SEG-POUPADOR"", ""SEG-CONTRIBUINTE-IR"", ""SEG-PERFIL-FAMILIAR"", ""SEG-PROPRIETARIO""]",0
1419250,2023-03-28,N,BR,M,59,2022-07-28,0.0,8,1.0,,1,A,S,S,,KHM,N,BA,1.0,40820.81,02 - VAREJO,0,0,1,0,0,0,0,0,0,0,0,0,0,0,0,0,0,0,0,0,0,0.0,0.0,0,"[""SEG-SENIOR"", ""SEG-CREDITO-ATIVO"", ""SEG-SEM-CARTAO"", ""SEG-INVESTIDOR-INICIANTE"", ""SEG-POUPADOR"", ""SEG-PERFIL-FAMILIAR""]",0
1270107,2022-09-28,N,BR,M,20,2021-07-16,0.0,14,1.0,,1,A,S,N,,KHE,N,BA,1.0,33777.69,03 - UNIVERSITARIO,0,0,1,0,0,0,0,0,0,0,0,0,0,0,0,0,0,0,0,0,0,0.0,0.0,0,"[""SEG-JOVEM"", ""SEG-CREDITO-ATIVO"", ""SEG-SEM-CARTAO"", ""SEG-INVESTIDOR-INICIANTE"", ""SEG-POUPADOR""]",0
627683,2023-02-28,N,BR,M,79,2016-05-13,0.0,113,1.0,,1.0,A,S,N,,007,N,RJ,1.0,106360.72,01 - ALTA RENDA,0,0,1,0,0,0,0,0,0,0,0,1,0,1,0,0,0,0,0,0,0,0.0,0.0,0,"[""SEG-VIP"", ""SEG-SENIOR"", ""SEG-CREDITO-ATIVO"", ""SEG-SEM-CARTAO"", ""SEG-POUPADOR"", ""SEG-INVESTIDOR-EXPERIENTE""]",0
616814,2023-02-28,N,BR,F,52,2013-05-27,0.0,117,1.0,,1.0,I,S,N,,KFC,N,SP,0.0,139357.29,02 - VAREJO,0,0,1,0,0,0,0,0,0,0,0,0,0,0,0,0,0,0,0,0,0,0.0,0.0,0,"[""SEG-ALTA-RENDA"", ""SEG-POUPADOR"", ""SEG-CONTRIBUINTE-IR""]",0
1309893,2022-01-28,N,BR,M,54,2021-09-17,0.0,10,1.0,,1.0,A,S,N,,KFC,N,PR,1.0,82869.31,02 - VAREJO,0,0,0,0,1,0,0,0,0,0,0,0,0,0,0,0,0,0,0,0,0,1.0,1.0,0,"[""SEG-ALTA-RENDA"", ""SEG-CREDITO-ATIVO"", ""SEG-SEM-CARTAO"", ""SEG-INVESTIDOR-INICIANTE"", ""SEG-POUPADOR"", ""SEG-CONTRIBUINTE-IR"", ""SEG-PERFIL-FAMILIAR""]",0
1156105,2022-07-28,N,BR,F,22,2020-08-03,0.0,23,1.0,,1.0,A,S,N,,KAT,N,PE,1.0,15383.32,03 - UNIVERSITARIO,0,0,0,0,0,0,0,0,0,0,0,0,0,0,0,0,0,0,0,0,0,0.0,0.0,0,"[""SEG-JOVEM"", ""SEG-SEM-CARTAO"", ""SEG-INVESTIDOR-INICIANTE""]",0
19163,2022-05-28,N,BR,F,57,2002-06-16,0.0,241,1.0,,1.0,A,S,N,,KAT,N,SP,1.0,182487.34,01 - ALTA RENDA,0,0,0,0,1,0,0,0,0,0,0,1,1,1,0,0,0,1,1,0,0,1.0,1.0,1,"[""SEG-VIP"", ""SEG-SENIOR"", ""SEG-CREDITO-ATIVO"", ""SEG-POUPADOR"", ""SEG-CONTRIBUINTE-IR"", ""SEG-INVESTIDOR-EXPERIENTE"", ""SEG-PERFIL-FAMILIAR""]",0
188586,2023-03-28,N,BR,F,57,2007-08-21,0.0,187,1.0,,1.0,A,S,N,,KFC,N,AL,1.0,113073.0,02 - VAREJO,0,0,1,0,0,0,0,1,0,0,1,0,1,1,0,0,0,0,1,0,0,0.0,0.0,0,"[""SEG-SENIOR"", ""SEG-CREDITO-ATIVO"", ""SEG-POUPADOR"", ""SEG-CONTRIBUINTE-IR"", ""SEG-INVESTIDOR-EXPERIENTE"", ""SEG-PERFIL-FAMILIAR""]",0
1081380,2023-01-28,N,BR,M,21,2019-10-16,0.0,39,1.0,,1.0,I,S,N,,KHD,N,RJ,0.0,106213.61,03 - UNIVERSITARIO,0,0,1,0,0,0,0,0,0,0,0,0,0,0,0,0,0,0,0,0,0,0.0,0.0,0,"[""SEG-JOVEM"", ""SEG-POUPADOR""]",0
1017714,2022-09-28,N,BR,M,35,2019-05-28,0.0,40,1.0,,1.0,A,S,N,,KFA,N,SP,1.0,76690.17,02 - VAREJO,0,0,1,0,0,0,0,0,0,0,0,0,1,1,0,0,0,0,0,0,0,0.0,0.0,0,"[""SEG-ALTA-RENDA"", ""SEG-CREDITO-ATIVO"", ""SEG-SEM-CARTAO"", ""SEG-POUPADOR"", ""SEG-CONTRIBUINTE-IR"", ""SEG-INVESTIDOR-EXPERIENTE"", ""SEG-PERFIL-FAMILIAR""]",0
316558,2023-04-28,N,BR,M,77,2009-01-16,0.0,171,1.0,,1.0,A,S,N,,KFC,N,PR,1.0,24839.09,02 - VAREJO,0,0,1,0,0,0,0,1,0,0,0,1,0,0,0,0,0,0,0,0,0,0.0,0.0,0,"[""SEG-SENIOR"", ""SEG-SEM-CARTAO"", ""SEG-INVESTIDOR-INICIANTE""]",0
115086,2023-05-28,N,BR,M,45,2006-04-08,0.0,205,1.0,,1.0,A,S,N,,KAT,N,SP,1.0,580161.04,01 - ALTA RENDA,0,0,0,0,1,0,0,0,0,0,0,0,0,0,0,0,0,0,1,1,0,1.0,1.0,1,"[""SEG-VIP"", ""SEG-ALTA-RENDA"", ""SEG-CREDITO-ATIVO"", ""SEG-INVESTIDOR-INICIANTE"", ""SEG-POUPADOR"", ""SEG-CONTRIBUINTE-IR"", ""SEG-PERFIL-FAMILIAR""]",0
405602,2023-03-28,N,BR,F,67,2010-02-05,0.0,157,1.0,,1.0,I,S,N,,KAT,N,PE,0.0,35390.87,02 - VAREJO,0,0,1,0,0,0,0,1,0,0,0,0,0,0,0,0,0,0,0,0,0,0.0,0.0,0,"[""SEG-SENIOR"", ""SEG-POUPADOR""]",0
869756,2023-05-28,N,BR,M,45,2017-03-25,0.0,74,1.0,,1.0,A,S,N,,KFC,N,SP,1.0,101526.25,02 - VAREJO,0,0,0,0,1,0,0,0,0,0,0,0,0,0,0,0,0,0,1,0,0,0.0,0.0,1,"[""SEG-ALTA-RENDA"", ""SEG-CREDITO-ATIVO"", ""SEG-INVESTIDOR-INICIANTE"", ""SEG-POUPADOR"", ""SEG-CONTRIBUINTE-IR"", ""SEG-PERFIL-FAMILIAR""]",0
169215,2023-03-28,N,BR,F,56,2007-03-24,0.0,192,1.0,,1.0,A,S,N,,KAT,N,MS,1.0,21320.23,01 - ALTA RENDA,0,0,0,0,1,0,0,0,0,0,0,1,1,1,0,0,0,0,1,0,0,0.0,0.0,1,"[""SEG-VIP"", ""SEG-SENIOR"", ""SEG-INVESTIDOR-EXPERIENTE"", ""SEG-PERFIL-FAMILIAR""]",0
627903,2022-02-28,N,BR,F,37,2013-07-17,0.0,108,1.0,,1.0,A,S,N,,KFC,N,SP,1.0,290911.52,02 - VAREJO,0,0,0,0,1,0,0,0,0,0,0,0,0,0,0,0,0,0,0,0,0,0.0,0.0,0,"[""SEG-ALTA-RENDA"", ""SEG-CREDITO-ATIVO"", ""SEG-SEM-CARTAO"", ""SEG-INVESTIDOR-INICIANTE"", ""SEG-POUPADOR"", ""SEG-CONTRIBUINTE-IR"", ""SEG-PERFIL-FAMILIAR""]",0
1423186,2022-12-28,N,BR,M,21,2022-07-31,1.0,5,1.0,,1.0,I,S,N,,KHQ,N,AL,0.0,37851.13,03 - UNIVERSITARIO,0,0,1,0,0,0,0,0,0,0,0,0,0,0,0,0,0,0,0,0,0,0.0,0.0,0,"[""SEG-JOVEM"", ""SEG-POUPADOR"", ""SEG-VIAJANTE-EVENTO""]",1
848127,2023-05-28,N,BR,M,71,2016-07-30,0.0,82,1.0,,1.0,A,S,S,,KAA,N,RJ,1.0,118107.55,02 - VAREJO,0,0,1,0,0,0,0,0,0,0,0,0,0,0,0,0,0,0,0,0,0,0.0,0.0,0,"[""SEG-SENIOR"", ""SEG-CREDITO-ATIVO"", ""SEG-SEM-CARTAO"", ""SEG-INVESTIDOR-INICIANTE"", ""SEG-POUPADOR""]",0
415649,2022-06-28,N,BR,F,52,2022-03-16,1.0,4,1.0,,1.0,A,S,N,,KAT,N,SP,1.0,121764.72,02 - VAREJO,0,0,1,0,0,0,0,0,0,0,0,0,0,1,0,0,0,0,0,0,0,0.0,0.0,0,"[""SEG-ALTA-RENDA"", ""SEG-SEM-CARTAO"", ""SEG-POUPADOR"", ""SEG-CONTRIBUINTE-IR"", ""SEG-INVESTIDOR-EXPERIENTE"", ""SEG-PERFIL-FAMILIAR""]",0
419778,2023-03-28,N,BR,F,53,2010-05-20,0.0,154,1.0,,1.0,A,S,S,,KFC,N,RJ,1.0,38434.64,02 - VAREJO,0,0,1,0,0,0,0,1,0,0,0,0,0,0,1,0,0,0,0,0,0,0.0,0.0,1,"[""SEG-CREDITO-ATIVO"", ""SEG-SEM-CARTAO"", ""SEG-INVESTIDOR-INICIANTE"", ""SEG-POUPADOR"", ""SEG-PERFIL-FAMILIAR"", ""SEG-PROPRIETARIO""]",0
349517,2023-02-28,N,BR,M,61,2009-04-12,0.0,166,1.0,,1.0,I,S,N,,KAT,N,SP,1.0,255809.16,02 - VAREJO,0,0,1,0,0,0,0,1,0,0,0,0,0,0,0,0,0,0,0,0,0,0.0,0.0,0,"[""SEG-SENIOR"", ""SEG-CREDITO-ATIVO"", ""SEG-SEM-CARTAO"", ""SEG-INVESTIDOR-INICIANTE"", ""SEG-POUPADOR""]",0
1134693,2022-08-28,N,BR,F,33,2020-05-21,0.0,27,1.0,,1,A,S,N,,KFC,N,SP,1.0,39360.3,02 - VAREJO,0,0,0,0,1,0,0,0,0,0,0,0,0,0,0,0,0,0,1,0,0,0.0,0.0,1,"[""SEG-CREDITO-ATIVO"", ""SEG-INVESTIDOR-INICIANTE"", ""SEG-POUPADOR"", ""SEG-PERFIL-FAMILIAR"", ""SEG-VIAJANTE-EVENTO""]",1
193388,2022-08-28,N,BR,F,43,2007-09-20,0.0,179,1.0,,1.0,A,S,N,,KFC,N,SP,1.0,148025.31,01 - ALTA RENDA,0,0,0,0,0,0,0,0,0,0,0,1,0,0,0,0,0,0,0,1,0,0.0,0.0,0,"[""SEG-VIP"", ""SEG-ALTA-RENDA"", ""SEG-CREDITO-ATIVO"", ""SEG-SEM-CARTAO"", ""SEG-INVESTIDOR-INICIANTE"", ""SEG-POUPADOR"", ""SEG-CONTRIBUINTE-IR"", ""SEG-PERFIL-FAMILIAR""]",0
958018,2022-06-28,N,BR,M,21,2018-10-10,0.0,45,1.0,,1.0,I,S,N,,KHE,N,RR,0.0,46583.16,03 - UNIVERSITARIO,0,0,1,0,0,0,0,0,0,0,0,0,0,0,0,0,0,0,0,0,0,0.0,0.0,0,"[""SEG-JOVEM"", ""SEG-POUPADOR""]",0
1179628,2023-02-28,N,BR,M,33,2020-09-19,0.0,29,1.0,,1.0,A,S,N,,KFC,N,SP,1.0,67038.49,03 - UNIVERSITARIO,0,0,1,0,0,0,0,0,0,0,0,0,0,0,0,0,0,0,0,0,0,0.0,0.0,0,"[""SEG-ALTA-RENDA"", ""SEG-CREDITO-ATIVO"", ""SEG-SEM-CARTAO"", ""SEG-INVESTIDOR-INICIANTE"", ""SEG-POUPADOR"", ""SEG-CONTRIBUINTE-IR"", ""SEG-PERFIL-FAMILIAR""]",0
591653,2023-05-28,N,BR,M,28,2013-01-16,0.0,124,1.0,,1.0,A,S,N,,KAT,N,SP,1.0,425687.15,03 - UNIVERSITARIO,0,0,1,0,0,0,0,1,0,0,0,0,0,0,0,0,0,0,0,0,0,0.0,0.0,0,"[""SEG-JOVEM"", ""SEG-ALTA-RENDA"", ""SEG-CREDITO-ATIVO"", ""SEG-SEM-CARTAO"", ""SEG-INVESTIDOR-INICIANTE"", ""SEG-POUPADOR"", ""SEG-PERFIL-FAMILIAR""]",0
554274,2023-01-28,N,BR,F,35,2012-09-05,0.0,124,1.0,,1,A,S,N,,KFC,N,SP,1.0,44413.04,02 - VAREJO,0,0,1,0,0,0,0,0,0,0,0,1,0,1,0,0,0,0,0,0,0,0.0,0.0,0,"[""SEG-CREDITO-ATIVO"", ""SEG-SEM-CARTAO"", ""SEG-POUPADOR"", ""SEG-INVESTIDOR-EXPERIENTE"", ""SEG-PERFIL-FAMILIAR""]",0
437573,2023-03-28,N,BR,M,90,2010-09-30,0.0,150,1.0,,1,I,S,N,,KAT,N,SP,0.0,11874.5,02 - VAREJO,0,0,0,0,0,0,0,1,0,0,0,0,0,0,0,0,0,0,0,0,0,0.0,0.0,0,"[""SEG-SENIOR""]",0
214306,2023-03-28,N,BR,F,44,2008-01-11,0.0,182,1.0,,1.0,A,S,N,,KFA,N,SP,1.0,39590.03,02 - VAREJO,0,0,0,0,1,0,0,0,0,0,0,0,1,0,1,1,0,1,0,0,0,1.0,1.0,1,"[""SEG-CREDITO-ATIVO"", ""SEG-SEM-CARTAO"", ""SEG-INVESTIDOR-INICIANTE"", ""SEG-POUPADOR"", ""SEG-PERFIL-FAMILIAR"", ""SEG-PROPRIETARIO""]",0
1082147,2022-12-28,N,BR,M,24,2019-10-17,0.0,38,1.0,,1.0,I,S,N,,KHE,N,RS,1.0,22382.94,03 - UNIVERSITARIO,0,0,1,0,0,0,0,0,0,0,0,0,0,0,0,0,0,0,0,0,0,0.0,0.0,0,"[""SEG-JOVEM"", ""SEG-SEM-CARTAO"", ""SEG-INVESTIDOR-INICIANTE""]",0
941595,2023-05-28,N,BR,M,26,2018-09-13,0.0,56,1.0,,1.0,I,S,N,,KHE,N,PA,1.0,9930.65,03 - UNIVERSITARIO,0,0,1,0,0,0,0,0,0,0,0,0,0,0,0,0,0,0,0,0,0,0.0,0.0,0,"[""SEG-JOVEM"", ""SEG-SEM-CARTAO"", ""SEG-INVESTIDOR-INICIANTE"", ""SEG-PERFIL-FAMILIAR""]",0
339654,2022-10-28,N,BR,F,94,2009-03-08,0.0,163,1.0,,1.0,I,S,N,,KAA,S,RJ,1.0,358902.64,02 - VAREJO,0,0,1,0,0,0,0,1,0,0,0,0,0,0,0,0,0,0,0,0,0,0.0,0.0,0,"[""SEG-SENIOR"", ""SEG-CREDITO-ATIVO"", ""SEG-SEM-CARTAO"", ""SEG-INVESTIDOR-INICIANTE"", ""SEG-POUPADOR""]",0
33324,2022-01-28,B,BR,F,52,2003-02-19,0.0,233,1.0,,1.0,A,S,N,,KAT,N,SP,1.0,165098.52,01 - ALTA RENDA,0,0,0,0,1,0,0,1,1,0,0,1,0,0,1,1,0,0,1,0,0,0.0,0.0,1,"[""SEG-VIP"", ""SEG-ALTA-RENDA"", ""SEG-CREDITO-ATIVO"", ""SEG-INVESTIDOR-INICIANTE"", ""SEG-POUPADOR"", ""SEG-PERFIL-FAMILIAR"", ""SEG-PROPRIETARIO""]",0
401891,2023-02-28,N,BR,M,61,2010-01-17,0.0,157,1.0,,1.0,I,S,N,,KCC,N,SP,0.0,127639.85,02 - VAREJO,0,0,0,0,0,0,0,0,0,0,0,0,0,0,0,0,0,0,0,0,0,0.0,0.0,0,"[""SEG-SENIOR"", ""SEG-POUPADOR""]",0
332876,2023-05-28,N,BR,M,47,2009-02-21,0.0,171,1.0,,1.0,A,S,N,,KAT,N,SP,1.0,82838.27,02 - VAREJO,0,0,0,0,1,0,0,0,0,0,0,0,1,1,0,0,0,1,1,0,0,1.0,1.0,1,"[""SEG-ALTA-RENDA"", ""SEG-CREDITO-ATIVO"", ""SEG-POUPADOR"", ""SEG-CONTRIBUINTE-IR"", ""SEG-INVESTIDOR-EXPERIENTE"", ""SEG-PERFIL-FAMILIAR"", ""SEG-VIAJANTE-EVENTO""]",1
238532,2023-04-28,N,BR,F,42,2008-04-09,0.0,68,1.0,,1.0,A,S,N,,KFC,N,SP,1.0,48781.43,02 - VAREJO,0,0,0,0,1,0,0,0,0,0,0,1,0,0,0,0,0,0,0,0,0,0.0,0.0,0,"[""SEG-CREDITO-ATIVO"", ""SEG-SEM-CARTAO"", ""SEG-INVESTIDOR-INICIANTE"", ""SEG-POUPADOR"", ""SEG-CONTRIBUINTE-IR"", ""SEG-PERFIL-FAMILIAR""]",0
581528,2022-08-28,N,BR,M,46,2012-11-22,0.0,79,1.0,,1.0,A,S,N,,KAT,N,SP,1.0,8703.99,02 - VAREJO,0,0,0,0,0,0,0,0,1,0,0,0,0,0,0,0,0,0,0,0,0,0.0,0.0,0,"[""SEG-SEM-CARTAO"", ""SEG-INVESTIDOR-INICIANTE"", ""SEG-PERFIL-FAMILIAR""]",0
666445,2022-11-28,N,BR,M,51,2014-01-04,0.0,106,1.0,,1.0,I,S,N,,KFC,N,RJ,0.0,82380.73,02 - VAREJO,0,0,1,0,0,0,0,0,0,0,0,0,0,0,0,0,0,0,0,0,0,0.0,0.0,0,"[""SEG-ALTA-RENDA"", ""SEG-POUPADOR"", ""SEG-CONTRIBUINTE-IR""]",0
313407,2022-05-28,N,BR,M,41,2009-01-07,0.0,162,1.0,,1.0,A,S,N,,KFC,N,SP,1.0,31638.35,02 - VAREJO,0,0,1,0,0,0,0,0,1,0,0,0,1,0,0,0,0,1,1,1,0,0.0,0.0,1,"[""SEG-INVESTIDOR-INICIANTE"", ""SEG-PERFIL-FAMILIAR""]",0
904417,2022-11-28,N,BR,F,52,2018-02-18,0.0,57,1.0,,1.0,A,S,N,,KFC,N,SP,1.0,13568.78,02 - VAREJO,0,0,1,0,0,0,1,0,0,0,0,1,0,1,0,0,0,0,0,0,0,0.0,0.0,0,"[""SEG-SEM-CARTAO"", ""SEG-INVESTIDOR-EXPERIENTE"", ""SEG-PERFIL-FAMILIAR"", ""SEG-VIAJANTE-EVENTO""]",1
1224690,2022-02-28,N,BR,F,63,2020-11-25,0.0,20,1.0,,1.0,A,S,N,,KFC,N,SP,1.0,432640.39,01 - ALTA RENDA,0,0,1,0,0,0,0,0,0,0,0,0,1,1,0,0,0,0,0,0,0,0.0,0.0,0,"[""SEG-VIP"", ""SEG-SENIOR"", ""SEG-CREDITO-ATIVO"", ""SEG-SEM-CARTAO"", ""SEG-POUPADOR"", ""SEG-INVESTIDOR-EXPERIENTE""]",0
1215128,2023-05-28,N,BR,M,25,2020-11-06,0.0,30,1.0,,1.0,I,S,N,,KHE,N,BA,0.0,18590.4,03 - UNIVERSITARIO,0,0,1,0,0,0,0,0,0,0,0,0,0,0,0,0,0,0,0,0,0,0.0,0.0,0,"[""SEG-JOVEM""]",0
695819,2023-05-28,N,BR,M,46,2014-06-07,0.0,107,1.0,,1.0,A,S,N,,KFC,N,SP,1.0,51166.35,02 - VAREJO,0,0,1,0,0,0,0,0,0,0,0,0,1,0,0,0,0,0,0,0,0,0.0,0.0,0,"[""SEG-CREDITO-ATIVO"", ""SEG-SEM-CARTAO"", ""SEG-INVESTIDOR-INICIANTE"", ""SEG-POUPADOR"", ""SEG-CONTRIBUINTE-IR"", ""SEG-PERFIL-FAMILIAR""]",0
540558,2023-04-28,N,BR,F,42,2012-07-08,0.0,129,1.0,,1,A,S,N,,KFC,N,BA,1.0,38136.72,02 - VAREJO,0,0,1,0,0,0,0,0,0,0,0,0,0,0,0,0,0,0,0,0,0,0.0,0.0,0,"[""SEG-CREDITO-ATIVO"", ""SEG-SEM-CARTAO"", ""SEG-INVESTIDOR-INICIANTE"", ""SEG-POUPADOR"", ""SEG-PERFIL-FAMILIAR""]",0
471667,2023-04-28,N,BR,F,37,2011-05-03,0.0,131,1.0,,1,A,S,N,,KFC,N,MG,1.0,8773.29,02 - VAREJO,0,0,0,0,0,0,0,1,0,0,0,0,0,0,0,0,0,1,0,0,0,0.0,0.0,1,"[""SEG-SEM-CARTAO"", ""SEG-INVESTIDOR-INICIANTE"", ""SEG-PERFIL-FAMILIAR""]",0
163366,2022-06-28,N,BR,F,56,2007-04-05,0.0,183,1.0,,1.0,A,S,N,,KAS,N,SP,1.0,98211.09,02 - VAREJO,0,0,0,0,1,0,0,1,0,0,0,0,0,0,1,0,0,0,1,0,0,1.0,1.0,1,"[""SEG-SENIOR"", ""SEG-CREDITO-ATIVO"", ""SEG-INVESTIDOR-INICIANTE"", ""SEG-POUPADOR"", ""SEG-CONTRIBUINTE-IR"", ""SEG-PERFIL-FAMILIAR"", ""SEG-PROPRIETARIO""]",0
299603,2023-04-28,N,BR,F,56,2009-01-17,0.0,171,1.0,,1.0,A,S,N,,KAT,N,RJ,1.0,33053.4,01 - ALTA RENDA,0,0,1,0,0,0,0,1,0,0,0,1,0,1,0,0,0,0,0,0,0,0.0,0.0,0,"[""SEG-VIP"", ""SEG-SENIOR"", ""SEG-SEM-CARTAO"", ""SEG-INVESTIDOR-EXPERIENTE"", ""SEG-PERFIL-FAMILIAR""]",0
155643,2022-09-28,N,BR,F,75,2007-01-10,0.0,188,1.0,,1.0,A,S,N,,KAY,N,AL,1.0,33297.12,01 - ALTA RENDA,0,0,0,0,1,0,0,1,1,0,0,0,0,0,1,0,0,0,0,1,0,0.0,1.0,1,"[""SEG-VIP"", ""SEG-SENIOR"", ""SEG-SEM-CARTAO"", ""SEG-INVESTIDOR-INICIANTE"", ""SEG-PROPRIETARIO"", ""SEG-VIAJANTE-EVENTO""]",1
441068,2023-04-28,N,BR,F,51,2010-10-22,0.0,150,1.0,,1.0,A,S,N,,KBO,N,SP,1.0,132501.27,02 - VAREJO,0,0,1,0,0,0,0,0,0,0,0,0,0,0,0,0,0,0,0,0,0,0.0,0.0,0,"[""SEG-ALTA-RENDA"", ""SEG-CREDITO-ATIVO"", ""SEG-SEM-CARTAO"", ""SEG-INVESTIDOR-INICIANTE"", ""SEG-POUPADOR"", ""SEG-CONTRIBUINTE-IR"", ""SEG-PERFIL-FAMILIAR""]",0
682204,2022-10-28,N,BR,M,41,2014-03-15,0.0,103,1.0,,1.0,I,S,N,,KAT,N,PE,0.0,88301.84,02 - VAREJO,0,0,1,0,0,0,0,0,0,0,0,0,0,0,0,0,0,0,0,0,0,0.0,0.0,0,"[""SEG-ALTA-RENDA"", ""SEG-POUPADOR"", ""SEG-CONTRIBUINTE-IR""]",0
473166,2023-05-28,N,BR,F,40,2011-05-10,0.0,144,1.0,,1.0,A,S,N,,KFA,N,SP,1.0,366184.96,02 - VAREJO,0,0,1,0,0,0,0,1,0,0,0,0,0,0,0,0,0,1,1,0,0,0.0,0.0,0,"[""SEG-ALTA-RENDA"", ""SEG-CREDITO-ATIVO"", ""SEG-INVESTIDOR-INICIANTE"", ""SEG-POUPADOR"", ""SEG-CONTRIBUINTE-IR"", ""SEG-PERFIL-FAMILIAR"", ""SEG-VIAJANTE-EVENTO""]",1
196921,2023-05-28,N,BR,F,83,2007-10-05,0.0,187,1.0,,1.0,I,S,N,,KAT,N,SP,0.0,196034.04,02 - VAREJO,0,0,0,0,0,0,0,1,0,0,0,0,0,0,0,0,0,0,0,0,0,0.0,0.0,0,"[""SEG-SENIOR"", ""SEG-POUPADOR""]",0
713218,2023-02-28,N,BR,F,49,2014-08-22,0.0,102,1.0,,1.0,A,S,N,,KAT,N,RJ,1.0,108692.61,02 - VAREJO,0,0,1,0,0,0,0,0,0,0,0,0,0,0,0,0,0,0,0,1,0,0.0,0.0,0,"[""SEG-ALTA-RENDA"", ""SEG-CREDITO-ATIVO"", ""SEG-SEM-CARTAO"", ""SEG-INVESTIDOR-INICIANTE"", ""SEG-POUPADOR"", ""SEG-CONTRIBUINTE-IR"", ""SEG-PERFIL-FAMILIAR""]",0
1282265,2023-04-28,N,BR,F,20,2021-07-28,0.0,21,1.0,,1,I,S,N,,KHE,N,RJ,0.0,42522.24,03 - UNIVERSITARIO,0,0,1,0,0,0,0,0,0,0,0,0,0,0,0,0,0,0,0,0,0,0.0,0.0,0,"[""SEG-JOVEM"", ""SEG-POUPADOR""]",0
825082,2022-11-28,N,BR,F,50,2016-01-05,0.0,82,1.0,,1.0,A,S,N,,KFA,N,SP,1.0,56653.8,02 - VAREJO,0,0,1,0,0,0,0,0,0,0,0,1,0,0,0,0,0,0,0,0,0,0.0,0.0,0,"[""SEG-CREDITO-ATIVO"", ""SEG-SEM-CARTAO"", ""SEG-INVESTIDOR-INICIANTE"", ""SEG-POUPADOR"", ""SEG-CONTRIBUINTE-IR"", ""SEG-PERFIL-FAMILIAR""]",0
608954,2022-09-28,N,BR,M,73,2013-04-24,0.0,113,1.0,,1.0,A,S,N,,KAT,N,PA,1.0,271091.91,02 - VAREJO,0,0,1,0,0,0,0,0,0,0,0,0,0,0,0,0,0,0,0,0,0,0.0,0.0,0,"[""SEG-SENIOR"", ""SEG-CREDITO-ATIVO"", ""SEG-SEM-CARTAO"", ""SEG-INVESTIDOR-INICIANTE"", ""SEG-POUPADOR""]",0
826148,2023-01-28,N,BR,F,78,2016-01-13,0.0,33,1.0,,1.0,A,S,N,,KAT,N,BA,1.0,46173.26,02 - VAREJO,0,0,1,0,0,0,0,0,0,0,0,0,0,0,0,0,0,0,0,0,0,0.0,0.0,0,"[""SEG-SENIOR"", ""SEG-CREDITO-ATIVO"", ""SEG-SEM-CARTAO"", ""SEG-INVESTIDOR-INICIANTE"", ""SEG-POUPADOR""]",0
1263380,2023-05-28,N,BR,M,27,2021-06-13,0.0,23,1.0,,1,A,S,N,,KFC,N,RS,1.0,33792.09,02 - VAREJO,0,0,1,0,0,0,0,0,0,0,0,0,0,0,0,0,0,0,0,0,0,0.0,0.0,0,"[""SEG-JOVEM"", ""SEG-CREDITO-ATIVO"", ""SEG-SEM-CARTAO"", ""SEG-INVESTIDOR-INICIANTE"", ""SEG-POUPADOR"", ""SEG-PERFIL-FAMILIAR""]",0
605073,2022-12-28,N,BR,M,62,2013-03-29,0.0,117,1.0,,1.0,A,S,N,,KAT,N,SP,1.0,204023.57,02 - VAREJO,0,0,1,0,0,0,0,0,0,0,0,0,0,0,0,0,0,0,0,0,0,0.0,0.0,0,"[""SEG-SENIOR"", ""SEG-CREDITO-ATIVO"", ""SEG-SEM-CARTAO"", ""SEG-INVESTIDOR-INICIANTE"", ""SEG-POUPADOR""]",0
923048,2023-01-28,N,BR,F,70,2018-07-28,0.0,54,1.0,,1.0,A,S,N,,KAT,N,SP,1.0,15969.73,02 - VAREJO,0,0,0,0,1,0,0,0,0,0,0,0,1,0,0,0,0,0,0,0,0,1.0,1.0,1,"[""SEG-SENIOR"", ""SEG-SEM-CARTAO"", ""SEG-INVESTIDOR-INICIANTE""]",0
605798,2023-02-28,N,BR,M,50,2013-04-02,0.0,118,1.0,,1.0,I,S,N,,KAT,N,SP,0.0,132767.0,02 - VAREJO,0,0,0,0,0,0,0,0,0,0,0,0,0,0,0,0,0,0,0,0,0,0.0,0.0,0,"[""SEG-ALTA-RENDA"", ""SEG-POUPADOR"", ""SEG-CONTRIBUINTE-IR""]",0
1377337,2022-01-28,N,BR,F,32,2022-01-20,0.0,6,1.0,,1.0,A,S,N,,KHL,N,SC,1.0,16688.46,02 - VAREJO,0,0,1,0,0,0,0,0,0,0,0,0,0,0,0,0,0,0,0,0,0,0.0,0.0,0,"[""SEG-SEM-CARTAO"", ""SEG-INVESTIDOR-INICIANTE"", ""SEG-PERFIL-FAMILIAR""]",0
49555,2023-02-28,N,BR,F,59,2003-11-13,0.0,231,1.0,,1.0,A,S,N,,KAT,N,SP,1.0,55050.97,02 - VAREJO,0,0,1,0,1,0,0,0,0,0,0,0,1,1,0,0,0,0,0,0,0,0.0,0.0,1,"[""SEG-SENIOR"", ""SEG-CREDITO-ATIVO"", ""SEG-SEM-CARTAO"", ""SEG-POUPADOR"", ""SEG-CONTRIBUINTE-IR"", ""SEG-INVESTIDOR-EXPERIENTE"", ""SEG-PERFIL-FAMILIAR""]",0
555056,2023-04-28,N,BR,F,62,2012-09-08,0.0,127,1.0,,1.0,I,S,N,,KAM,N,RJ,0.0,158102.88,02 - VAREJO,0,0,0,0,0,0,0,0,0,0,0,0,0,0,0,0,0,0,0,0,0,0.0,0.0,0,"[""SEG-SENIOR"", ""SEG-POUPADOR""]",0
378836,2023-05-28,N,BR,F,56,2009-09-04,0.0,164,1.0,,1.0,A,S,N,,KAG,N,SP,1.0,59496.53,02 - VAREJO,0,0,0,0,1,0,0,0,0,0,0,0,0,0,1,0,0,0,0,0,0,1.0,1.0,1,"[""SEG-SENIOR"", ""SEG-CREDITO-ATIVO"", ""SEG-SEM-CARTAO"", ""SEG-INVESTIDOR-INICIANTE"", ""SEG-POUPADOR"", ""SEG-CONTRIBUINTE-IR"", ""SEG-PERFIL-FAMILIAR"", ""SEG-PROPRIETARIO""]",0
1023118,2023-03-28,N,BR,F,44,2019-07-12,0.0,44,1.0,,1,A,S,N,,KFC,N,SP,1.0,27574.98,01 - ALTA RENDA,0,0,0,0,0,0,0,0,0,0,0,1,0,1,0,0,0,0,0,0,0,0.0,0.0,0,"[""SEG-VIP"", ""SEG-SEM-CARTAO"", ""SEG-INVESTIDOR-EXPERIENTE"", ""SEG-PERFIL-FAMILIAR"", ""SEG-VIAJANTE-EVENTO""]",1
1285096,2023-04-28,N,BR,F,21,2021-07-30,0.0,21,1.0,,1,A,S,N,,KHE,N,PE,1.0,60760.57,03 - UNIVERSITARIO,0,0,1,0,0,0,0,0,0,0,0,0,0,0,0,0,0,0,0,0,0,0.0,0.0,0,"[""SEG-JOVEM"", ""SEG-CREDITO-ATIVO"", ""SEG-SEM-CARTAO"", ""SEG-INVESTIDOR-INICIANTE"", ""SEG-POUPADOR""]",0
73303,2023-05-28,N,BR,M,45,2011-07-19,0.0,252,1.0,,1.0,I,S,N,,KAT,N,SP,0.0,218914.7,02 - VAREJO,0,0,0,0,0,0,0,0,0,0,0,0,0,0,0,0,0,0,0,0,0,0.0,0.0,0,"[""SEG-ALTA-RENDA"", ""SEG-POUPADOR"", ""SEG-CONTRIBUINTE-IR""]",0
536927,2022-11-28,N,BR,F,33,2018-10-25,0.0,49,1.0,,1.0,A,S,N,,KFC,N,GO,1.0,7985.11,03 - UNIVERSITARIO,0,0,1,0,0,0,0,0,0,0,0,0,1,0,0,0,0,0,0,0,0,0.0,0.0,0,"[""SEG-SEM-CARTAO"", ""SEG-INVESTIDOR-INICIANTE"", ""SEG-PERFIL-FAMILIAR""]",0
423507,2023-05-28,N,BR,F,50,2010-06-17,0.0,155,1.0,,1.0,A,S,N,,KAH,N,SP,1.0,30325.86,01 - ALTA RENDA,0,0,1,0,1,0,0,0,1,0,0,1,1,1,0,0,0,0,0,0,0,1.0,1.0,1,"[""SEG-VIP"", ""SEG-SEM-CARTAO"", ""SEG-INVESTIDOR-EXPERIENTE"", ""SEG-PERFIL-FAMILIAR""]",0
421505,2023-01-28,N,BR,F,40,2010-06-02,0.0,152,1.0,,1.0,A,S,N,,KFC,N,SP,1.0,104845.97,02 - VAREJO,0,0,0,0,1,0,0,0,0,0,0,1,1,0,0,0,0,1,1,0,0,1.0,1.0,1,"[""SEG-ALTA-RENDA"", ""SEG-CREDITO-ATIVO"", ""SEG-INVESTIDOR-INICIANTE"", ""SEG-POUPADOR"", ""SEG-CONTRIBUINTE-IR"", ""SEG-PERFIL-FAMILIAR""]",0
383097,2023-03-28,N,BR,M,47,2009-09-26,0.0,162,1.0,,1.0,A,S,N,,KFA,N,SP,1.0,208411.66,02 - VAREJO,0,0,1,0,0,0,0,1,0,0,0,1,0,0,0,0,0,0,0,0,0,0.0,0.0,0,"[""SEG-ALTA-RENDA"", ""SEG-CREDITO-ATIVO"", ""SEG-SEM-CARTAO"", ""SEG-INVESTIDOR-INICIANTE"", ""SEG-POUPADOR"", ""SEG-CONTRIBUINTE-IR"", ""SEG-PERFIL-FAMILIAR""]",0
812379,2023-04-28,N,BR,M,54,2015-10-31,0.0,89,1.0,,1.0,A,S,N,,KAT,N,SP,1.0,83133.81,02 - VAREJO,0,0,1,0,0,0,0,0,0,0,0,0,0,0,0,0,0,0,0,0,0,0.0,0.0,0,"[""SEG-ALTA-RENDA"", ""SEG-CREDITO-ATIVO"", ""SEG-SEM-CARTAO"", ""SEG-INVESTIDOR-INICIANTE"", ""SEG-POUPADOR"", ""SEG-CONTRIBUINTE-IR"", ""SEG-PERFIL-FAMILIAR""]",0
584921,2023-05-28,N,BR,M,76,2012-12-12,0.0,125,1.0,,1.0,A,S,N,,KFC,N,RJ,1.0,42208.1,02 - VAREJO,0,0,1,0,0,0,0,0,0,0,0,0,0,0,0,0,0,0,0,0,0,0.0,0.0,0,"[""SEG-SENIOR"", ""SEG-CREDITO-ATIVO"", ""SEG-SEM-CARTAO"", ""SEG-INVESTIDOR-INICIANTE"", ""SEG-POUPADOR""]",0
215625,2022-08-28,N,BR,M,44,2011-11-02,0.0,185,1.0,,1.0,A,S,N,,KAT,N,RJ,1.0,12695.93,02 - VAREJO,0,0,0,0,0,0,0,0,0,0,0,1,0,0,0,0,0,0,0,0,0,0.0,0.0,0,"[""SEG-SEM-CARTAO"", ""SEG-INVESTIDOR-INICIANTE"", ""SEG-PERFIL-FAMILIAR""]",0
1501475,2023-01-28,N,BR,F,25,2022-11-10,1.0,2,1.0,,1,I,S,N,,KHQ,N,BA,1.0,28062.43,03 - UNIVERSITARIO,0,0,1,0,0,0,0,0,0,0,0,0,0,0,0,0,0,0,0,0,0,0.0,0.0,0,"[""SEG-JOVEM"", ""SEG-INVESTIDOR-INICIANTE"", ""SEG-PERFIL-FAMILIAR"", ""SEG-VIAJANTE-EVENTO""]",1
1108069,2023-02-28,N,BR,M,24,2019-11-30,0.0,38,1.0,,1.0,I,S,N,,KHE,N,RO,0.0,32763.7,03 - UNIVERSITARIO,0,0,1,0,0,0,0,0,0,0,0,0,0,0,0,0,0,0,0,0,0,0.0,0.0,0,"[""SEG-JOVEM""]",0
1087077,2023-02-28,N,BR,M,23,2019-10-24,0.0,40,1.0,,1.0,I,S,N,,KHE,N,MG,0.0,8130.67,03 - UNIVERSITARIO,0,0,1,0,0,0,0,0,0,0,0,0,0,0,0,0,0,0,0,0,0,0.0,0.0,0,"[""SEG-JOVEM""]",0
704976,2022-12-28,N,BR,F,55,2014-07-22,0.0,101,1.0,,1.0,A,S,N,,KAT,N,SP,1.0,50305.72,02 - VAREJO,0,0,1,0,0,0,0,0,1,0,0,0,1,0,0,0,0,1,0,0,0,0.0,0.0,1,"[""SEG-SENIOR"", ""SEG-CREDITO-ATIVO"", ""SEG-SEM-CARTAO"", ""SEG-INVESTIDOR-INICIANTE"", ""SEG-POUPADOR"", ""SEG-CONTRIBUINTE-IR"", ""SEG-PERFIL-FAMILIAR"", ""SEG-VIAJANTE-EVENTO""]",1
408406,2023-05-28,N,BR,M,52,2010-03-19,0.0,158,1.0,,1.0,A,S,N,,KAT,N,BA,1.0,21413.77,02 - VAREJO,0,0,1,0,0,0,0,0,0,0,0,0,0,0,1,0,0,0,0,0,0,0.0,0.0,1,"[""SEG-SEM-CARTAO"", ""SEG-INVESTIDOR-INICIANTE"", ""SEG-PERFIL-FAMILIAR"", ""SEG-PROPRIETARIO""]",0
386000,2023-05-28,N,BR,M,71,2009-10-16,0.0,163,1.0,,1.0,A,S,N,,KAG,N,SP,1.0,202324.46,01 - ALTA RENDA,0,0,0,0,1,0,0,0,0,0,0,0,1,0,0,0,0,1,1,0,0,0.0,0.0,1,"[""SEG-VIP"", ""SEG-SENIOR"", ""SEG-CREDITO-ATIVO"", ""SEG-INVESTIDOR-INICIANTE"", ""SEG-POUPADOR""]",0
1461134,2023-01-28,N,BR,F,27,2022-09-25,1.0,4,1.0,,1.0,I,S,N,,KHQ,N,PE,0.0,16341.38,03 - UNIVERSITARIO,0,0,1,0,0,0,0,0,0,0,0,0,0,0,0,0,0,0,0,0,0,0.0,0.0,0,"[""SEG-JOVEM""]",0
910510,2022-10-28,N,BR,F,49,2018-04-15,0.0,54,1.0,,1.0,A,S,N,,KFC,N,GO,1.0,86761.93,02 - VAREJO,0,0,1,0,0,0,1,0,0,0,0,1,0,0,0,0,0,0,0,0,0,0.0,0.0,0,"[""SEG-ALTA-RENDA"", ""SEG-CREDITO-ATIVO"", ""SEG-SEM-CARTAO"", ""SEG-INVESTIDOR-INICIANTE"", ""SEG-POUPADOR"", ""SEG-CONTRIBUINTE-IR"", ""SEG-PERFIL-FAMILIAR""]",0
1255109,2022-08-28,N,BR,F,35,2021-04-25,0.0,16,1.0,,1,I,S,N,,KFC,N,SP,0.0,81121.5,02 - VAREJO,0,0,0,0,0,0,0,0,0,0,0,0,0,0,0,0,0,0,0,0,0,0.0,0.0,0,"[""SEG-ALTA-RENDA"", ""SEG-POUPADOR"", ""SEG-CONTRIBUINTE-IR""]",0
1249624,2022-08-28,N,BR,M,44,2021-03-20,0.0,17,1.0,,1.0,A,S,N,,KFC,N,SP,1.0,63224.14,01 - ALTA RENDA,0,0,1,0,0,0,0,0,0,0,0,0,1,0,0,0,0,0,0,0,0,0.0,0.0,1,"[""SEG-VIP"", ""SEG-ALTA-RENDA"", ""SEG-CREDITO-ATIVO"", ""SEG-SEM-CARTAO"", ""SEG-INVESTIDOR-INICIANTE"", ""SEG-POUPADOR"", ""SEG-CONTRIBUINTE-IR"", ""SEG-PERFIL-FAMILIAR""]",0
1227140,2022-03-28,N,BR,M,26,2020-11-29,0.0,20,1.0,,1.0,I,S,N,,KHE,N,PE,0.0,11884.77,03 - UNIVERSITARIO,0,0,1,0,0,0,0,0,0,0,0,0,0,0,0,0,0,0,0,0,0,0.0,0.0,0,"[""SEG-JOVEM""]",0
291867,2023-03-28,N,BR,F,74,2008-11-07,0.0,172,1.0,,1.0,A,S,N,,KFC,N,SP,1.0,35668.96,01 - ALTA RENDA,0,0,1,0,0,0,0,1,0,0,0,1,0,1,0,0,0,0,0,0,0,0.0,0.0,0,"[""SEG-VIP"", ""SEG-SENIOR"", ""SEG-CREDITO-ATIVO"", ""SEG-SEM-CARTAO"", ""SEG-POUPADOR"", ""SEG-INVESTIDOR-EXPERIENTE""]",0
88990,2022-09-28,N,BR,M,43,2005-08-12,0.0,210,1.0,,1.0,A,S,N,,KAT,N,MG,1.0,24617.27,01 - ALTA RENDA,0,0,1,0,1,0,0,0,1,0,0,0,0,0,0,0,0,1,0,0,0,1.0,1.0,1,"[""SEG-VIP"", ""SEG-SEM-CARTAO"", ""SEG-INVESTIDOR-INICIANTE"", ""SEG-PERFIL-FAMILIAR""]",0
32258,2023-04-28,N,BR,F,55,2004-01-11,0.0,231,1.0,,1.0,I,S,N,,KAT,N,RJ,0.0,134819.66,02 - VAREJO,0,0,1,0,0,0,0,0,0,0,0,0,0,0,0,0,0,0,0,0,0,0.0,0.0,0,"[""SEG-SENIOR"", ""SEG-ALTA-RENDA"", ""SEG-POUPADOR"", ""SEG-CONTRIBUINTE-IR""]",0
1416266,2023-01-28,N,BR,F,39,2022-07-25,0.0,6,1.0,,1.0,A,S,N,,KHQ,N,RO,1.0,81747.37,02 - VAREJO,0,0,1,0,0,0,0,0,0,0,0,0,0,0,0,0,0,0,0,0,0,0.0,0.0,0,"[""SEG-ALTA-RENDA"", ""SEG-CREDITO-ATIVO"", ""SEG-SEM-CARTAO"", ""SEG-INVESTIDOR-INICIANTE"", ""SEG-POUPADOR"", ""SEG-CONTRIBUINTE-IR"", ""SEG-PERFIL-FAMILIAR""]",0
321713,2022-05-28,N,BR,M,51,2009-01-24,0.0,162,1.0,,1.0,A,S,N,,KAT,N,RJ,1.0,42737.14,02 - VAREJO,0,0,1,0,0,0,0,1,0,0,0,0,0,0,0,0,0,0,0,0,0,0.0,0.0,0,"[""SEG-CREDITO-ATIVO"", ""SEG-SEM-CARTAO"", ""SEG-INVESTIDOR-INICIANTE"", ""SEG-POUPADOR"", ""SEG-PERFIL-FAMILIAR""]",0
53965,2022-12-28,N,BR,F,64,2004-01-14,0.0,227,1.0,,1,A,S,N,,KAT,N,ES,1.0,16574.56,01 - ALTA RENDA,0,0,1,0,0,0,0,1,0,0,0,1,0,0,0,0,0,0,0,0,0,0.0,0.0,0,"[""SEG-VIP"", ""SEG-SENIOR"", ""SEG-SEM-CARTAO"", ""SEG-INVESTIDOR-INICIANTE""]",0
582499,2022-10-28,N,BR,M,54,2012-11-28,0.0,119,1.0,,1.0,A,S,N,,KBH,N,SP,1.0,32963.58,02 - VAREJO,0,0,1,0,0,0,0,0,0,0,0,0,0,1,0,0,0,0,0,0,0,0.0,0.0,0,"[""SEG-SEM-CARTAO"", ""SEG-INVESTIDOR-EXPERIENTE"", ""SEG-PERFIL-FAMILIAR""]",0
1261422,2023-01-28,N,BR,M,55,2021-06-03,0.0,19,1.0,,1,A,S,N,,KAT,N,SP,1.0,290374.36,02 - VAREJO,0,0,1,0,0,0,0,0,0,0,0,0,0,0,0,0,0,0,0,0,0,0.0,0.0,0,"[""SEG-SENIOR"", ""SEG-ALTA-RENDA"", ""SEG-CREDITO-ATIVO"", ""SEG-SEM-CARTAO"", ""SEG-INVESTIDOR-INICIANTE"", ""SEG-POUPADOR"", ""SEG-CONTRIBUINTE-IR"", ""SEG-PERFIL-FAMILIAR""]",0
1007955,2023-03-28,N,BR,M,83,2019-03-07,0.0,48,1.0,,1.0,A,S,N,,KAT,N,RR,1.0,120546.13,01 - ALTA RENDA,0,0,0,0,0,0,0,0,0,0,0,0,1,0,0,0,0,0,0,0,0,0.0,0.0,0,"[""SEG-VIP"", ""SEG-SENIOR"", ""SEG-CREDITO-ATIVO"", ""SEG-SEM-CARTAO"", ""SEG-INVESTIDOR-INICIANTE"", ""SEG-POUPADOR""]",0
544269,2023-03-28,N,BR,M,40,2012-07-29,0.0,128,1.0,,1.0,A,S,N,,KFC,N,SP,1.0,90898.11,02 - VAREJO,0,0,1,0,0,0,0,0,0,0,0,0,0,0,0,0,0,0,1,0,0,0.0,0.0,0,"[""SEG-ALTA-RENDA"", ""SEG-CREDITO-ATIVO"", ""SEG-INVESTIDOR-INICIANTE"", ""SEG-POUPADOR"", ""SEG-CONTRIBUINTE-IR"", ""SEG-PERFIL-FAMILIAR"", ""SEG-VIAJANTE-EVENTO""]",1
656777,2022-10-28,N,BR,M,53,2013-11-14,0.0,107,1.0,,1.0,A,S,N,,KFA,N,SP,1.0,309792.41,01 - ALTA RENDA,0,0,1,0,0,0,0,0,0,0,0,1,1,0,0,0,0,0,0,0,0,0.0,0.0,0,"[""SEG-VIP"", ""SEG-ALTA-RENDA"", ""SEG-CREDITO-ATIVO"", ""SEG-SEM-CARTAO"", ""SEG-INVESTIDOR-INICIANTE"", ""SEG-POUPADOR"", ""SEG-CONTRIBUINTE-IR"", ""SEG-PERFIL-FAMILIAR""]",0
102605,2023-04-28,N,BR,F,43,2005-07-22,0.0,213,1.0,,1.0,A,S,N,,KAT,N,SP,0.0,46235.87,02 - VAREJO,0,0,0,0,0,0,0,0,0,0,0,0,0,0,0,0,0,1,0,0,0,0.0,0.0,0,"[""SEG-POUPADOR"", ""SEG-CONTRIBUINTE-IR""]",0
218359,2022-10-28,N,BR,F,39,2008-01-26,0.0,117,1.0,,1.0,I,S,N,,KEJ,N,SP,0.0,78033.4,02 - VAREJO,0,0,1,0,0,0,0,0,0,0,0,0,0,0,0,0,0,0,0,0,0,0.0,0.0,0,"[""SEG-ALTA-RENDA"", ""SEG-POUPADOR"", ""SEG-CONTRIBUINTE-IR""]",0
907395,2023-01-28,N,BR,F,38,2018-03-21,0.0,58,1.0,,1,A,S,N,,KFC,N,AP,1.0,33660.09,02 - VAREJO,0,0,1,0,0,0,0,0,0,0,0,1,0,0,0,0,0,0,0,0,0,0.0,0.0,0,"[""SEG-SEM-CARTAO"", ""SEG-INVESTIDOR-INICIANTE"", ""SEG-PERFIL-FAMILIAR""]",0
212389,2022-11-28,N,BR,F,44,2008-01-02,0.0,179,1.0,,1.0,A,S,N,,KAT,N,SP,1.0,23707.12,02 - VAREJO,0,0,1,0,0,0,0,0,1,0,0,0,0,0,0,1,0,1,0,0,0,0.0,0.0,1,"[""SEG-SEM-CARTAO"", ""SEG-INVESTIDOR-INICIANTE"", ""SEG-PERFIL-FAMILIAR""]",0
1203037,2023-01-28,N,BR,F,62,2020-10-18,0.0,27,1.0,,1.0,I,S,N,,KAT,N,SP,0.0,166683.89,02 - VAREJO,0,0,0,0,0,0,0,0,0,0,0,0,1,0,0,0,0,0,0,0,0,0.0,0.0,0,"[""SEG-SENIOR"", ""SEG-POUPADOR""]",0
1025478,2022-12-28,N,BR,F,23,2019-07-19,0.0,41,1.0,,1.0,I,S,N,,KHE,N,MA,0.0,279607.38,03 - UNIVERSITARIO,0,0,1,0,0,0,0,0,0,0,0,0,0,0,0,0,0,0,0,0,0,0.0,0.0,0,"[""SEG-JOVEM"", ""SEG-POUPADOR""]",0
706830,2023-01-28,N,BR,M,54,2014-07-28,0.0,102,1.0,,1.0,A,S,N,,KAT,N,MG,1.0,47781.9,02 - VAREJO,0,0,1,0,0,0,0,0,0,0,0,0,0,0,0,0,0,0,0,0,0,0.0,0.0,0,"[""SEG-CREDITO-ATIVO"", ""SEG-SEM-CARTAO"", ""SEG-INVESTIDOR-INICIANTE"", ""SEG-POUPADOR"", ""SEG-CONTRIBUINTE-IR"", ""SEG-PERFIL-FAMILIAR""]",0
805813,2022-03-28,N,BR,M,53,2015-10-20,0.0,81,1.0,,1.0,A,S,N,,KAT,N,BA,1.0,111802.68,02 - VAREJO,0,0,1,0,0,0,0,0,0,0,0,0,0,0,0,0,0,0,0,0,0,0.0,0.0,0,"[""SEG-ALTA-RENDA"", ""SEG-CREDITO-ATIVO"", ""SEG-SEM-CARTAO"", ""SEG-INVESTIDOR-INICIANTE"", ""SEG-POUPADOR"", ""SEG-CONTRIBUINTE-IR"", ""SEG-PERFIL-FAMILIAR""]",0
1332403,2022-12-28,N,BR,F,26,2021-10-14,0.0,21,1.0,,1,I,S,N,,RED,N,SP,0.0,22352.49,03 - UNIVERSITARIO,0,0,1,0,0,0,0,0,0,0,0,0,0,0,0,0,0,0,0,0,0,0.0,0.0,0,"[""SEG-JOVEM""]",0
1155974,2023-04-28,N,BR,M,24,2020-08-03,0.0,32,1.0,,1.0,I,S,N,,KAT,N,PI,1.0,24117.24,03 - UNIVERSITARIO,0,0,1,0,0,0,0,0,0,0,0,0,0,0,0,0,0,0,0,0,0,0.0,0.0,0,"[""SEG-JOVEM"", ""SEG-SEM-CARTAO"", ""SEG-INVESTIDOR-INICIANTE""]",0
817435,2022-10-28,N,BR,F,58,2015-11-17,0.0,83,1.0,,1.0,A,S,N,,KFC,N,RJ,1.0,113728.36,02 - VAREJO,0,0,1,0,0,0,0,0,1,0,0,0,1,1,0,0,0,0,0,0,0,0.0,0.0,0,"[""SEG-SENIOR"", ""SEG-CREDITO-ATIVO"", ""SEG-SEM-CARTAO"", ""SEG-POUPADOR"", ""SEG-CONTRIBUINTE-IR"", ""SEG-INVESTIDOR-EXPERIENTE"", ""SEG-PERFIL-FAMILIAR""]",0
588667,2022-04-28,N,BR,F,39,2012-12-30,0.0,115,1.0,,1.0,I,S,N,,KAT,N,SP,0.0,134361.06,02 - VAREJO,0,0,1,0,0,0,0,0,0,0,0,0,0,0,0,0,0,0,0,0,0,0.0,0.0,0,"[""SEG-ALTA-RENDA"", ""SEG-POUPADOR"", ""SEG-CONTRIBUINTE-IR"", ""SEG-VIAJANTE-EVENTO""]",1
726950,2022-12-28,N,BR,M,60,2014-10-19,0.0,98,1.0,,1.0,A,S,N,,KAT,N,SP,1.0,213635.86,01 - ALTA RENDA,0,0,1,0,0,0,0,0,0,0,0,1,1,1,0,0,0,0,0,0,0,0.0,0.0,0,"[""SEG-VIP"", ""SEG-SENIOR"", ""SEG-CREDITO-ATIVO"", ""SEG-SEM-CARTAO"", ""SEG-POUPADOR"", ""SEG-CONTRIBUINTE-IR"", ""SEG-INVESTIDOR-EXPERIENTE"", ""SEG-PERFIL-FAMILIAR""]",0
1231111,2022-09-28,N,BR,F,21,2020-12-12,0.0,10,1.0,,1.0,A,S,N,,KHE,N,SP,1.0,241818.46,03 - UNIVERSITARIO,0,0,1,0,0,0,0,0,0,0,0,0,0,0,0,0,0,0,0,0,0,0.0,0.0,0,"[""SEG-JOVEM"", ""SEG-CREDITO-ATIVO"", ""SEG-SEM-CARTAO"", ""SEG-INVESTIDOR-INICIANTE"", ""SEG-POUPADOR""]",0
906415,2023-05-28,N,BR,M,39,2018-03-10,0.0,62,1.0,,1.0,I,S,N,,KFA,N,RS,1.0,45523.35,02 - VAREJO,0,0,1,0,0,0,0,0,0,0,0,0,0,0,0,0,0,0,0,0,0,0.0,0.0,0,"[""SEG-CREDITO-ATIVO"", ""SEG-SEM-CARTAO"", ""SEG-INVESTIDOR-INICIANTE"", ""SEG-POUPADOR"", ""SEG-CONTRIBUINTE-IR"", ""SEG-PERFIL-FAMILIAR""]",0
578676,2023-03-28,N,BR,M,51,2012-11-10,0.0,124,1.0,,1.0,A,S,N,,KAJ,N,GO,1.0,200260.56,02 - VAREJO,0,0,1,0,0,0,0,0,0,0,0,1,0,0,0,0,0,0,0,0,0,0.0,0.0,1,"[""SEG-ALTA-RENDA"", ""SEG-CREDITO-ATIVO"", ""SEG-SEM-CARTAO"", ""SEG-INVESTIDOR-INICIANTE"", ""SEG-POUPADOR"", ""SEG-CONTRIBUINTE-IR"", ""SEG-PERFIL-FAMILIAR""]",0
820088,2022-10-28,N,BR,M,63,2015-12-01,0.0,82,1.0,,1.0,A,S,N,,KFA,N,SP,1.0,127936.38,01 - ALTA RENDA,0,0,1,0,0,0,0,0,1,0,0,1,0,1,0,0,0,0,0,0,0,0.0,0.0,0,"[""SEG-VIP"", ""SEG-SENIOR"", ""SEG-CREDITO-ATIVO"", ""SEG-SEM-CARTAO"", ""SEG-POUPADOR"", ""SEG-INVESTIDOR-EXPERIENTE""]",0
434298,2022-03-28,N,BR,F,45,2011-04-22,0.0,142,1.0,,1.0,A,S,N,,KAT,N,MA,1.0,26050.52,02 - VAREJO,0,0,0,0,0,0,0,0,0,0,0,0,0,0,1,0,0,0,0,0,0,0.0,0.0,0,"[""SEG-SEM-CARTAO"", ""SEG-INVESTIDOR-INICIANTE"", ""SEG-PERFIL-FAMILIAR"", ""SEG-PROPRIETARIO""]",0
349414,2023-04-28,N,BR,F,59,2009-04-11,0.0,168,1.0,,1.0,A,S,S,,KAT,N,SP,1.0,27925.08,01 - ALTA RENDA,0,0,0,0,1,0,0,0,0,0,0,0,1,0,0,0,0,0,1,0,0,1.0,1.0,0,"[""SEG-VIP"", ""SEG-SENIOR"", ""SEG-INVESTIDOR-INICIANTE"", ""SEG-PERFIL-FAMILIAR""]",0
107553,2022-12-28,N,BR,M,48,2006-06-24,0.0,206,1.0,,1.0,I,S,N,,KAT,N,SP,0.0,159582.89,02 - VAREJO,0,0,0,0,0,0,0,0,0,0,0,0,0,0,0,0,0,0,0,0,0,0.0,0.0,0,"[""SEG-ALTA-RENDA"", ""SEG-POUPADOR"", ""SEG-CONTRIBUINTE-IR"", ""SEG-VIAJANTE-EVENTO""]",1
334189,2022-03-28,N,BR,M,50,2011-01-26,0.0,138,1.0,,1.0,I,S,S,,KAF,N,BA,0.0,44106.01,02 - VAREJO,0,0,1,0,0,0,0,0,0,0,0,0,0,0,0,0,0,0,0,0,0,0.0,0.0,0,"[""SEG-POUPADOR""]",0
1523127,2023-04-28,N,BR,F,27,2023-01-12,1.0,3,1.0,,1.0,A,S,N,,KHN,N,MG,1.0,20756.05,02 - VAREJO,0,0,1,0,0,0,0,0,0,0,0,0,0,0,0,0,0,0,0,0,0,0.0,0.0,0,"[""SEG-JOVEM"", ""SEG-SEM-CARTAO"", ""SEG-INVESTIDOR-INICIANTE"", ""SEG-PERFIL-FAMILIAR""]",0
544704,2022-10-28,N,BR,M,30,2012-08-01,1.0,2,1.0,,1.0,I,S,N,,KAT,N,SP,1.0,141042.9,02 - VAREJO,0,0,1,0,0,0,0,0,0,0,0,0,0,0,0,0,0,0,0,0,0,1.0,1.0,1,"[""SEG-ALTA-RENDA"", ""SEG-INVESTIDOR-INICIANTE"", ""SEG-POUPADOR"", ""SEG-CONTRIBUINTE-IR"", ""SEG-PERFIL-FAMILIAR""]",0
1254910,2022-09-28,N,BR,M,47,2021-04-24,0.0,17,1.0,,1.0,A,S,N,,KAT,N,SP,1.0,58248.88,02 - VAREJO,0,0,1,0,0,0,0,0,0,0,0,0,0,0,0,0,0,0,0,0,0,0.0,0.0,0,"[""SEG-CREDITO-ATIVO"", ""SEG-SEM-CARTAO"", ""SEG-INVESTIDOR-INICIANTE"", ""SEG-POUPADOR"", ""SEG-CONTRIBUINTE-IR"", ""SEG-PERFIL-FAMILIAR""]",0
583096,2022-01-28,N,BR,M,59,2012-11-30,0.0,116,1.0,,1.0,A,S,N,,KFC,N,SP,1.0,64836.13,02 - VAREJO,0,0,1,0,0,0,0,0,0,0,0,0,0,0,0,0,0,0,0,0,0,0.0,0.0,0,"[""SEG-SENIOR"", ""SEG-CREDITO-ATIVO"", ""SEG-SEM-CARTAO"", ""SEG-INVESTIDOR-INICIANTE"", ""SEG-POUPADOR"", ""SEG-CONTRIBUINTE-IR"", ""SEG-PERFIL-FAMILIAR""]",0
489465,2023-04-28,N,BR,F,86,2011-09-03,0.0,139,1.0,,1.0,A,S,N,,KAT,N,PA,1.0,98277.99,02 - VAREJO,0,0,1,0,0,0,0,0,0,0,0,0,1,0,0,0,0,0,0,0,0,0.0,0.0,0,"[""SEG-SENIOR"", ""SEG-CREDITO-ATIVO"", ""SEG-SEM-CARTAO"", ""SEG-INVESTIDOR-INICIANTE"", ""SEG-POUPADOR""]",0
486947,2023-04-28,N,BR,M,44,2011-11-18,0.0,137,1.0,,1.0,A,S,N,,KFD,N,SP,1.0,21329.45,02 - VAREJO,0,0,1,0,0,0,0,0,0,0,0,0,0,0,1,0,0,0,0,0,0,0.0,0.0,1,"[""SEG-SEM-CARTAO"", ""SEG-INVESTIDOR-INICIANTE"", ""SEG-PERFIL-FAMILIAR"", ""SEG-PROPRIETARIO""]",0
553994,2022-12-28,N,BR,F,18,2012-09-04,0.0,123,1.0,,1.0,A,S,N,,KFC,N,RS,1.0,231106.23,02 - VAREJO,0,0,0,0,0,1,0,0,0,0,0,0,0,0,0,0,0,0,0,0,0,0.0,0.0,0,"[""SEG-JOVEM"", ""SEG-CREDITO-ATIVO"", ""SEG-SEM-CARTAO"", ""SEG-INVESTIDOR-INICIANTE"", ""SEG-POUPADOR"", ""SEG-VIAJANTE-EVENTO""]",1
779344,2022-04-28,N,BR,F,67,2015-07-15,0.0,56,1.0,,1.0,A,S,N,,KAT,N,SP,1.0,203976.99,01 - ALTA RENDA,0,0,1,0,0,0,1,0,0,0,0,0,1,0,0,0,0,1,0,0,0,0.0,0.0,0,"[""SEG-VIP"", ""SEG-SENIOR"", ""SEG-CREDITO-ATIVO"", ""SEG-SEM-CARTAO"", ""SEG-INVESTIDOR-INICIANTE"", ""SEG-POUPADOR""]",0
1248179,2022-12-28,N,BR,F,47,2021-03-13,0.0,21,1.0,,1,A,S,N,,KAT,N,SP,1.0,91742.42,02 - VAREJO,0,0,1,0,0,0,0,0,0,0,0,0,0,0,0,0,0,0,0,0,0,0.0,0.0,0,"[""SEG-ALTA-RENDA"", ""SEG-CREDITO-ATIVO"", ""SEG-SEM-CARTAO"", ""SEG-INVESTIDOR-INICIANTE"", ""SEG-POUPADOR"", ""SEG-CONTRIBUINTE-IR"", ""SEG-PERFIL-FAMILIAR""]",0
406597,2022-09-28,N,BR,F,70,2010-02-11,0.0,151,1.0,,1.0,A,S,N,,KAG,N,SP,1.0,100848.32,01 - ALTA RENDA,0,0,1,0,0,0,0,1,0,0,0,1,0,0,0,0,0,0,0,0,0,0.0,0.0,0,"[""SEG-VIP"", ""SEG-SENIOR"", ""SEG-CREDITO-ATIVO"", ""SEG-SEM-CARTAO"", ""SEG-INVESTIDOR-INICIANTE"", ""SEG-POUPADOR""]",0
76356,2022-10-28,N,BR,M,72,2004-11-13,0.0,106,1.0,,1.0,I,S,N,,KFA,N,SP,0.0,99177.7,02 - VAREJO,0,0,0,0,0,0,0,0,0,0,0,0,0,0,0,0,0,0,0,0,0,0.0,0.0,0,"[""SEG-SENIOR"", ""SEG-POUPADOR""]",0
1478102,2022-10-28,N,BR,M,19,2022-10-13,1.0,0,1.0,,,,S,N,,,N,PA,0.0,48752.1,,0,0,1,0,0,0,0,0,0,0,0,0,0,0,0,0,0,0,0,0,0,0.0,0.0,0,"[""SEG-JOVEM"", ""SEG-POUPADOR""]",0
395585,2023-01-28,N,BR,F,42,2009-12-12,0.0,157,1.0,,1.0,A,S,N,,KAT,N,RJ,1.0,107123.43,01 - ALTA RENDA,0,0,0,0,1,0,0,0,0,0,0,0,1,0,1,0,0,0,1,0,0,1.0,1.0,1,"[""SEG-VIP"", ""SEG-ALTA-RENDA"", ""SEG-CREDITO-ATIVO"", ""SEG-INVESTIDOR-INICIANTE"", ""SEG-POUPADOR"", ""SEG-CONTRIBUINTE-IR"", ""SEG-PERFIL-FAMILIAR"", ""SEG-PROPRIETARIO""]",0
322450,2022-03-28,N,BR,F,47,2009-01-26,0.0,116,1.0,,1.0,A,S,N,,KFC,N,GO,1.0,16262.07,01 - ALTA RENDA,0,0,1,0,0,0,0,0,0,0,0,1,1,0,0,0,0,0,0,0,0,0.0,0.0,1,"[""SEG-VIP"", ""SEG-SEM-CARTAO"", ""SEG-INVESTIDOR-INICIANTE"", ""SEG-PERFIL-FAMILIAR""]",0
1406196,2023-05-28,N,BR,F,21,2022-07-14,0.0,10,1.0,,1,A,S,N,,KHQ,N,PE,0.0,33870.79,03 - UNIVERSITARIO,0,0,1,0,0,0,0,0,0,0,0,0,0,0,0,0,0,0,0,0,0,0.0,0.0,0,"[""SEG-JOVEM"", ""SEG-POUPADOR""]",0
118022,2022-04-28,N,BR,F,46,2006-01-21,0.0,198,1.0,,1.0,A,S,N,,KAT,N,SP,1.0,147399.53,01 - ALTA RENDA,0,0,0,0,1,0,0,1,0,0,0,0,1,0,0,1,0,0,1,1,0,1.0,1.0,1,"[""SEG-VIP"", ""SEG-ALTA-RENDA"", ""SEG-CREDITO-ATIVO"", ""SEG-INVESTIDOR-INICIANTE"", ""SEG-POUPADOR"", ""SEG-PERFIL-FAMILIAR""]",0
48609,2022-12-28,N,BR,F,55,2003-10-30,0.0,8,1.0,,1.0,A,S,N,,KHN,N,PA,1.0,10874.42,02 - VAREJO,0,0,1,0,0,0,0,0,0,0,0,0,0,0,0,0,0,0,0,0,0,0.0,0.0,0,"[""SEG-SENIOR"", ""SEG-SEM-CARTAO"", ""SEG-INVESTIDOR-INICIANTE"", ""SEG-PERFIL-FAMILIAR""]",0
171363,2023-05-28,N,BR,F,43,2007-04-06,0.0,193,1.0,,1.0,A,S,N,,KAS,N,RS,1.0,354701.72,01 - ALTA RENDA,0,0,0,0,1,0,0,0,0,0,0,0,0,1,0,0,0,1,0,0,1,1.0,1.0,0,"[""SEG-VIP"", ""SEG-ALTA-RENDA"", ""SEG-CREDITO-ATIVO"", ""SEG-SEM-CARTAO"", ""SEG-POUPADOR"", ""SEG-CONTRIBUINTE-IR"", ""SEG-INVESTIDOR-EXPERIENTE"", ""SEG-PERFIL-FAMILIAR""]",0
1243002,2023-01-28,N,BR,M,27,2021-02-11,0.0,23,1.0,,1.0,A,S,N,,KAT,N,SP,1.0,7932.09,02 - VAREJO,0,0,0,0,1,0,0,0,0,0,0,0,0,0,0,0,0,0,0,0,0,1.0,1.0,1,"[""SEG-JOVEM"", ""SEG-SEM-CARTAO"", ""SEG-INVESTIDOR-INICIANTE"", ""SEG-PERFIL-FAMILIAR""]",0
1386971,2023-03-28,N,BR,F,41,2022-03-10,0.0,12,1.0,,1,A,S,N,,KHL,N,PA,1.0,30304.82,02 - VAREJO,0,0,1,0,0,0,0,0,0,0,0,0,0,0,0,0,0,0,0,0,0,0.0,0.0,1,"[""SEG-SEM-CARTAO"", ""SEG-INVESTIDOR-INICIANTE"", ""SEG-PERFIL-FAMILIAR""]",0
171553,2023-02-28,N,BR,F,61,2007-04-07,0.0,190,1.0,,1.0,A,S,N,,KFC,N,SP,1.0,93678.72,02 - VAREJO,0,0,1,0,0,0,0,0,0,0,0,0,0,0,0,0,0,0,0,1,0,0.0,0.0,0,"[""SEG-SENIOR"", ""SEG-CREDITO-ATIVO"", ""SEG-SEM-CARTAO"", ""SEG-INVESTIDOR-INICIANTE"", ""SEG-POUPADOR""]",0
692058,2022-12-28,N,BR,M,54,2014-05-21,0.0,103,1.0,,1.0,I,S,N,,KAT,N,PA,1.0,144314.78,02 - VAREJO,0,0,1,0,0,0,0,0,0,0,0,0,0,0,0,0,0,0,0,0,0,0.0,0.0,0,"[""SEG-ALTA-RENDA"", ""SEG-CREDITO-ATIVO"", ""SEG-SEM-CARTAO"", ""SEG-INVESTIDOR-INICIANTE"", ""SEG-POUPADOR"", ""SEG-CONTRIBUINTE-IR"", ""SEG-PERFIL-FAMILIAR"", ""SEG-VIAJANTE-EVENTO""]",1
1216349,2023-04-28,N,BR,F,49,2020-11-07,0.0,29,1.0,,1.0,I,S,N,,KFC,N,SP,0.0,403240.41,02 - VAREJO,0,0,0,0,0,0,0,0,0,0,0,0,0,0,0,0,0,0,0,0,0,0.0,0.0,0,"[""SEG-ALTA-RENDA"", ""SEG-POUPADOR"", ""SEG-CONTRIBUINTE-IR""]",0
1058029,2022-10-28,N,BR,M,34,2019-09-11,0.0,37,1.0,,1,I,S,N,,KHE,N,SP,0.0,101197.65,02 - VAREJO,0,0,1,0,0,0,0,0,0,0,0,0,0,0,0,0,0,0,0,0,0,0.0,0.0,0,"[""SEG-ALTA-RENDA"", ""SEG-POUPADOR"", ""SEG-CONTRIBUINTE-IR"", ""SEG-VIAJANTE-EVENTO""]",1
268808,2022-09-28,N,BR,F,43,2008-08-21,0.0,169,1.0,,1.0,I,S,N,,KFC,N,SP,1.0,164564.2,02 - VAREJO,0,0,1,0,0,0,0,1,0,0,0,0,0,0,0,0,0,0,0,0,0,0.0,0.0,0,"[""SEG-ALTA-RENDA"", ""SEG-CREDITO-ATIVO"", ""SEG-SEM-CARTAO"", ""SEG-INVESTIDOR-INICIANTE"", ""SEG-POUPADOR"", ""SEG-CONTRIBUINTE-IR"", ""SEG-PERFIL-FAMILIAR""]",0
1179229,2022-09-28,N,BR,M,33,2020-09-19,0.0,24,1.0,,1.0,A,S,N,,KAT,N,PA,1.0,12570.57,02 - VAREJO,0,0,1,0,0,0,0,0,0,0,0,0,0,0,0,0,0,0,0,0,0,0.0,0.0,0,"[""SEG-SEM-CARTAO"", ""SEG-INVESTIDOR-INICIANTE"", ""SEG-PERFIL-FAMILIAR""]",0
637289,2023-01-28,N,BR,F,36,2013-08-28,0.0,113,1.0,,1.0,I,S,N,,KFC,N,RS,1.0,36901.9,02 - VAREJO,0,0,1,0,0,0,0,0,1,0,0,0,0,0,0,0,0,0,0,0,0,0.0,0.0,0,"[""SEG-CREDITO-ATIVO"", ""SEG-SEM-CARTAO"", ""SEG-INVESTIDOR-INICIANTE"", ""SEG-POUPADOR"", ""SEG-PERFIL-FAMILIAR""]",0
1001384,2022-10-28,N,BR,F,54,2019-01-12,0.0,45,1.0,,1,A,S,N,,KFC,N,SP,1.0,53440.56,02 - VAREJO,0,0,1,0,0,0,0,0,0,0,0,0,0,0,0,0,0,0,0,0,0,0.0,0.0,1,"[""SEG-CREDITO-ATIVO"", ""SEG-SEM-CARTAO"", ""SEG-INVESTIDOR-INICIANTE"", ""SEG-POUPADOR"", ""SEG-CONTRIBUINTE-IR"", ""SEG-PERFIL-FAMILIAR""]",0
403203,2023-02-28,N,BR,M,50,2010-01-25,0.0,157,1.0,,1.0,A,S,N,,KAT,N,SP,1.0,25835.47,02 - VAREJO,0,0,0,0,1,0,0,0,0,0,0,0,1,0,1,0,0,1,1,0,0,0.0,0.0,1,"[""SEG-INVESTIDOR-INICIANTE"", ""SEG-PERFIL-FAMILIAR"", ""SEG-PROPRIETARIO""]",0
824926,2023-02-28,N,BR,F,37,2016-01-02,0.0,85,1.0,,1.0,A,S,N,,KAG,N,MG,1.0,48638.25,02 - VAREJO,0,0,0,0,1,0,0,0,1,0,0,0,0,1,0,0,0,1,1,0,0,1.0,1.0,1,"[""SEG-CREDITO-ATIVO"", ""SEG-POUPADOR"", ""SEG-CONTRIBUINTE-IR"", ""SEG-INVESTIDOR-EXPERIENTE"", ""SEG-PERFIL-FAMILIAR""]",0
31753,2022-11-28,N,BR,F,65,2003-01-24,0.0,213,1.0,,1.0,I,S,N,,007,N,RJ,0.0,108345.31,02 - VAREJO,0,0,1,0,0,0,0,0,0,0,0,0,0,0,0,0,0,0,0,0,0,0.0,0.0,0,"[""SEG-SENIOR"", ""SEG-POUPADOR""]",0
1236816,2022-07-28,N,BR,F,64,2021-01-08,0.0,18,1.0,,1,A,S,N,,KAT,N,RJ,1.0,33288.26,01 - ALTA RENDA,0,0,0,0,0,0,0,0,0,0,0,1,1,0,0,0,0,0,0,0,0,0.0,0.0,0,"[""SEG-VIP"", ""SEG-SENIOR"", ""SEG-SEM-CARTAO"", ""SEG-INVESTIDOR-INICIANTE""]",0
1200707,2023-05-28,N,BR,M,26,2020-10-15,0.0,31,1.0,,1.0,I,S,N,,KHE,N,SP,0.0,290004.66,03 - UNIVERSITARIO,0,0,1,0,0,0,0,0,0,0,0,0,0,0,0,0,0,0,0,0,0,0.0,0.0,0,"[""SEG-JOVEM"", ""SEG-ALTA-RENDA"", ""SEG-POUPADOR""]",0
1248568,2022-08-28,N,BR,F,22,2021-03-14,0.0,17,1.0,,1.0,A,S,N,,KFC,N,RJ,1.0,12324.91,02 - VAREJO,0,0,0,0,1,0,0,0,0,0,0,0,0,0,0,0,0,0,0,0,0,0.0,0.0,0,"[""SEG-JOVEM"", ""SEG-SEM-CARTAO"", ""SEG-INVESTIDOR-INICIANTE""]",0
444527,2022-04-28,N,BR,M,58,2010-11-12,0.0,140,1.0,,1.0,I,S,N,,KAT,N,SP,0.0,148951.34,02 - VAREJO,0,0,1,0,0,0,0,0,0,0,0,0,0,0,0,0,0,0,0,0,0,0.0,0.0,0,"[""SEG-SENIOR"", ""SEG-POUPADOR"", ""SEG-CONTRIBUINTE-IR""]",0
841212,2023-05-28,N,BR,M,37,2016-04-21,0.0,85,1.0,,1,A,S,N,,KAT,N,SP,1.0,48265.47,02 - VAREJO,0,0,1,0,0,0,0,0,0,0,0,0,1,0,0,0,0,0,1,0,0,0.0,0.0,1,"[""SEG-CREDITO-ATIVO"", ""SEG-INVESTIDOR-INICIANTE"", ""SEG-POUPADOR"", ""SEG-CONTRIBUINTE-IR"", ""SEG-PERFIL-FAMILIAR""]",0
523674,2022-11-28,N,BR,F,57,2012-03-17,0.0,128,1.0,,1.0,A,S,N,,KAT,N,SP,1.0,25612.05,02 - VAREJO,0,0,1,0,0,0,0,1,0,0,0,0,0,0,0,0,0,1,0,0,0,0.0,0.0,0,"[""SEG-SENIOR"", ""SEG-SEM-CARTAO"", ""SEG-INVESTIDOR-INICIANTE"", ""SEG-PERFIL-FAMILIAR""]",0
1048755,2022-06-28,N,BR,F,26,2019-08-09,0.0,35,1.0,,1.0,A,S,N,,KHE,N,SP,1.0,98163.81,03 - UNIVERSITARIO,0,0,0,0,1,0,0,0,0,0,0,0,0,0,0,0,0,0,0,0,0,1.0,1.0,1,"[""SEG-JOVEM"", ""SEG-ALTA-RENDA"", ""SEG-CREDITO-ATIVO"", ""SEG-SEM-CARTAO"", ""SEG-INVESTIDOR-INICIANTE"", ""SEG-POUPADOR"", ""SEG-PERFIL-FAMILIAR""]",0
304478,2022-09-28,N,BR,F,88,2008-12-04,0.0,165,1.0,,1.0,I,S,N,,KAT,N,RJ,1.0,115047.38,02 - VAREJO,0,0,0,0,0,0,0,1,0,0,0,0,0,0,0,0,0,0,0,0,0,0.0,0.0,0,"[""SEG-SENIOR"", ""SEG-CREDITO-ATIVO"", ""SEG-SEM-CARTAO"", ""SEG-INVESTIDOR-INICIANTE"", ""SEG-POUPADOR""]",0
332166,2023-02-28,N,BR,M,40,2009-02-19,0.0,105,1.0,,1.0,A,S,N,,KAT,N,SP,1.0,78662.69,01 - ALTA RENDA,0,0,1,0,0,0,0,0,0,0,0,0,0,1,0,0,0,0,0,0,0,0.0,0.0,0,"[""SEG-VIP"", ""SEG-ALTA-RENDA"", ""SEG-CREDITO-ATIVO"", ""SEG-SEM-CARTAO"", ""SEG-POUPADOR"", ""SEG-CONTRIBUINTE-IR"", ""SEG-INVESTIDOR-EXPERIENTE"", ""SEG-PERFIL-FAMILIAR""]",0
176255,2023-04-28,N,BR,F,57,2007-05-16,0.0,191,1.0,,1.0,I,S,N,,KAS,N,SP,0.0,296432.57,02 - VAREJO,0,0,0,0,0,0,0,0,0,0,0,0,0,0,0,0,0,0,0,0,0,0.0,0.0,0,"[""SEG-SENIOR"", ""SEG-POUPADOR"", ""SEG-CONTRIBUINTE-IR""]",0
804093,2023-02-28,N,BR,F,34,2015-10-13,0.0,88,1.0,,1,I,S,N,,KFC,N,RJ,0.0,173617.73,02 - VAREJO,0,0,1,0,0,0,0,0,0,0,0,0,0,0,0,0,0,0,0,0,0,0.0,0.0,0,"[""SEG-ALTA-RENDA"", ""SEG-POUPADOR"", ""SEG-CONTRIBUINTE-IR""]",0
888753,2023-01-28,N,BR,F,44,2017-08-16,0.0,65,1.0,,1.0,A,S,N,,KFC,N,SP,1.0,167279.73,02 - VAREJO,0,0,1,0,0,0,1,0,0,0,0,1,0,0,0,0,0,0,0,0,0,0.0,0.0,0,"[""SEG-ALTA-RENDA"", ""SEG-CREDITO-ATIVO"", ""SEG-SEM-CARTAO"", ""SEG-INVESTIDOR-INICIANTE"", ""SEG-POUPADOR"", ""SEG-CONTRIBUINTE-IR"", ""SEG-PERFIL-FAMILIAR""]",0
383226,2022-12-28,N,BR,F,47,2009-09-27,0.0,159,1.0,,1.0,A,S,S,,KFC,N,SP,1.0,66711.87,01 - ALTA RENDA,0,0,1,0,0,0,0,0,0,0,0,1,0,0,0,0,0,0,0,0,0,0.0,0.0,0,"[""SEG-VIP"", ""SEG-ALTA-RENDA"", ""SEG-CREDITO-ATIVO"", ""SEG-SEM-CARTAO"", ""SEG-INVESTIDOR-INICIANTE"", ""SEG-POUPADOR"", ""SEG-CONTRIBUINTE-IR"", ""SEG-PERFIL-FAMILIAR""]",0
275490,2022-07-28,N,BR,F,68,2008-09-27,0.0,166,1.0,,1.0,A,S,N,,KAT,N,MG,1.0,54142.8,02 - VAREJO,0,0,1,0,0,0,0,1,0,0,0,0,0,0,0,0,0,1,0,0,0,0.0,0.0,0,"[""SEG-SENIOR"", ""SEG-CREDITO-ATIVO"", ""SEG-SEM-CARTAO"", ""SEG-INVESTIDOR-INICIANTE"", ""SEG-POUPADOR""]",0
65137,2022-02-28,N,BR,F,46,2004-07-08,0.0,216,1.0,,1.0,A,S,N,,KAT,N,SP,1.0,43783.09,02 - VAREJO,0,0,1,0,0,0,0,0,1,0,0,0,0,0,0,0,0,0,0,0,0,0.0,0.0,1,"[""SEG-CREDITO-ATIVO"", ""SEG-SEM-CARTAO"", ""SEG-INVESTIDOR-INICIANTE"", ""SEG-POUPADOR"", ""SEG-PERFIL-FAMILIAR""]",0
176961,2022-01-28,N,BR,F,46,2007-05-24,0.0,182,1.0,,1.0,A,S,N,,KAS,N,SP,1.0,189604.24,02 - VAREJO,0,0,1,0,1,0,0,0,0,0,0,0,0,0,1,1,0,0,1,1,0,0.0,0.0,1,"[""SEG-ALTA-RENDA"", ""SEG-CREDITO-ATIVO"", ""SEG-INVESTIDOR-INICIANTE"", ""SEG-POUPADOR"", ""SEG-PERFIL-FAMILIAR"", ""SEG-PROPRIETARIO""]",0
874270,2022-06-28,N,BR,F,81,2017-04-19,0.0,63,1.0,,1.0,I,S,N,,KAG,N,SP,0.0,85827.16,02 - VAREJO,0,0,1,0,0,0,0,0,1,0,0,0,0,0,0,0,0,0,0,0,0,0.0,0.0,0,"[""SEG-SENIOR"", ""SEG-POUPADOR""]",0
1475263,2022-12-28,N,BR,M,22,2022-10-10,1.0,2,1.0,,1.0,I,S,N,,KHQ,N,ES,0.0,28711.3,03 - UNIVERSITARIO,0,0,1,0,0,0,0,0,0,0,0,0,0,0,0,0,0,0,0,0,0,0.0,0.0,0,"[""SEG-JOVEM"", ""SEG-VIAJANTE-EVENTO""]",1
53697,2022-06-28,N,BR,M,63,2004-01-09,0.0,222,1.0,,1.0,A,S,N,,KAT,N,SP,1.0,43376.39,02 - VAREJO,0,0,0,0,1,0,0,0,0,0,0,1,1,0,0,0,0,1,0,0,0,1.0,1.0,1,"[""SEG-SENIOR"", ""SEG-CREDITO-ATIVO"", ""SEG-SEM-CARTAO"", ""SEG-INVESTIDOR-INICIANTE"", ""SEG-POUPADOR""]",0
1158393,2023-03-28,N,BR,M,22,2020-08-06,0.0,31,1.0,,1.0,A,S,N,,KHE,N,PA,0.0,88856.78,03 - UNIVERSITARIO,0,0,0,0,0,0,0,0,0,0,0,0,0,0,0,0,0,0,0,0,0,0.0,0.0,0,"[""SEG-JOVEM"", ""SEG-POUPADOR"", ""SEG-VIAJANTE-EVENTO""]",1
350735,2022-01-28,N,BR,M,45,2009-06-25,0.0,157,1.0,,1.0,A,S,N,,KAT,N,SP,1.0,33137.39,02 - VAREJO,0,0,0,0,1,0,0,0,0,0,0,0,1,0,1,0,0,1,0,0,0,1.0,1.0,1,"[""SEG-SEM-CARTAO"", ""SEG-INVESTIDOR-INICIANTE"", ""SEG-PERFIL-FAMILIAR"", ""SEG-PROPRIETARIO""]",0
878770,2022-11-28,N,BR,M,44,2017-05-18,0.0,66,1.0,,1,A,S,N,,KAT,N,SP,1.0,122214.86,01 - ALTA RENDA,0,0,1,0,0,0,0,0,1,0,0,0,0,0,0,0,0,0,1,0,0,0.0,0.0,0,"[""SEG-VIP"", ""SEG-ALTA-RENDA"", ""SEG-CREDITO-ATIVO"", ""SEG-INVESTIDOR-INICIANTE"", ""SEG-POUPADOR"", ""SEG-CONTRIBUINTE-IR"", ""SEG-PERFIL-FAMILIAR""]",0
19771,2023-01-28,N,BR,F,55,2003-07-03,0.0,235,1.0,,1.0,A,S,N,,KAT,N,RJ,1.0,71592.26,02 - VAREJO,0,0,1,0,0,0,0,0,0,0,0,0,0,1,0,0,0,0,0,0,0,0.0,0.0,0,"[""SEG-SENIOR"", ""SEG-ALTA-RENDA"", ""SEG-CREDITO-ATIVO"", ""SEG-SEM-CARTAO"", ""SEG-POUPADOR"", ""SEG-CONTRIBUINTE-IR"", ""SEG-INVESTIDOR-EXPERIENTE"", ""SEG-PERFIL-FAMILIAR""]",0
127101,2022-10-28,N,BR,F,56,2006-05-04,0.0,198,1.0,,1.0,A,S,N,,KAT,N,SP,1.0,8393.2,02 - VAREJO,0,0,0,0,0,0,0,0,0,0,0,0,0,0,1,0,0,0,0,0,0,0.0,0.0,0,"[""SEG-SENIOR"", ""SEG-SEM-CARTAO"", ""SEG-INVESTIDOR-INICIANTE"", ""SEG-PERFIL-FAMILIAR"", ""SEG-PROPRIETARIO""]",0
489632,2023-01-28,N,BR,F,50,2011-09-06,0.0,136,1.0,,1.0,I,S,N,,KFC,N,RJ,0.0,96726.49,02 - VAREJO,0,0,1,0,0,0,0,0,0,0,0,0,0,0,0,0,0,0,0,0,0,0.0,0.0,0,"[""SEG-ALTA-RENDA"", ""SEG-POUPADOR"", ""SEG-CONTRIBUINTE-IR"", ""SEG-VIAJANTE-EVENTO""]",1
573198,2022-10-28,N,BR,M,90,2012-10-25,0.0,120,1.0,,1.0,A,S,S,,KAJ,N,GO,1.0,38639.73,02 - VAREJO,0,0,0,0,0,0,0,1,0,0,0,0,0,0,0,0,0,0,0,0,0,0.0,0.0,0,"[""SEG-SENIOR"", ""SEG-CREDITO-ATIVO"", ""SEG-SEM-CARTAO"", ""SEG-INVESTIDOR-INICIANTE"", ""SEG-POUPADOR""]",0
742574,2022-09-28,N,BR,M,43,2015-01-19,0.0,92,1.0,,1.0,A,S,N,,KFA,N,SP,1.0,99567.19,02 - VAREJO,0,0,1,0,0,0,0,0,0,0,0,1,0,0,0,0,0,0,0,0,0,0.0,0.0,0,"[""SEG-ALTA-RENDA"", ""SEG-CREDITO-ATIVO"", ""SEG-SEM-CARTAO"", ""SEG-INVESTIDOR-INICIANTE"", ""SEG-POUPADOR"", ""SEG-CONTRIBUINTE-IR"", ""SEG-PERFIL-FAMILIAR""]",0
1388839,2022-11-28,N,BR,M,39,2022-03-23,0.0,8,1.0,,1,A,S,N,,KHK,N,RS,1.0,27574.93,02 - VAREJO,0,0,1,0,0,0,0,0,0,0,0,0,0,1,0,0,0,0,0,0,0,0.0,0.0,0,"[""SEG-SEM-CARTAO"", ""SEG-INVESTIDOR-EXPERIENTE"", ""SEG-PERFIL-FAMILIAR""]",0
1387698,2023-05-28,N,BR,F,47,2022-03-16,0.0,14,1.0,,1,A,S,N,,KHL,N,PE,1.0,101849.29,02 - VAREJO,0,0,0,0,1,0,0,0,0,0,0,0,0,0,0,0,0,0,0,0,0,1.0,1.0,1,"[""SEG-ALTA-RENDA"", ""SEG-CREDITO-ATIVO"", ""SEG-SEM-CARTAO"", ""SEG-INVESTIDOR-INICIANTE"", ""SEG-POUPADOR"", ""SEG-CONTRIBUINTE-IR"", ""SEG-PERFIL-FAMILIAR""]",0
1326547,2022-12-28,N,BR,F,22,2021-10-07,0.0,14,1.0,,1.0,I,S,N,,KHE,N,ES,0.0,27703.39,03 - UNIVERSITARIO,0,0,1,0,0,0,0,0,0,0,0,0,0,0,0,0,0,0,0,0,0,0.0,0.0,0,"[""SEG-JOVEM"", ""SEG-VIAJANTE-EVENTO""]",1
839187,2022-12-28,N,BR,M,42,2016-03-24,0.0,81,1.0,,1.0,A,S,N,,KFJ,N,SC,1.0,316289.25,02 - VAREJO,0,0,1,0,0,0,0,0,0,0,0,0,0,0,0,0,0,0,0,0,0,0.0,0.0,0,"[""SEG-ALTA-RENDA"", ""SEG-CREDITO-ATIVO"", ""SEG-SEM-CARTAO"", ""SEG-INVESTIDOR-INICIANTE"", ""SEG-POUPADOR"", ""SEG-CONTRIBUINTE-IR"", ""SEG-PERFIL-FAMILIAR""]",0
1255605,2022-02-28,N,BR,F,45,2021-04-29,0.0,15,1.0,,1.0,I,S,N,,KAT,N,RR,1.0,11590.02,02 - VAREJO,0,0,1,0,0,0,0,0,0,0,0,0,0,0,0,0,0,0,0,0,0,0.0,0.0,0,"[""SEG-SEM-CARTAO"", ""SEG-INVESTIDOR-INICIANTE"", ""SEG-PERFIL-FAMILIAR"", ""SEG-VIAJANTE-EVENTO""]",1
913611,2023-05-28,N,BR,M,42,2018-05-25,0.0,60,1.0,,1,I,S,N,,KFC,N,SP,0.0,67139.1,02 - VAREJO,0,0,0,0,0,0,0,0,0,0,0,0,0,0,0,0,0,0,0,0,0,0.0,0.0,0,"[""SEG-ALTA-RENDA"", ""SEG-POUPADOR"", ""SEG-CONTRIBUINTE-IR""]",0
396284,2022-07-28,N,BR,F,41,2009-12-17,0.0,151,1.0,,1.0,A,S,N,,KFA,N,SP,1.0,127805.52,02 - VAREJO,0,0,0,0,1,0,0,0,0,0,0,0,0,0,0,0,0,0,0,0,0,0.0,0.0,1,"[""SEG-ALTA-RENDA"", ""SEG-CREDITO-ATIVO"", ""SEG-SEM-CARTAO"", ""SEG-INVESTIDOR-INICIANTE"", ""SEG-POUPADOR"", ""SEG-CONTRIBUINTE-IR"", ""SEG-PERFIL-FAMILIAR"", ""SEG-VIAJANTE-EVENTO""]",1
408549,2022-10-28,N,BR,F,48,2010-02-25,0.0,152,1.0,,1,A,S,N,,KAT,N,MG,1.0,8364.98,01 - ALTA RENDA,0,0,0,0,1,0,0,0,1,0,0,1,0,1,0,0,0,1,0,0,0,1.0,1.0,1,"[""SEG-VIP"", ""SEG-SEM-CARTAO"", ""SEG-INVESTIDOR-EXPERIENTE"", ""SEG-PERFIL-FAMILIAR""]",0
210014,2023-05-28,N,BR,M,42,2007-12-18,0.0,185,1.0,,1.0,I,S,N,,KFC,N,SP,0.0,137333.53,02 - VAREJO,0,0,0,0,0,0,0,0,0,0,0,0,0,0,0,0,0,0,0,0,0,0.0,0.0,0,"[""SEG-ALTA-RENDA"", ""SEG-POUPADOR"", ""SEG-CONTRIBUINTE-IR""]",0
977497,2023-02-28,N,BR,M,43,2018-11-11,0.0,51,1.0,,1.0,A,S,N,,KFC,N,SP,1.0,99022.48,02 - VAREJO,0,0,1,0,0,0,0,0,0,0,0,1,1,0,0,0,0,0,0,0,0,0.0,0.0,0,"[""SEG-ALTA-RENDA"", ""SEG-CREDITO-ATIVO"", ""SEG-SEM-CARTAO"", ""SEG-INVESTIDOR-INICIANTE"", ""SEG-POUPADOR"", ""SEG-CONTRIBUINTE-IR"", ""SEG-PERFIL-FAMILIAR""]",0
147367,2023-05-28,N,BR,F,44,2006-10-25,0.0,199,1.0,,1.0,A,S,N,,KAT,N,SP,1.0,310255.57,02 - VAREJO,0,0,1,0,0,0,0,0,0,0,0,0,1,0,1,0,0,0,1,0,0,0.0,0.0,1,"[""SEG-ALTA-RENDA"", ""SEG-CREDITO-ATIVO"", ""SEG-INVESTIDOR-INICIANTE"", ""SEG-POUPADOR"", ""SEG-CONTRIBUINTE-IR"", ""SEG-PERFIL-FAMILIAR"", ""SEG-PROPRIETARIO""]",0
220950,2022-09-28,N,BR,F,46,2008-02-07,0.0,119,1.0,,1.0,I,S,N,,KAE,N,RJ,0.0,99500.97,02 - VAREJO,0,0,0,0,0,0,0,0,0,0,0,0,0,0,0,0,0,0,0,0,0,0.0,0.0,0,"[""SEG-ALTA-RENDA"", ""SEG-POUPADOR"", ""SEG-CONTRIBUINTE-IR""]",0
674617,2022-03-28,N,BR,M,69,2014-02-04,0.0,101,1.0,,1.0,I,S,N,,KAT,N,RJ,0.0,339308.74,02 - VAREJO,0,0,1,0,0,0,0,0,0,0,0,0,0,0,0,0,0,0,0,0,0,0.0,0.0,0,"[""SEG-SENIOR"", ""SEG-POUPADOR"", ""SEG-VIAJANTE-EVENTO""]",1
462968,2022-11-28,N,BR,F,49,2022-03-19,0.0,8,1.0,,1.0,A,S,N,,KHK,N,SP,1.0,113171.12,02 - VAREJO,0,0,1,0,0,0,0,0,0,0,0,0,0,0,0,0,0,0,0,0,0,0.0,0.0,0,"[""SEG-ALTA-RENDA"", ""SEG-CREDITO-ATIVO"", ""SEG-SEM-CARTAO"", ""SEG-INVESTIDOR-INICIANTE"", ""SEG-POUPADOR"", ""SEG-CONTRIBUINTE-IR"", ""SEG-PERFIL-FAMILIAR"", ""SEG-VIAJANTE-EVENTO""]",1
1487509,2022-11-28,N,BR,M,28,2022-10-22,1.0,1,1.0,,1.0,A,S,N,,KHM,N,SP,1.0,69541.45,03 - UNIVERSITARIO,0,0,1,0,0,0,0,0,0,0,0,0,0,0,0,0,0,0,0,0,0,0.0,0.0,0,"[""SEG-JOVEM"", ""SEG-ALTA-RENDA"", ""SEG-INVESTIDOR-INICIANTE"", ""SEG-POUPADOR"", ""SEG-PERFIL-FAMILIAR""]",0
976495,2023-02-28,N,BR,M,29,2018-11-10,0.0,51,1.0,,1.0,I,S,N,,KHE,N,RR,0.0,15116.55,03 - UNIVERSITARIO,0,0,1,0,0,0,0,0,0,0,0,0,0,0,0,0,0,0,0,0,0,0.0,0.0,0,"[""SEG-JOVEM""]",0
980378,2022-09-28,N,BR,F,43,2018-11-16,0.0,46,1.0,,1,A,S,N,,KFC,N,SP,1.0,30598.19,02 - VAREJO,0,0,1,0,0,0,0,0,0,0,0,0,1,0,0,0,0,0,0,0,0,0.0,0.0,1,"[""SEG-SEM-CARTAO"", ""SEG-INVESTIDOR-INICIANTE"", ""SEG-PERFIL-FAMILIAR"", ""SEG-VIAJANTE-EVENTO""]",1
1154252,2022-10-28,N,BR,M,29,2020-08-02,0.0,26,1.0,,1.0,A,S,N,,KFC,N,MG,1.0,8030.27,02 - VAREJO,0,0,0,0,0,0,0,0,0,0,0,0,0,0,0,0,0,1,0,0,0,0.0,0.0,0,"[""SEG-JOVEM"", ""SEG-SEM-CARTAO"", ""SEG-INVESTIDOR-INICIANTE"", ""SEG-PERFIL-FAMILIAR""]",0
154857,2022-09-28,N,BR,M,36,2009-03-12,0.0,162,1.0,,1.0,A,S,S,,KAT,N,PB,1.0,26868.52,02 - VAREJO,0,0,1,0,0,0,0,0,1,0,0,1,0,0,1,0,0,0,0,0,0,0.0,0.0,1,"[""SEG-SEM-CARTAO"", ""SEG-INVESTIDOR-INICIANTE"", ""SEG-PERFIL-FAMILIAR"", ""SEG-PROPRIETARIO"", ""SEG-VIAJANTE-EVENTO""]",1
1410918,2023-05-28,N,BR,M,21,2022-07-21,0.0,10,1.0,,1.0,I,S,N,,KHQ,N,RJ,0.0,265809.43,03 - UNIVERSITARIO,0,0,1,0,0,0,0,0,0,0,0,0,0,0,0,0,0,0,0,0,0,0.0,0.0,0,"[""SEG-JOVEM"", ""SEG-POUPADOR""]",0
647632,2023-02-28,N,BR,F,41,2013-10-11,0.0,112,1.0,,1,A,S,N,,KCH,N,SP,1.0,80762.07,02 - VAREJO,0,0,1,0,0,0,0,0,0,0,0,0,0,0,0,0,0,0,0,0,0,0.0,0.0,0,"[""SEG-ALTA-RENDA"", ""SEG-CREDITO-ATIVO"", ""SEG-SEM-CARTAO"", ""SEG-INVESTIDOR-INICIANTE"", ""SEG-POUPADOR"", ""SEG-CONTRIBUINTE-IR"", ""SEG-PERFIL-FAMILIAR""]",0
880488,2023-04-28,N,BR,F,41,2017-05-31,0.0,71,1.0,,1,A,S,N,,KFA,N,SP,1.0,92830.29,02 - VAREJO,0,0,1,0,0,0,0,0,1,0,0,0,0,0,0,0,0,0,1,0,0,0.0,0.0,0,"[""SEG-ALTA-RENDA"", ""SEG-CREDITO-ATIVO"", ""SEG-INVESTIDOR-INICIANTE"", ""SEG-POUPADOR"", ""SEG-CONTRIBUINTE-IR"", ""SEG-PERFIL-FAMILIAR""]",0
243320,2022-10-28,N,BR,F,59,2008-04-30,0.0,174,1.0,,1.0,A,S,N,,KFC,N,SP,1.0,186513.59,02 - VAREJO,0,0,1,0,0,0,0,1,0,0,0,0,0,0,0,0,0,0,0,0,0,0.0,0.0,0,"[""SEG-SENIOR"", ""SEG-CREDITO-ATIVO"", ""SEG-SEM-CARTAO"", ""SEG-INVESTIDOR-INICIANTE"", ""SEG-POUPADOR"", ""SEG-CONTRIBUINTE-IR"", ""SEG-PERFIL-FAMILIAR""]",0
593554,2022-08-28,N,BR,F,32,2013-01-25,0.0,115,1.0,,1,I,S,N,,KFC,N,BA,1.0,34796.95,02 - VAREJO,0,0,1,0,0,0,0,0,0,0,0,0,0,0,0,0,0,1,0,0,0,0.0,0.0,0,"[""SEG-CREDITO-ATIVO"", ""SEG-SEM-CARTAO"", ""SEG-INVESTIDOR-INICIANTE"", ""SEG-POUPADOR"", ""SEG-PERFIL-FAMILIAR""]",0
1309799,2022-02-28,N,BR,M,22,2021-09-17,0.0,10,1.0,,1.0,I,S,N,,KHE,N,BA,0.0,58726.83,03 - UNIVERSITARIO,0,0,1,0,0,0,0,0,0,0,0,0,0,0,0,0,0,0,0,0,0,0.0,0.0,0,"[""SEG-JOVEM"", ""SEG-POUPADOR"", ""SEG-VIAJANTE-EVENTO""]",1
436761,2023-05-28,N,BR,F,39,2010-09-25,0.0,152,1.0,,1.0,I,S,N,,KAT,N,MG,0.0,10331.01,02 - VAREJO,0,0,1,0,0,0,0,0,0,0,0,0,0,0,0,0,0,0,0,0,0,0.0,0.0,0,"[""SEG-VIAJANTE-EVENTO""]",1
972432,2023-03-28,N,BR,F,47,2018-11-02,0.0,52,1.0,,1.0,I,S,N,,KAZ,N,RJ,0.0,119760.2,02 - VAREJO,0,0,0,0,0,0,0,0,0,0,0,0,0,0,0,0,0,0,0,0,0,0.0,0.0,0,"[""SEG-ALTA-RENDA"", ""SEG-POUPADOR"", ""SEG-CONTRIBUINTE-IR"", ""SEG-VIAJANTE-EVENTO""]",1
1199934,2023-01-28,N,BR,M,29,2020-10-15,0.0,27,1.0,,1,I,S,N,,KHE,N,RS,0.0,36466.75,03 - UNIVERSITARIO,0,0,1,0,0,0,0,0,0,0,0,0,0,0,0,0,0,0,0,0,0,0.0,0.0,0,"[""SEG-JOVEM"", ""SEG-POUPADOR""]",0
460688,2023-02-28,N,BR,F,47,2011-02-23,0.0,144,1.0,,1.0,A,S,N,,KFC,N,SP,1.0,104706.69,02 - VAREJO,0,0,1,0,0,0,0,0,0,0,0,0,0,1,0,0,0,0,0,0,0,0.0,0.0,0,"[""SEG-ALTA-RENDA"", ""SEG-CREDITO-ATIVO"", ""SEG-SEM-CARTAO"", ""SEG-POUPADOR"", ""SEG-CONTRIBUINTE-IR"", ""SEG-INVESTIDOR-EXPERIENTE"", ""SEG-PERFIL-FAMILIAR""]",0
503504,2022-03-28,N,BR,M,38,2011-11-23,0.0,128,1.0,,1.0,A,S,N,,KFA,N,SP,1.0,47521.72,02 - VAREJO,0,0,1,0,0,0,0,0,0,0,0,0,0,0,0,0,0,0,0,0,0,0.0,0.0,0,"[""SEG-CREDITO-ATIVO"", ""SEG-SEM-CARTAO"", ""SEG-INVESTIDOR-INICIANTE"", ""SEG-POUPADOR"", ""SEG-CONTRIBUINTE-IR"", ""SEG-PERFIL-FAMILIAR"", ""SEG-VIAJANTE-EVENTO""]",1
1305792,2022-09-28,N,BR,F,22,2021-09-12,0.0,12,1.0,,1.0,A,S,S,,KHE,N,SC,1.0,9137.9,03 - UNIVERSITARIO,0,0,1,0,0,0,0,0,0,0,0,0,0,0,0,0,0,0,0,0,0,0.0,0.0,0,"[""SEG-JOVEM"", ""SEG-SEM-CARTAO"", ""SEG-INVESTIDOR-INICIANTE"", ""SEG-VIAJANTE-EVENTO""]",1
453753,2023-02-28,N,BR,M,46,2013-12-07,0.0,145,1.0,,1.0,A,S,N,,KFC,N,SP,1.0,62580.5,01 - ALTA RENDA,0,0,0,0,0,0,0,1,0,0,0,0,0,0,0,0,0,0,0,0,0,0.0,0.0,0,"[""SEG-VIP"", ""SEG-ALTA-RENDA"", ""SEG-CREDITO-ATIVO"", ""SEG-SEM-CARTAO"", ""SEG-INVESTIDOR-INICIANTE"", ""SEG-POUPADOR"", ""SEG-CONTRIBUINTE-IR"", ""SEG-PERFIL-FAMILIAR""]",0
907246,2023-02-28,N,BR,M,89,2018-03-21,0.0,59,1.0,,1.0,A,S,N,,KAT,N,PA,1.0,98992.5,02 - VAREJO,0,0,1,0,0,0,0,0,0,0,0,0,0,0,0,0,0,0,0,0,0,0.0,0.0,0,"[""SEG-SENIOR"", ""SEG-CREDITO-ATIVO"", ""SEG-SEM-CARTAO"", ""SEG-INVESTIDOR-INICIANTE"", ""SEG-POUPADOR"", ""SEG-VIAJANTE-EVENTO""]",1
80549,2022-10-28,N,BR,M,50,2004-12-24,0.0,175,1.0,,1.0,A,S,N,,KAT,N,SP,1.0,106248.21,01 - ALTA RENDA,0,0,1,0,0,0,0,1,0,0,0,1,0,1,0,1,0,0,0,0,0,0.0,0.0,0,"[""SEG-VIP"", ""SEG-ALTA-RENDA"", ""SEG-CREDITO-ATIVO"", ""SEG-SEM-CARTAO"", ""SEG-POUPADOR"", ""SEG-INVESTIDOR-EXPERIENTE"", ""SEG-PERFIL-FAMILIAR"", ""SEG-VIAJANTE-EVENTO""]",1
258003,2022-12-28,N,BR,M,55,2008-07-02,0.0,174,1.0,,1.0,A,S,N,,KAT,N,SP,0.0,114809.36,02 - VAREJO,0,0,0,0,0,0,0,0,0,0,0,0,0,0,0,0,0,0,0,0,0,0.0,0.0,0,"[""SEG-SENIOR"", ""SEG-ALTA-RENDA"", ""SEG-POUPADOR"", ""SEG-CONTRIBUINTE-IR""]",0
768693,2022-05-28,N,BR,F,61,2015-05-19,0.0,86,1.0,,1.0,I,S,N,,KFC,N,MG,0.0,42727.47,02 - VAREJO,0,0,1,0,0,0,0,0,0,0,0,0,0,0,0,0,0,0,0,0,0,0.0,0.0,0,"[""SEG-SENIOR"", ""SEG-POUPADOR""]",0
315046,2022-10-28,N,BR,F,55,2009-01-14,0.0,165,1.0,,1.0,A,S,N,,KFC,N,SP,1.0,122253.87,02 - VAREJO,0,0,1,0,0,0,0,1,0,0,0,0,0,0,0,0,0,0,1,0,0,0.0,0.0,0,"[""SEG-SENIOR"", ""SEG-ALTA-RENDA"", ""SEG-CREDITO-ATIVO"", ""SEG-INVESTIDOR-INICIANTE"", ""SEG-POUPADOR"", ""SEG-CONTRIBUINTE-IR"", ""SEG-PERFIL-FAMILIAR""]",0
584452,2023-02-28,N,BR,F,46,2012-12-09,0.0,122,1.0,,1.0,A,S,N,,KFC,N,SC,1.0,57889.91,02 - VAREJO,0,0,0,0,0,0,0,0,0,0,0,0,0,1,0,0,0,0,0,0,1,0.0,0.0,1,"[""SEG-CREDITO-ATIVO"", ""SEG-SEM-CARTAO"", ""SEG-POUPADOR"", ""SEG-CONTRIBUINTE-IR"", ""SEG-INVESTIDOR-EXPERIENTE"", ""SEG-PERFIL-FAMILIAR""]",0
409339,2023-05-28,N,BR,F,45,2010-03-03,0.0,159,1.0,,1.0,A,S,N,,KFC,N,SP,1.0,26765.93,02 - VAREJO,0,0,1,0,0,0,0,0,1,0,0,0,0,0,0,0,0,0,0,0,0,0.0,0.0,1,"[""SEG-SEM-CARTAO"", ""SEG-INVESTIDOR-INICIANTE"", ""SEG-PERFIL-FAMILIAR"", ""SEG-VIAJANTE-EVENTO""]",1
206720,2023-03-28,N,BR,F,93,2007-11-27,0.0,184,1.0,,1.0,I,S,N,,KAT,N,SP,1.0,133494.31,02 - VAREJO,0,0,0,0,0,0,0,0,0,0,0,0,1,0,0,0,0,1,0,0,0,0.0,0.0,0,"[""SEG-SENIOR"", ""SEG-CREDITO-ATIVO"", ""SEG-SEM-CARTAO"", ""SEG-INVESTIDOR-INICIANTE"", ""SEG-POUPADOR""]",0
248404,2023-04-28,N,BR,M,71,2012-12-29,0.0,179,1.0,,1.0,I,S,N,,KFC,N,RJ,0.0,177542.28,02 - VAREJO,0,0,0,0,0,0,0,0,0,0,0,0,0,0,0,0,0,0,0,0,0,0.0,0.0,0,"[""SEG-SENIOR"", ""SEG-POUPADOR""]",0
537957,2023-01-28,N,BR,M,40,2016-01-14,0.0,84,1.0,,1.0,I,S,N,,KAT,N,RJ,1.0,11924.02,02 - VAREJO,0,0,1,0,0,0,0,0,0,0,0,0,0,0,0,0,0,0,0,0,0,0.0,0.0,0,"[""SEG-SEM-CARTAO"", ""SEG-INVESTIDOR-INICIANTE"", ""SEG-PERFIL-FAMILIAR"", ""SEG-VIAJANTE-EVENTO""]",1
521606,2022-06-28,N,BR,F,39,2012-03-07,0.0,124,1.0,,1.0,A,S,N,,KFC,N,SP,1.0,164739.68,02 - VAREJO,0,0,1,0,0,0,0,1,0,0,0,0,0,0,0,0,0,0,0,0,0,0.0,0.0,0,"[""SEG-ALTA-RENDA"", ""SEG-CREDITO-ATIVO"", ""SEG-SEM-CARTAO"", ""SEG-INVESTIDOR-INICIANTE"", ""SEG-POUPADOR"", ""SEG-CONTRIBUINTE-IR"", ""SEG-PERFIL-FAMILIAR""]",0
219210,2023-05-28,N,BR,M,47,2008-01-30,0.0,184,1.0,,1.0,A,S,S,,KAT,N,PA,0.0,14989.99,02 - VAREJO,0,0,0,0,0,0,0,0,0,0,0,0,0,0,0,0,0,0,0,0,0,0.0,0.0,0,"[""SEG-VIAJANTE-EVENTO""]",1
283917,2023-03-28,N,BR,F,43,2008-10-19,0.0,173,1.0,,1.0,A,S,N,,KFC,N,RS,1.0,45418.9,02 - VAREJO,0,0,1,0,0,0,0,1,0,0,0,0,0,1,0,1,0,0,0,0,0,0.0,0.0,0,"[""SEG-CREDITO-ATIVO"", ""SEG-SEM-CARTAO"", ""SEG-POUPADOR"", ""SEG-INVESTIDOR-EXPERIENTE"", ""SEG-PERFIL-FAMILIAR""]",0
1399438,2022-10-28,N,BR,F,50,2022-05-28,1.0,5,1.0,,1,A,S,N,,KHN,N,RJ,1.0,34116.44,02 - VAREJO,0,0,0,0,1,0,0,0,0,0,0,0,0,0,1,0,0,0,1,0,0,1.0,1.0,1,"[""SEG-INVESTIDOR-INICIANTE"", ""SEG-POUPADOR"", ""SEG-PERFIL-FAMILIAR"", ""SEG-PROPRIETARIO""]",0
899031,2022-09-28,N,BR,F,22,2017-12-17,0.0,57,1.0,,1,I,S,N,,KAT,N,SP,0.0,25675.41,02 - VAREJO,0,0,0,0,0,0,0,0,0,0,0,0,0,0,0,0,0,0,0,0,0,0.0,0.0,0,"[""SEG-JOVEM""]",0
461596,2022-08-28,N,BR,M,52,2013-02-14,0.0,138,1.0,,1.0,A,S,N,,KAI,N,AM,1.0,36869.83,02 - VAREJO,0,0,1,0,0,0,0,0,0,0,0,0,1,0,0,0,0,0,0,0,0,0.0,0.0,0,"[""SEG-CREDITO-ATIVO"", ""SEG-SEM-CARTAO"", ""SEG-INVESTIDOR-INICIANTE"", ""SEG-POUPADOR"", ""SEG-PERFIL-FAMILIAR""]",0
1072988,2023-05-28,N,BR,M,25,2019-10-02,0.0,43,1.0,,1.0,I,S,N,,KHD,N,GO,0.0,21360.45,03 - UNIVERSITARIO,0,0,1,0,0,0,0,0,0,0,0,0,0,0,0,0,0,0,0,0,0,0.0,0.0,0,"[""SEG-JOVEM"", ""SEG-VIAJANTE-EVENTO""]",1
543710,2023-01-28,N,BR,M,42,2016-01-27,0.0,126,1.0,,1.0,A,S,N,,KAT,N,SP,1.0,80778.28,02 - VAREJO,0,0,0,0,1,0,0,0,0,0,0,0,0,0,0,0,0,1,0,0,0,0.0,0.0,1,"[""SEG-ALTA-RENDA"", ""SEG-CREDITO-ATIVO"", ""SEG-SEM-CARTAO"", ""SEG-INVESTIDOR-INICIANTE"", ""SEG-POUPADOR"", ""SEG-CONTRIBUINTE-IR"", ""SEG-PERFIL-FAMILIAR""]",0
1390167,2023-05-28,N,BR,M,31,2022-03-30,0.0,14,1.0,,1,A,S,N,,KHK,N,SC,1.0,98745.66,03 - UNIVERSITARIO,0,0,0,0,1,0,0,0,0,0,0,0,1,0,0,0,0,0,0,0,0,1.0,1.0,0,"[""SEG-ALTA-RENDA"", ""SEG-CREDITO-ATIVO"", ""SEG-SEM-CARTAO"", ""SEG-INVESTIDOR-INICIANTE"", ""SEG-POUPADOR"", ""SEG-CONTRIBUINTE-IR"", ""SEG-PERFIL-FAMILIAR""]",0
65235,2023-05-28,N,BR,F,43,2004-06-13,0.0,227,1.0,,1.0,A,S,N,,KAT,N,SP,1.0,209634.95,01 - ALTA RENDA,0,0,0,0,1,0,0,0,0,0,0,1,1,0,0,0,0,1,1,1,0,1.0,1.0,1,"[""SEG-VIP"", ""SEG-ALTA-RENDA"", ""SEG-CREDITO-ATIVO"", ""SEG-INVESTIDOR-INICIANTE"", ""SEG-POUPADOR"", ""SEG-CONTRIBUINTE-IR"", ""SEG-PERFIL-FAMILIAR"", ""SEG-VIAJANTE-EVENTO""]",1
340375,2022-07-28,N,BR,M,64,2009-03-11,0.0,160,1.0,,1.0,A,S,N,,KAT,N,SP,1.0,38650.77,01 - ALTA RENDA,0,0,1,0,0,0,0,1,0,0,0,1,0,0,0,0,0,0,0,0,0,0.0,0.0,0,"[""SEG-VIP"", ""SEG-SENIOR"", ""SEG-CREDITO-ATIVO"", ""SEG-SEM-CARTAO"", ""SEG-INVESTIDOR-INICIANTE"", ""SEG-POUPADOR""]",0
1366150,2022-11-28,N,BR,M,34,2021-12-05,0.0,12,1.0,,1.0,A,S,N,,KAT,N,CE,1.0,36771.04,02 - VAREJO,0,0,0,0,0,0,0,0,0,0,0,1,0,0,0,0,0,0,0,0,0,0.0,0.0,0,"[""SEG-CREDITO-ATIVO"", ""SEG-SEM-CARTAO"", ""SEG-INVESTIDOR-INICIANTE"", ""SEG-POUPADOR"", ""SEG-PERFIL-FAMILIAR""]",0
1097226,2022-07-28,N,BR,F,25,2019-11-07,0.0,32,1.0,,1.0,A,S,N,,KFC,N,MG,1.0,33447.71,02 - VAREJO,0,0,1,0,0,0,0,0,0,0,0,1,0,0,0,0,0,0,0,0,0,0.0,0.0,0,"[""SEG-JOVEM"", ""SEG-SEM-CARTAO"", ""SEG-INVESTIDOR-INICIANTE"", ""SEG-PERFIL-FAMILIAR""]",0
496530,2023-01-28,N,BR,F,42,2011-10-16,0.0,135,1.0,,1.0,I,S,N,,KBR,N,SP,0.0,45992.95,02 - VAREJO,0,0,0,0,0,0,0,0,0,0,0,0,0,0,0,0,0,0,0,0,0,0.0,0.0,0,"[""SEG-POUPADOR"", ""SEG-CONTRIBUINTE-IR""]",0
994226,2023-05-28,N,BR,M,23,2018-12-15,0.0,53,1.0,,1.0,I,S,N,,KHE,N,PR,0.0,259699.51,03 - UNIVERSITARIO,0,0,1,0,0,0,0,0,0,0,0,0,0,0,0,0,0,0,0,0,0,0.0,0.0,0,"[""SEG-JOVEM"", ""SEG-POUPADOR""]",0
386815,2022-08-28,N,BR,M,55,2009-10-21,0.0,196,1.0,,1.0,A,S,N,,KAS,N,SP,1.0,72933.94,02 - VAREJO,0,0,0,0,1,0,0,0,0,0,0,0,1,0,1,0,0,0,0,0,0,1.0,1.0,1,"[""SEG-SENIOR"", ""SEG-ALTA-RENDA"", ""SEG-CREDITO-ATIVO"", ""SEG-SEM-CARTAO"", ""SEG-INVESTIDOR-INICIANTE"", ""SEG-POUPADOR"", ""SEG-CONTRIBUINTE-IR"", ""SEG-PERFIL-FAMILIAR"", ""SEG-PROPRIETARIO""]",0
66867,2023-03-28,N,BR,M,57,2014-03-02,0.0,225,1.0,,1.0,A,S,N,,KAT,N,SP,1.0,123019.91,02 - VAREJO,0,0,1,0,0,0,0,0,0,0,0,0,0,0,0,0,0,0,0,0,0,0.0,0.0,1,"[""SEG-SENIOR"", ""SEG-CREDITO-ATIVO"", ""SEG-SEM-CARTAO"", ""SEG-INVESTIDOR-INICIANTE"", ""SEG-POUPADOR"", ""SEG-CONTRIBUINTE-IR"", ""SEG-PERFIL-FAMILIAR""]",0
295031,2023-05-28,N,BR,F,58,2008-11-13,0.0,174,1.0,,1.0,I,S,N,,KFC,N,MG,1.0,50663.75,02 - VAREJO,0,0,1,0,0,0,0,1,0,0,0,0,0,0,0,0,0,1,0,0,0,0.0,0.0,0,"[""SEG-SENIOR"", ""SEG-CREDITO-ATIVO"", ""SEG-SEM-CARTAO"", ""SEG-INVESTIDOR-INICIANTE"", ""SEG-POUPADOR"", ""SEG-CONTRIBUINTE-IR"", ""SEG-PERFIL-FAMILIAR""]",0
1342321,2022-01-28,N,BR,M,24,2021-10-27,0.0,9,1.0,,1.0,I,S,N,,KHE,N,PE,0.0,39055.66,03 - UNIVERSITARIO,0,0,1,0,0,0,0,0,0,0,0,0,0,0,0,0,0,0,0,0,0,0.0,0.0,0,"[""SEG-JOVEM"", ""SEG-POUPADOR""]",0
1314034,2023-05-28,N,BR,F,39,2021-09-23,0.0,20,1.0,,1.0,A,S,N,,KFC,N,DF,1.0,34919.26,02 - VAREJO,0,0,0,0,0,0,0,0,0,0,0,0,1,0,0,0,0,0,0,0,0,0.0,0.0,0,"[""SEG-CREDITO-ATIVO"", ""SEG-SEM-CARTAO"", ""SEG-INVESTIDOR-INICIANTE"", ""SEG-POUPADOR"", ""SEG-PERFIL-FAMILIAR""]",0
1466814,2023-04-28,N,BR,M,22,2022-10-01,0.0,7,1.0,,1.0,I,S,N,,KHQ,N,PE,0.0,31117.45,03 - UNIVERSITARIO,0,0,1,0,0,0,0,0,0,0,0,0,0,0,0,0,0,0,0,0,0,0.0,0.0,0,"[""SEG-JOVEM""]",0
284867,2022-03-28,N,BR,F,52,2008-10-22,0.0,165,1.0,,1.0,I,S,N,,KFC,N,RS,0.0,38895.92,02 - VAREJO,0,0,0,0,0,0,0,1,0,0,0,0,0,0,0,0,0,0,0,0,0,0.0,0.0,0,"[""SEG-POUPADOR"", ""SEG-VIAJANTE-EVENTO""]",1
161622,2022-10-28,N,BR,M,50,2007-02-18,0.0,181,1.0,,1,A,S,N,,KFA,N,SP,1.0,64746.22,01 - ALTA RENDA,0,0,0,0,1,0,0,0,1,0,0,0,0,1,0,0,0,0,1,1,0,1.0,1.0,1,"[""SEG-VIP"", ""SEG-ALTA-RENDA"", ""SEG-CREDITO-ATIVO"", ""SEG-POUPADOR"", ""SEG-CONTRIBUINTE-IR"", ""SEG-PERFIL-FAMILIAR""]",0
119408,2022-07-28,N,BR,M,47,2006-01-20,0.0,198,1.0,,1,A,S,N,,KAT,N,SP,1.0,143015.24,01 - ALTA RENDA,0,0,0,0,1,0,0,0,1,0,0,1,0,1,0,0,0,1,1,0,0,1.0,1.0,1,"[""SEG-VIP"", ""SEG-ALTA-RENDA"", ""SEG-CREDITO-ATIVO"", ""SEG-POUPADOR"", ""SEG-CONTRIBUINTE-IR"", ""SEG-INVESTIDOR-EXPERIENTE"", ""SEG-PERFIL-FAMILIAR""]",0
37554,2023-05-28,N,BR,F,98,2003-04-18,0.0,241,1.0,,1.0,I,S,N,,KAT,N,PA,0.0,10307.42,02 - VAREJO,0,0,0,0,0,0,0,0,0,0,0,0,0,0,0,0,0,0,0,0,0,0.0,0.0,0,"[""SEG-SENIOR""]",0
451761,2022-05-28,N,BR,F,44,2011-01-05,0.0,138,1.0,,1.0,A,S,N,,KFC,N,PR,1.0,32700.06,02 - VAREJO,0,0,1,0,0,0,0,0,0,0,0,1,0,1,0,0,0,0,0,0,0,0.0,0.0,0,"[""SEG-SEM-CARTAO"", ""SEG-INVESTIDOR-EXPERIENTE"", ""SEG-PERFIL-FAMILIAR""]",0
404440,2023-01-28,N,BR,F,18,2010-03-01,0.0,155,1.0,,1,I,S,N,,KAT,N,SP,0.0,8429.42,02 - VAREJO,0,0,0,0,0,0,0,0,0,0,0,0,0,0,0,0,0,0,0,0,0,0.0,0.0,0,"[""SEG-JOVEM"", ""SEG-VIAJANTE-EVENTO""]",1
361013,2023-02-28,N,BR,F,36,2009-05-27,0.0,165,1.0,,1.0,A,S,N,,KFA,N,SP,1.0,92367.28,02 - VAREJO,0,0,1,0,1,0,0,0,0,0,0,0,1,0,1,0,0,1,0,0,0,1.0,1.0,1,"[""SEG-ALTA-RENDA"", ""SEG-CREDITO-ATIVO"", ""SEG-SEM-CARTAO"", ""SEG-INVESTIDOR-INICIANTE"", ""SEG-POUPADOR"", ""SEG-CONTRIBUINTE-IR"", ""SEG-PERFIL-FAMILIAR"", ""SEG-PROPRIETARIO"", ""SEG-VIAJANTE-EVENTO""]",1
590199,2022-07-28,N,BR,F,52,2013-01-09,0.0,114,1.0,,1,A,S,S,,KAT,N,BA,1.0,42162.72,02 - VAREJO,0,0,0,0,1,0,0,1,1,0,0,0,1,0,0,0,0,0,1,0,0,1.0,1.0,1,"[""SEG-CREDITO-ATIVO"", ""SEG-INVESTIDOR-INICIANTE"", ""SEG-POUPADOR"", ""SEG-PERFIL-FAMILIAR""]",0
527432,2022-01-28,N,BR,F,55,2012-04-08,0.0,123,1.0,,1.0,A,S,N,,KAW,N,RJ,1.0,57551.91,02 - VAREJO,0,0,1,0,0,0,0,1,0,0,0,0,0,0,0,0,0,0,0,0,0,0.0,0.0,0,"[""SEG-SENIOR"", ""SEG-CREDITO-ATIVO"", ""SEG-SEM-CARTAO"", ""SEG-INVESTIDOR-INICIANTE"", ""SEG-POUPADOR"", ""SEG-CONTRIBUINTE-IR"", ""SEG-PERFIL-FAMILIAR""]",0
16508,2023-04-28,A,BR,F,48,2002-04-21,0.0,252,1.0,,1.0,A,S,N,,KAT,N,SP,1.0,46876.92,02 - VAREJO,0,0,1,0,0,0,0,0,1,0,0,0,1,0,1,1,1,1,1,0,0,1.0,1.0,1,"[""SEG-INVESTIDOR-INICIANTE"", ""SEG-POUPADOR"", ""SEG-PERFIL-FAMILIAR"", ""SEG-PROPRIETARIO""]",0
857866,2023-03-28,N,BR,F,30,2016-11-23,0.0,72,1.0,,1,I,S,N,,KAZ,N,RS,0.0,9973.32,02 - VAREJO,0,0,0,0,0,0,0,0,0,0,0,0,0,0,0,0,0,0,0,0,0,0.0,0.0,0,"[""SEG-VIAJANTE-EVENTO""]",1
495476,2023-04-28,N,BR,F,18,2011-10-11,0.0,138,1.0,,1,A,S,N,,KAT,N,SP,1.0,241015.97,02 - VAREJO,0,0,0,0,0,1,0,0,0,0,0,0,0,0,0,0,0,0,0,0,0,0.0,0.0,0,"[""SEG-JOVEM"", ""SEG-CREDITO-ATIVO"", ""SEG-SEM-CARTAO"", ""SEG-INVESTIDOR-INICIANTE"", ""SEG-POUPADOR""]",0
389584,2023-05-28,N,BR,M,55,2011-12-16,0.0,162,1.0,,1.0,A,S,N,,KFC,N,SP,1.0,74701.56,02 - VAREJO,0,0,0,0,0,0,0,0,0,0,0,0,0,0,0,1,0,0,0,0,0,0.0,0.0,0,"[""SEG-SENIOR"", ""SEG-ALTA-RENDA"", ""SEG-CREDITO-ATIVO"", ""SEG-SEM-CARTAO"", ""SEG-INVESTIDOR-INICIANTE"", ""SEG-POUPADOR"", ""SEG-PERFIL-FAMILIAR"", ""SEG-VIAJANTE-EVENTO""]",1
308427,2023-01-28,N,BR,M,92,2008-12-17,0.0,132,1.0,,1.0,A,S,N,,KFA,N,SP,1.0,112791.17,01 - ALTA RENDA,0,0,1,0,0,0,0,0,0,0,0,1,0,1,0,0,0,1,0,0,0,0.0,0.0,1,"[""SEG-VIP"", ""SEG-SENIOR"", ""SEG-CREDITO-ATIVO"", ""SEG-SEM-CARTAO"", ""SEG-POUPADOR"", ""SEG-INVESTIDOR-EXPERIENTE""]",0
936882,2023-04-28,N,BR,F,27,2018-08-29,0.0,56,1.0,,1.0,I,S,N,,KHE,N,RJ,1.0,46793.25,03 - UNIVERSITARIO,0,0,1,0,0,0,0,0,0,0,0,0,0,0,0,0,0,0,0,0,0,0.0,0.0,0,"[""SEG-JOVEM"", ""SEG-CREDITO-ATIVO"", ""SEG-SEM-CARTAO"", ""SEG-INVESTIDOR-INICIANTE"", ""SEG-POUPADOR"", ""SEG-PERFIL-FAMILIAR""]",0
1240630,2023-05-28,N,BR,F,78,2021-01-28,0.0,28,1.0,,1,A,S,N,,KAT,N,SP,1.0,46993.81,02 - VAREJO,0,0,0,0,0,0,0,0,0,0,0,1,1,0,0,0,0,0,0,0,0,0.0,0.0,0,"[""SEG-SENIOR"", ""SEG-CREDITO-ATIVO"", ""SEG-SEM-CARTAO"", ""SEG-INVESTIDOR-INICIANTE"", ""SEG-POUPADOR""]",0
541636,2023-01-28,N,BR,F,29,2012-07-14,0.0,126,1.0,,1.0,A,S,N,,KFC,N,SP,1.0,45909.89,03 - UNIVERSITARIO,0,0,1,0,0,0,0,0,0,0,0,0,0,1,0,0,0,0,0,0,0,0.0,0.0,0,"[""SEG-JOVEM"", ""SEG-CREDITO-ATIVO"", ""SEG-SEM-CARTAO"", ""SEG-POUPADOR"", ""SEG-INVESTIDOR-EXPERIENTE"", ""SEG-PERFIL-FAMILIAR""]",0
256686,2023-02-28,N,BR,F,42,2008-06-26,0.0,176,1.0,,1.0,A,S,N,,KBO,N,SP,1.0,137459.1,02 - VAREJO,0,0,0,0,1,0,0,0,0,0,0,0,1,0,0,0,0,1,0,0,0,0.0,0.0,1,"[""SEG-ALTA-RENDA"", ""SEG-CREDITO-ATIVO"", ""SEG-SEM-CARTAO"", ""SEG-INVESTIDOR-INICIANTE"", ""SEG-POUPADOR"", ""SEG-CONTRIBUINTE-IR"", ""SEG-PERFIL-FAMILIAR""]",0
40450,2022-04-28,N,BR,F,54,2003-06-03,0.0,230,1.0,,1.0,A,S,N,,KAT,N,SP,1.0,46341.77,01 - ALTA RENDA,0,0,1,0,0,0,0,0,0,0,0,1,0,1,0,0,0,0,0,0,0,0.0,0.0,0,"[""SEG-VIP"", ""SEG-CREDITO-ATIVO"", ""SEG-SEM-CARTAO"", ""SEG-POUPADOR"", ""SEG-CONTRIBUINTE-IR"", ""SEG-INVESTIDOR-EXPERIENTE"", ""SEG-PERFIL-FAMILIAR""]",0
397501,2023-05-28,N,BR,F,49,2009-12-23,0.0,161,1.0,,1.0,A,S,N,,KAT,N,SP,1.0,48052.06,01 - ALTA RENDA,0,0,0,0,1,0,0,0,0,0,0,1,1,1,0,0,0,1,0,0,0,1.0,1.0,1,"[""SEG-VIP"", ""SEG-CREDITO-ATIVO"", ""SEG-SEM-CARTAO"", ""SEG-POUPADOR"", ""SEG-CONTRIBUINTE-IR"", ""SEG-INVESTIDOR-EXPERIENTE"", ""SEG-PERFIL-FAMILIAR""]",0
1099573,2023-03-28,N,BR,M,24,2019-11-13,0.0,40,1.0,,1.0,I,S,N,,KHE,N,RS,0.0,31757.41,03 - UNIVERSITARIO,0,0,1,0,0,0,0,0,0,0,0,0,0,0,0,0,0,0,0,0,0,0.0,0.0,0,"[""SEG-JOVEM""]",0
1004246,2022-12-28,N,BR,M,40,2019-02-06,0.0,46,1.0,,1.0,I,S,N,,KFC,N,SP,0.0,100455.95,02 - VAREJO,0,0,0,0,0,0,0,0,0,0,0,0,0,0,0,0,0,0,0,0,0,0.0,0.0,0,"[""SEG-ALTA-RENDA"", ""SEG-POUPADOR"", ""SEG-CONTRIBUINTE-IR""]",0
388284,2022-06-28,N,BR,M,35,2014-09-14,0.0,94,1.0,,1.0,A,S,N,,KAF,N,BA,1.0,105084.99,02 - VAREJO,0,0,1,0,0,0,0,0,0,0,0,0,0,0,0,0,0,0,0,0,0,0.0,0.0,0,"[""SEG-ALTA-RENDA"", ""SEG-CREDITO-ATIVO"", ""SEG-SEM-CARTAO"", ""SEG-INVESTIDOR-INICIANTE"", ""SEG-POUPADOR"", ""SEG-CONTRIBUINTE-IR"", ""SEG-PERFIL-FAMILIAR""]",0
519701,2023-05-28,N,BR,M,76,2012-02-24,0.0,59,1.0,,1.0,A,S,N,,KAT,N,SP,1.0,40607.98,02 - VAREJO,0,0,0,0,0,0,0,0,0,0,0,1,0,0,0,0,0,0,0,0,0,0.0,0.0,0,"[""SEG-SENIOR"", ""SEG-CREDITO-ATIVO"", ""SEG-SEM-CARTAO"", ""SEG-INVESTIDOR-INICIANTE"", ""SEG-POUPADOR""]",0
551943,2023-04-28,N,BR,F,43,2012-08-26,0.0,128,1.0,,1.0,A,S,N,,KAT,N,BA,1.0,32241.65,02 - VAREJO,0,0,1,0,0,0,0,0,0,0,0,0,0,0,0,0,0,0,0,0,0,0.0,0.0,1,"[""SEG-SEM-CARTAO"", ""SEG-INVESTIDOR-INICIANTE"", ""SEG-PERFIL-FAMILIAR""]",0
1058941,2022-06-28,N,BR,F,23,2019-09-12,0.0,34,1.0,,1.0,I,S,N,,KHE,N,SC,1.0,12566.42,03 - UNIVERSITARIO,0,0,1,0,0,0,0,0,0,0,0,0,0,0,0,0,0,0,0,0,0,0.0,0.0,0,"[""SEG-JOVEM"", ""SEG-SEM-CARTAO"", ""SEG-INVESTIDOR-INICIANTE"", ""SEG-VIAJANTE-EVENTO""]",1
442018,2022-11-28,N,BR,M,44,2010-10-28,0.0,145,1.0,,1.0,A,S,N,,KFC,N,SP,1.0,21620.15,02 - VAREJO,0,0,1,0,1,0,0,1,1,0,0,0,0,0,1,0,0,0,0,0,0,1.0,1.0,1,"[""SEG-SEM-CARTAO"", ""SEG-INVESTIDOR-INICIANTE"", ""SEG-PERFIL-FAMILIAR"", ""SEG-PROPRIETARIO""]",0
172711,2023-01-28,N,BR,F,46,2007-04-14,0.0,189,1.0,,1.0,A,S,N,,KFC,N,RJ,1.0,552660.6,01 - ALTA RENDA,0,0,1,0,1,0,0,0,1,0,0,0,0,1,0,0,0,0,1,1,0,1.0,1.0,1,"[""SEG-VIP"", ""SEG-ALTA-RENDA"", ""SEG-CREDITO-ATIVO"", ""SEG-POUPADOR"", ""SEG-CONTRIBUINTE-IR"", ""SEG-PERFIL-FAMILIAR""]",0
22450,2022-10-28,N,BR,F,49,2002-09-18,0.0,241,1.0,,1.0,A,S,N,,KAT,N,SP,1.0,285050.6,02 - VAREJO,0,0,1,0,0,0,0,0,0,0,0,0,0,0,0,0,0,0,0,1,0,0.0,0.0,0,"[""SEG-ALTA-RENDA"", ""SEG-CREDITO-ATIVO"", ""SEG-SEM-CARTAO"", ""SEG-INVESTIDOR-INICIANTE"", ""SEG-POUPADOR"", ""SEG-CONTRIBUINTE-IR"", ""SEG-PERFIL-FAMILIAR""]",0
309213,2023-05-28,N,BR,F,87,2008-12-19,0.0,173,1.0,,1.0,A,S,N,,KFC,N,SP,1.0,16590.79,02 - VAREJO,0,0,1,0,0,0,0,0,0,0,0,0,1,0,0,0,0,0,0,0,0,0.0,0.0,0,"[""SEG-SENIOR"", ""SEG-SEM-CARTAO"", ""SEG-INVESTIDOR-INICIANTE""]",0
31434,2023-05-28,N,BR,F,56,2003-01-18,0.0,244,1.0,,1.0,I,S,N,,KAT,N,AC,1.0,14537.81,02 - VAREJO,0,0,0,0,0,0,0,0,0,0,0,0,0,0,0,0,0,1,0,0,0,0.0,0.0,0,"[""SEG-SENIOR"", ""SEG-SEM-CARTAO"", ""SEG-INVESTIDOR-INICIANTE"", ""SEG-PERFIL-FAMILIAR""]",0
1429097,2022-12-28,N,BR,M,59,2022-08-05,1.0,3,99.0,2022-12-24,1,I,S,N,,KHN,N,BA,0.0,277107.04,02 - VAREJO,0,0,0,0,0,0,0,0,0,0,0,0,0,0,0,0,0,0,0,0,0,0.0,0.0,0,"[""SEG-SENIOR"", ""SEG-POUPADOR"", ""SEG-CONTRIBUINTE-IR"", ""SEG-VIAJANTE-EVENTO""]",1
224036,2022-06-28,N,BR,M,72,2008-02-21,0.0,156,1.0,,1.0,A,S,N,,KAT,N,SP,1.0,24734.5,02 - VAREJO,0,0,0,0,1,0,0,0,0,0,0,1,0,0,0,0,0,0,0,0,0,1.0,1.0,1,"[""SEG-SENIOR"", ""SEG-SEM-CARTAO"", ""SEG-INVESTIDOR-INICIANTE""]",0
418419,2023-04-28,N,BR,M,50,2010-12-05,0.0,148,1.0,,1.0,A,S,S,,KAT,N,SP,1.0,13190.04,02 - VAREJO,0,0,1,0,0,0,0,0,0,0,0,0,0,0,1,0,0,1,0,0,0,0.0,0.0,1,"[""SEG-SEM-CARTAO"", ""SEG-INVESTIDOR-INICIANTE"", ""SEG-PERFIL-FAMILIAR"", ""SEG-PROPRIETARIO""]",0
1018781,2022-05-28,N,BR,F,37,2019-06-05,0.0,37,1.0,,1.0,A,S,N,,KAT,N,BA,1.0,51506.59,02 - VAREJO,0,0,1,0,0,0,0,0,0,0,0,0,0,0,0,0,0,0,0,0,0,0.0,0.0,0,"[""SEG-CREDITO-ATIVO"", ""SEG-SEM-CARTAO"", ""SEG-INVESTIDOR-INICIANTE"", ""SEG-POUPADOR"", ""SEG-CONTRIBUINTE-IR"", ""SEG-PERFIL-FAMILIAR""]",0
1047734,2022-06-28,N,BR,F,21,2019-08-08,0.0,35,1.0,,1.0,I,S,N,,KHE,N,RJ,0.0,38461.21,03 - UNIVERSITARIO,0,0,1,0,0,0,0,0,0,0,0,0,0,0,0,0,0,0,0,0,0,0.0,0.0,0,"[""SEG-JOVEM"", ""SEG-POUPADOR""]",0
236913,2023-03-28,N,BR,M,41,2008-04-04,0.0,175,1.0,,1.0,A,S,S,,KFA,N,RJ,1.0,53601.78,01 - ALTA RENDA,0,0,0,0,1,0,0,0,1,0,0,0,0,0,0,0,0,0,0,0,0,1.0,1.0,1,"[""SEG-VIP"", ""SEG-CREDITO-ATIVO"", ""SEG-SEM-CARTAO"", ""SEG-INVESTIDOR-INICIANTE"", ""SEG-POUPADOR"", ""SEG-CONTRIBUINTE-IR"", ""SEG-PERFIL-FAMILIAR""]",0
925496,2023-02-28,N,BR,F,35,2018-08-01,0.0,55,1.0,,1.0,A,S,N,,KHE,N,SP,1.0,138938.76,02 - VAREJO,0,0,1,0,0,0,0,0,0,0,0,0,0,0,0,0,0,0,0,0,0,0.0,0.0,0,"[""SEG-ALTA-RENDA"", ""SEG-CREDITO-ATIVO"", ""SEG-SEM-CARTAO"", ""SEG-INVESTIDOR-INICIANTE"", ""SEG-POUPADOR"", ""SEG-CONTRIBUINTE-IR"", ""SEG-PERFIL-FAMILIAR""]",0
1465949,2022-12-28,N,BR,M,22,2022-10-01,1.0,3,1.0,,1,A,S,N,,KHQ,N,GO,1.0,26646.83,03 - UNIVERSITARIO,0,0,1,0,0,0,0,0,0,0,0,0,0,0,0,0,0,0,0,0,0,0.0,0.0,0,"[""SEG-JOVEM"", ""SEG-SEM-CARTAO"", ""SEG-INVESTIDOR-INICIANTE""]",0
110833,2023-04-28,N,BR,F,50,2005-11-10,0.0,209,1.0,,1.0,A,S,N,,KFC,N,GO,1.0,49800.38,02 - VAREJO,0,0,1,0,1,0,0,0,0,0,0,0,0,0,1,0,0,1,0,0,0,1.0,1.0,1,"[""SEG-CREDITO-ATIVO"", ""SEG-SEM-CARTAO"", ""SEG-INVESTIDOR-INICIANTE"", ""SEG-POUPADOR"", ""SEG-CONTRIBUINTE-IR"", ""SEG-PERFIL-FAMILIAR"", ""SEG-PROPRIETARIO""]",0
366862,2023-05-28,N,BR,M,49,2009-07-01,0.0,167,1.0,,1.0,A,S,N,,KAT,N,PA,1.0,81711.64,02 - VAREJO,0,0,1,0,0,0,0,1,0,0,0,0,0,0,0,0,0,0,0,0,0,0.0,0.0,0,"[""SEG-ALTA-RENDA"", ""SEG-CREDITO-ATIVO"", ""SEG-SEM-CARTAO"", ""SEG-INVESTIDOR-INICIANTE"", ""SEG-POUPADOR"", ""SEG-CONTRIBUINTE-IR"", ""SEG-PERFIL-FAMILIAR""]",0
725171,2022-11-28,N,BR,F,70,2014-10-11,0.0,97,1.0,,1.0,I,S,N,,KAT,N,MA,0.0,12059.88,02 - VAREJO,0,0,0,0,0,0,0,0,0,0,0,0,0,0,0,0,0,0,0,0,0,0.0,0.0,0,"[""SEG-SENIOR"", ""SEG-VIAJANTE-EVENTO""]",1
81662,2023-03-28,N,BR,M,57,2005-01-07,0.0,218,1.0,,1.0,I,S,N,,KAT,N,SP,0.0,281797.62,02 - VAREJO,0,0,1,0,0,0,0,0,0,0,0,0,0,0,0,0,0,0,0,0,0,0.0,0.0,0,"[""SEG-SENIOR"", ""SEG-POUPADOR"", ""SEG-CONTRIBUINTE-IR""]",0
912828,2022-12-28,N,BR,F,39,2018-05-16,0.0,55,1.0,,1,A,S,N,,KFC,N,GO,1.0,8978.59,02 - VAREJO,0,0,1,0,0,0,0,0,0,0,0,0,0,0,0,0,0,0,0,0,0,0.0,0.0,1,"[""SEG-SEM-CARTAO"", ""SEG-INVESTIDOR-INICIANTE"", ""SEG-PERFIL-FAMILIAR"", ""SEG-VIAJANTE-EVENTO""]",1
279894,2023-01-28,N,BR,F,45,2009-05-30,0.0,164,1.0,,1.0,A,S,N,,KAT,N,MG,1.0,16327.67,02 - VAREJO,0,0,1,0,0,0,0,1,0,0,0,0,0,1,0,0,0,0,0,0,0,0.0,0.0,0,"[""SEG-SEM-CARTAO"", ""SEG-INVESTIDOR-EXPERIENTE"", ""SEG-PERFIL-FAMILIAR""]",0
1424496,2022-10-28,N,BR,M,51,2022-08-01,1.0,2,1.0,,1,I,S,N,,KHQ,N,SP,0.0,17088.02,02 - VAREJO,0,0,0,0,0,0,0,0,0,0,0,0,0,0,0,0,0,0,0,0,0,0.0,0.0,0,"[""SEG-VIAJANTE-EVENTO""]",1
673409,2022-12-28,N,BR,M,75,2014-01-31,0.0,107,1.0,,1.0,A,S,N,,KFA,N,SP,1.0,153255.0,01 - ALTA RENDA,0,0,1,0,0,0,0,0,0,0,0,0,1,1,0,0,0,0,0,1,0,0.0,0.0,0,"[""SEG-VIP"", ""SEG-SENIOR"", ""SEG-CREDITO-ATIVO"", ""SEG-SEM-CARTAO"", ""SEG-POUPADOR""]",0
251515,2022-02-28,N,BR,M,70,2008-06-06,0.0,169,1.0,,1.0,A,S,N,,KAT,N,SP,1.0,292843.78,02 - VAREJO,0,0,1,0,0,0,0,1,0,0,0,0,0,0,0,0,0,0,0,0,0,0.0,0.0,0,"[""SEG-SENIOR"", ""SEG-CREDITO-ATIVO"", ""SEG-SEM-CARTAO"", ""SEG-INVESTIDOR-INICIANTE"", ""SEG-POUPADOR""]",0
962369,2022-08-28,N,BR,M,25,2018-10-14,0.0,46,1.0,,1.0,I,S,N,,KHE,N,RS,0.0,32703.2,03 - UNIVERSITARIO,0,0,1,0,0,0,0,0,0,0,0,0,0,0,0,0,0,0,0,0,0,0.0,0.0,0,"[""SEG-JOVEM""]",0
999521,2023-03-28,N,BR,M,33,2018-12-27,0.0,51,1.0,,1.0,I,S,N,,KFC,N,SP,0.0,69057.57,02 - VAREJO,0,0,0,0,0,0,0,0,0,0,0,0,0,0,0,0,0,0,0,0,0,0.0,0.0,0,"[""SEG-ALTA-RENDA"", ""SEG-POUPADOR"", ""SEG-CONTRIBUINTE-IR""]",0
1149873,2023-03-28,N,BR,M,22,2020-07-29,0.0,32,1.0,,1.0,A,S,N,,KHE,N,MA,1.0,32549.03,03 - UNIVERSITARIO,0,0,1,0,0,0,0,0,0,0,0,0,0,0,0,0,0,0,0,0,0,0.0,0.0,0,"[""SEG-JOVEM"", ""SEG-SEM-CARTAO"", ""SEG-INVESTIDOR-INICIANTE""]",0
71276,2023-03-28,N,BR,M,44,2004-10-27,0.0,221,1.0,,1.0,A,S,N,,KAS,N,SP,1.0,165772.27,02 - VAREJO,0,0,0,0,1,0,0,1,1,0,0,0,0,0,0,0,0,1,1,0,0,0.0,0.0,1,"[""SEG-ALTA-RENDA"", ""SEG-CREDITO-ATIVO"", ""SEG-INVESTIDOR-INICIANTE"", ""SEG-POUPADOR"", ""SEG-CONTRIBUINTE-IR"", ""SEG-PERFIL-FAMILIAR""]",0
1511913,2023-04-28,N,BR,F,36,2022-11-30,1.0,5,1.0,,1.0,A,S,N,,KHN,N,SP,1.0,69429.45,02 - VAREJO,0,0,0,0,1,0,1,0,0,0,0,0,0,0,0,0,0,0,1,0,0,1.0,1.0,1,"[""SEG-ALTA-RENDA"", ""SEG-INVESTIDOR-INICIANTE"", ""SEG-POUPADOR"", ""SEG-CONTRIBUINTE-IR"", ""SEG-PERFIL-FAMILIAR""]",0
1116222,2023-04-28,N,BR,M,19,2020-01-10,0.0,39,1.0,,1.0,A,S,N,,KFA,N,SP,1.0,146344.48,02 - VAREJO,0,0,0,0,0,1,0,0,0,0,0,0,0,0,0,0,0,0,0,0,0,0.0,0.0,0,"[""SEG-JOVEM"", ""SEG-CREDITO-ATIVO"", ""SEG-SEM-CARTAO"", ""SEG-INVESTIDOR-INICIANTE"", ""SEG-POUPADOR""]",0
445285,2022-01-28,N,BR,F,73,2010-11-18,0.0,140,1.0,,1.0,A,S,N,,KAT,N,GO,1.0,51333.12,02 - VAREJO,0,0,1,0,0,0,0,1,0,0,0,0,0,0,0,0,0,0,0,0,0,0.0,0.0,0,"[""SEG-SENIOR"", ""SEG-CREDITO-ATIVO"", ""SEG-SEM-CARTAO"", ""SEG-INVESTIDOR-INICIANTE"", ""SEG-POUPADOR""]",0
94824,2023-01-28,N,BR,F,49,2005-05-04,0.0,213,1.0,,1.0,A,S,N,,KAS,N,SP,1.0,32020.71,01 - ALTA RENDA,0,0,0,0,1,0,0,1,1,0,0,0,1,0,0,0,0,0,0,1,0,1.0,1.0,1,"[""SEG-VIP"", ""SEG-SEM-CARTAO"", ""SEG-INVESTIDOR-INICIANTE"", ""SEG-PERFIL-FAMILIAR"", ""SEG-VIAJANTE-EVENTO""]",1
534871,2022-09-28,N,BR,M,56,2012-06-06,0.0,123,1.0,,1.0,I,S,N,,KAT,N,PR,0.0,45795.97,02 - VAREJO,0,0,0,0,0,0,0,1,0,0,0,0,0,0,0,0,0,0,0,0,0,0.0,0.0,0,"[""SEG-SENIOR"", ""SEG-POUPADOR"", ""SEG-CONTRIBUINTE-IR""]",0
451964,2022-12-28,N,BR,F,52,2011-01-07,0.0,143,1.0,,1.0,A,S,N,,KAG,N,SP,1.0,73610.92,02 - VAREJO,0,0,1,0,0,0,0,1,0,0,0,0,0,0,0,0,0,0,0,0,0,0.0,0.0,0,"[""SEG-ALTA-RENDA"", ""SEG-CREDITO-ATIVO"", ""SEG-SEM-CARTAO"", ""SEG-INVESTIDOR-INICIANTE"", ""SEG-POUPADOR"", ""SEG-CONTRIBUINTE-IR"", ""SEG-PERFIL-FAMILIAR"", ""SEG-VIAJANTE-EVENTO""]",1
313845,2022-11-28,N,BR,M,44,2009-01-09,0.0,166,1.0,,1.0,A,S,N,,KAT,N,SP,1.0,98139.66,02 - VAREJO,0,0,1,0,0,0,0,1,0,0,0,0,0,0,0,0,0,0,0,0,0,0.0,0.0,1,"[""SEG-ALTA-RENDA"", ""SEG-CREDITO-ATIVO"", ""SEG-SEM-CARTAO"", ""SEG-INVESTIDOR-INICIANTE"", ""SEG-POUPADOR"", ""SEG-CONTRIBUINTE-IR"", ""SEG-PERFIL-FAMILIAR""]",0
272214,2023-01-28,N,BR,F,47,2008-09-17,0.0,172,1.0,,1,I,S,N,,KAT,N,SP,1.0,160975.93,02 - VAREJO,0,0,1,0,0,0,0,1,0,0,0,0,0,0,0,0,0,0,0,0,0,0.0,0.0,0,"[""SEG-ALTA-RENDA"", ""SEG-CREDITO-ATIVO"", ""SEG-SEM-CARTAO"", ""SEG-INVESTIDOR-INICIANTE"", ""SEG-POUPADOR"", ""SEG-CONTRIBUINTE-IR"", ""SEG-PERFIL-FAMILIAR""]",0
92574,2023-04-28,N,BR,F,59,2005-04-14,0.0,216,1.0,,1.0,A,S,N,,KAT,N,RJ,1.0,185816.81,02 - VAREJO,0,0,0,0,1,0,0,1,0,0,0,0,0,0,1,0,0,0,1,0,0,1.0,1.0,1,"[""SEG-SENIOR"", ""SEG-CREDITO-ATIVO"", ""SEG-INVESTIDOR-INICIANTE"", ""SEG-POUPADOR"", ""SEG-CONTRIBUINTE-IR"", ""SEG-PERFIL-FAMILIAR"", ""SEG-PROPRIETARIO""]",0
133796,2022-10-28,N,BR,M,44,2006-06-07,0.0,196,1.0,,1,A,S,N,,KAT,N,SP,1.0,12419.28,02 - VAREJO,0,0,1,0,0,0,0,1,1,0,0,1,0,0,1,0,0,0,0,0,0,0.0,0.0,1,"[""SEG-SEM-CARTAO"", ""SEG-INVESTIDOR-INICIANTE"", ""SEG-PERFIL-FAMILIAR"", ""SEG-PROPRIETARIO""]",0
485679,2023-02-28,N,BR,M,41,2019-05-25,0.0,139,1.0,,1.0,A,S,S,,KAT,N,SP,1.0,98981.21,02 - VAREJO,0,0,0,0,1,0,0,0,0,0,0,0,0,0,0,0,0,1,0,0,0,1.0,1.0,1,"[""SEG-ALTA-RENDA"", ""SEG-CREDITO-ATIVO"", ""SEG-SEM-CARTAO"", ""SEG-INVESTIDOR-INICIANTE"", ""SEG-POUPADOR"", ""SEG-CONTRIBUINTE-IR"", ""SEG-PERFIL-FAMILIAR""]",0
1396083,2023-05-28,N,BR,F,66,2022-05-08,0.0,12,1.0,,1,A,S,N,,KHN,N,PE,1.0,38114.39,01 - ALTA RENDA,0,0,0,0,0,0,0,0,0,0,0,1,0,0,0,0,0,0,0,0,0,0.0,0.0,0,"[""SEG-VIP"", ""SEG-SENIOR"", ""SEG-CREDITO-ATIVO"", ""SEG-SEM-CARTAO"", ""SEG-INVESTIDOR-INICIANTE"", ""SEG-POUPADOR""]",0
1426467,2022-12-28,N,BR,M,20,2022-08-03,1.0,5,1.0,,1,A,S,N,,KHQ,N,RJ,1.0,40667.23,03 - UNIVERSITARIO,0,0,1,0,0,0,0,0,0,0,0,0,0,0,0,0,0,0,0,0,0,0.0,0.0,0,"[""SEG-JOVEM"", ""SEG-SEM-CARTAO"", ""SEG-INVESTIDOR-INICIANTE"", ""SEG-POUPADOR"", ""SEG-VIAJANTE-EVENTO""]",1
490390,2023-01-28,N,BR,M,51,2011-09-09,0.0,136,1.0,,1.0,I,S,N,,KFC,N,BA,0.0,85107.24,02 - VAREJO,0,0,0,0,0,0,0,0,0,0,0,0,0,0,0,0,0,0,0,0,0,0.0,0.0,0,"[""SEG-ALTA-RENDA"", ""SEG-POUPADOR"", ""SEG-CONTRIBUINTE-IR""]",0
1245356,2022-08-28,N,BR,M,35,2021-02-25,0.0,18,1.0,,1.0,A,S,S,,KFC,N,RJ,1.0,63037.59,02 - VAREJO,0,0,1,0,0,0,0,0,0,0,0,0,0,0,0,0,0,0,0,0,0,0.0,0.0,1,"[""SEG-ALTA-RENDA"", ""SEG-CREDITO-ATIVO"", ""SEG-SEM-CARTAO"", ""SEG-INVESTIDOR-INICIANTE"", ""SEG-POUPADOR"", ""SEG-CONTRIBUINTE-IR"", ""SEG-PERFIL-FAMILIAR""]",0
603729,2023-04-28,N,BR,F,48,2013-03-21,0.0,121,1.0,,1.0,I,S,N,,KFC,N,RJ,0.0,163264.32,02 - VAREJO,0,0,0,0,0,0,0,0,0,0,0,0,0,0,0,0,0,0,0,0,0,0.0,0.0,0,"[""SEG-ALTA-RENDA"", ""SEG-POUPADOR"", ""SEG-CONTRIBUINTE-IR""]",0
21731,2023-05-28,N,BR,M,50,2002-09-29,0.0,217,1.0,,1.0,A,S,N,,KAT,N,RJ,1.0,177706.38,02 - VAREJO,0,0,0,0,0,0,0,0,0,0,0,0,0,0,1,1,0,1,0,0,0,0.0,0.0,0,"[""SEG-ALTA-RENDA"", ""SEG-CREDITO-ATIVO"", ""SEG-SEM-CARTAO"", ""SEG-INVESTIDOR-INICIANTE"", ""SEG-POUPADOR"", ""SEG-PERFIL-FAMILIAR"", ""SEG-PROPRIETARIO""]",0
1515004,2023-04-28,N,BR,F,42,2022-12-10,1.0,4,1.0,,1,I,S,N,,KHN,N,RJ,0.0,58471.24,02 - VAREJO,0,0,0,0,0,0,0,0,0,0,0,0,0,0,0,0,0,0,0,0,0,0.0,0.0,0,"[""SEG-POUPADOR"", ""SEG-CONTRIBUINTE-IR""]",0
241007,2022-12-28,N,BR,M,44,2008-04-18,0.0,175,1.0,,1,I,S,N,,KAT,N,RJ,0.0,123657.83,02 - VAREJO,0,0,1,0,0,0,0,1,0,0,0,0,0,0,0,0,0,0,0,0,0,0.0,0.0,0,"[""SEG-ALTA-RENDA"", ""SEG-POUPADOR"", ""SEG-CONTRIBUINTE-IR""]",0
295512,2023-02-28,N,BR,F,51,2008-11-13,0.0,171,1.0,,1.0,A,S,N,,KFC,N,RN,1.0,23545.56,02 - VAREJO,0,0,1,0,0,0,0,1,0,0,0,0,0,1,0,0,0,0,0,0,0,0.0,0.0,0,"[""SEG-SEM-CARTAO"", ""SEG-INVESTIDOR-EXPERIENTE"", ""SEG-PERFIL-FAMILIAR""]",0
1323707,2023-04-28,N,BR,M,24,2021-10-03,0.0,18,1.0,,1,A,S,N,,KHE,N,AC,1.0,15593.01,03 - UNIVERSITARIO,0,0,1,0,0,0,0,0,0,0,0,0,0,0,0,0,0,0,0,0,0,0.0,0.0,0,"[""SEG-JOVEM"", ""SEG-SEM-CARTAO"", ""SEG-INVESTIDOR-INICIANTE"", ""SEG-VIAJANTE-EVENTO""]",1
1343526,2022-12-28,N,BR,M,100,2021-10-29,0.0,13,99.0,2022-12-07,1.0,A,S,N,,KFA,S,SP,0.0,662463.35,01 - ALTA RENDA,0,0,0,0,0,0,0,0,0,0,0,0,0,0,0,0,0,0,0,0,0,0.0,0.0,0,"[""SEG-VIP"", ""SEG-SENIOR"", ""SEG-POUPADOR""]",0
792832,2023-04-28,N,BR,F,76,2015-09-09,0.0,91,1.0,,1.0,A,S,N,,KAJ,N,BA,1.0,44120.27,02 - VAREJO,0,0,1,0,0,0,0,0,0,0,0,0,0,0,0,0,0,0,0,0,0,0.0,0.0,0,"[""SEG-SENIOR"", ""SEG-CREDITO-ATIVO"", ""SEG-SEM-CARTAO"", ""SEG-INVESTIDOR-INICIANTE"", ""SEG-POUPADOR""]",0
437959,2023-02-28,N,BR,F,80,2010-10-03,0.0,148,1.0,,1,I,S,N,,KAT,N,SP,0.0,198205.71,02 - VAREJO,0,0,0,0,0,0,0,0,0,0,0,0,0,0,0,0,0,0,0,0,0,0.0,0.0,0,"[""SEG-SENIOR"", ""SEG-POUPADOR"", ""SEG-VIAJANTE-EVENTO""]",1
372211,2023-05-28,N,BR,M,72,2009-07-15,0.0,166,1.0,,1.0,A,S,N,,KAT,N,SP,1.0,280712.36,02 - VAREJO,0,0,1,0,0,0,0,1,0,0,0,0,0,0,0,0,0,0,0,0,0,0.0,0.0,1,"[""SEG-SENIOR"", ""SEG-CREDITO-ATIVO"", ""SEG-SEM-CARTAO"", ""SEG-INVESTIDOR-INICIANTE"", ""SEG-POUPADOR"", ""SEG-VIAJANTE-EVENTO""]",1
105011,2023-03-28,N,BR,F,51,2005-09-09,0.0,210,1.0,,1.0,A,S,N,,KAY,N,RJ,1.0,110388.37,02 - VAREJO,0,0,0,0,0,0,0,1,0,0,0,0,0,0,1,0,0,0,0,0,0,0.0,0.0,0,"[""SEG-ALTA-RENDA"", ""SEG-CREDITO-ATIVO"", ""SEG-SEM-CARTAO"", ""SEG-INVESTIDOR-INICIANTE"", ""SEG-POUPADOR"", ""SEG-CONTRIBUINTE-IR"", ""SEG-PERFIL-FAMILIAR"", ""SEG-PROPRIETARIO""]",0
1155497,2023-05-28,N,BR,M,21,2020-08-03,0.0,33,1.0,,1,A,S,N,,KAT,N,GO,1.0,34832.52,03 - UNIVERSITARIO,0,0,1,0,0,0,0,0,0,0,0,0,0,0,0,0,0,0,0,0,0,0.0,0.0,0,"[""SEG-JOVEM"", ""SEG-CREDITO-ATIVO"", ""SEG-SEM-CARTAO"", ""SEG-INVESTIDOR-INICIANTE"", ""SEG-POUPADOR"", ""SEG-VIAJANTE-EVENTO""]",1
985969,2022-12-28,N,BR,M,25,2018-11-28,0.0,49,1.0,,1.0,I,S,N,,KHE,N,RS,0.0,38813.53,03 - UNIVERSITARIO,0,0,0,0,0,0,0,0,0,0,0,0,0,0,0,0,0,0,0,0,0,0.0,0.0,0,"[""SEG-JOVEM"", ""SEG-POUPADOR""]",0
1500016,2023-04-28,N,BR,F,59,2022-11-06,1.0,5,1.0,,1.0,A,S,N,,KHM,N,BA,0.0,24194.78,02 - VAREJO,0,0,1,0,0,0,0,0,0,0,0,0,0,0,0,0,0,0,0,0,0,0.0,0.0,0,"[""SEG-SENIOR"", ""SEG-VIAJANTE-EVENTO""]",1
1286254,2022-06-28,N,BR,F,20,2021-07-31,0.0,12,1.0,,1.0,A,S,N,,KHE,N,TO,1.0,43337.67,03 - UNIVERSITARIO,0,0,1,0,0,0,0,0,0,0,0,0,0,0,0,0,0,0,0,0,0,0.0,0.0,0,"[""SEG-JOVEM"", ""SEG-CREDITO-ATIVO"", ""SEG-SEM-CARTAO"", ""SEG-INVESTIDOR-INICIANTE"", ""SEG-POUPADOR""]",0
1159881,2022-01-28,N,BR,F,24,2020-08-08,0.0,23,1.0,,1.0,A,S,N,,KHE,N,MG,1.0,35541.16,03 - UNIVERSITARIO,0,0,1,0,0,0,0,0,0,0,0,0,0,0,0,0,0,0,0,0,0,0.0,0.0,0,"[""SEG-JOVEM"", ""SEG-CREDITO-ATIVO"", ""SEG-SEM-CARTAO"", ""SEG-INVESTIDOR-INICIANTE"", ""SEG-POUPADOR""]",0
917017,2022-08-28,N,BR,F,25,2018-07-01,0.0,50,1.0,,1,A,S,N,,KHD,N,RO,1.0,33002.09,03 - UNIVERSITARIO,0,0,1,0,0,0,0,0,0,0,0,0,0,0,0,0,0,0,0,1,0,0.0,0.0,0,"[""SEG-JOVEM"", ""SEG-SEM-CARTAO"", ""SEG-INVESTIDOR-INICIANTE"", ""SEG-PERFIL-FAMILIAR""]",0
477155,2022-11-28,N,BR,M,41,2011-05-31,0.0,138,1.0,,1.0,A,S,N,,KFC,N,SP,1.0,80624.9,01 - ALTA RENDA,0,0,0,0,1,0,0,0,1,0,0,1,1,0,0,0,0,0,0,0,0,0.0,0.0,0,"[""SEG-VIP"", ""SEG-ALTA-RENDA"", ""SEG-CREDITO-ATIVO"", ""SEG-SEM-CARTAO"", ""SEG-INVESTIDOR-INICIANTE"", ""SEG-POUPADOR"", ""SEG-CONTRIBUINTE-IR"", ""SEG-PERFIL-FAMILIAR""]",0
196600,2023-02-28,N,BR,F,55,2007-10-04,0.0,184,1.0,,1.0,A,S,N,,KAT,N,DF,1.0,28946.72,02 - VAREJO,0,0,1,0,0,0,0,1,0,0,0,0,0,0,0,0,0,0,0,0,0,0.0,0.0,0,"[""SEG-SENIOR"", ""SEG-SEM-CARTAO"", ""SEG-INVESTIDOR-INICIANTE"", ""SEG-PERFIL-FAMILIAR""]",0
434575,2023-04-28,N,BR,M,47,2010-09-11,0.0,151,1.0,,1,A,S,N,,KFC,N,SP,1.0,36724.76,02 - VAREJO,0,0,1,0,0,0,0,1,0,0,0,0,0,0,0,0,0,0,0,0,0,0.0,0.0,1,"[""SEG-CREDITO-ATIVO"", ""SEG-SEM-CARTAO"", ""SEG-INVESTIDOR-INICIANTE"", ""SEG-POUPADOR"", ""SEG-PERFIL-FAMILIAR"", ""SEG-VIAJANTE-EVENTO""]",1
1510915,2023-05-28,N,BR,F,58,2022-11-28,1.0,6,1.0,,1.0,A,S,N,,KHM,N,SE,1.0,13559.27,01 - ALTA RENDA,0,0,1,0,0,0,0,0,0,0,0,0,1,0,0,0,0,0,0,0,0,0.0,0.0,0,"[""SEG-VIP"", ""SEG-SENIOR"", ""SEG-SEM-CARTAO"", ""SEG-INVESTIDOR-INICIANTE"", ""SEG-PERFIL-FAMILIAR"", ""SEG-VIAJANTE-EVENTO""]",1
287147,2022-11-28,N,BR,F,59,2008-10-29,0.0,169,1.0,,1.0,A,S,N,,KAT,N,SP,1.0,90650.41,01 - ALTA RENDA,0,0,1,0,0,0,0,1,0,0,0,0,0,1,0,0,0,0,0,0,0,0.0,0.0,0,"[""SEG-VIP"", ""SEG-SENIOR"", ""SEG-CREDITO-ATIVO"", ""SEG-SEM-CARTAO"", ""SEG-POUPADOR"", ""SEG-CONTRIBUINTE-IR"", ""SEG-INVESTIDOR-EXPERIENTE"", ""SEG-PERFIL-FAMILIAR""]",0
1376968,2023-03-28,N,BR,M,51,2022-01-19,0.0,14,1.0,,1,A,S,N,,KHL,N,RJ,1.0,9495.77,02 - VAREJO,0,0,0,0,1,0,0,0,0,0,0,0,0,0,0,0,0,0,0,0,0,1.0,1.0,1,"[""SEG-SEM-CARTAO"", ""SEG-INVESTIDOR-INICIANTE"", ""SEG-PERFIL-FAMILIAR""]",0
589547,2023-02-28,N,BR,M,56,2022-12-01,0.0,121,1.0,,1.0,I,S,N,,KAW,N,BA,1.0,29117.48,02 - VAREJO,0,0,0,0,0,0,0,0,0,0,0,0,0,0,0,0,0,0,0,0,0,0.0,0.0,0,"[""SEG-SENIOR"", ""SEG-SEM-CARTAO"", ""SEG-INVESTIDOR-INICIANTE"", ""SEG-PERFIL-FAMILIAR""]",0
545566,2022-11-28,N,BR,F,63,2012-08-04,1.0,3,1.0,,1.0,A,S,N,,KHN,N,RO,1.0,42532.8,01 - ALTA RENDA,0,0,0,0,0,0,0,0,0,0,0,1,0,0,0,0,0,0,0,0,0,0.0,0.0,0,"[""SEG-VIP"", ""SEG-SENIOR"", ""SEG-SEM-CARTAO"", ""SEG-INVESTIDOR-INICIANTE"", ""SEG-POUPADOR""]",0
726795,2022-12-28,N,BR,M,42,2014-10-18,0.0,98,1.0,,1.0,I,S,N,,KFC,N,SP,0.0,62419.64,02 - VAREJO,0,0,0,0,0,0,0,0,0,0,0,0,0,0,0,0,0,0,0,0,0,0.0,0.0,0,"[""SEG-ALTA-RENDA"", ""SEG-POUPADOR"", ""SEG-CONTRIBUINTE-IR""]",0
1329133,2022-09-28,N,BR,F,20,2021-10-09,0.0,11,1.0,,1,I,S,S,,KHE,N,CE,0.0,103878.08,03 - UNIVERSITARIO,0,0,1,0,0,0,0,0,0,0,0,0,0,0,0,0,0,0,0,0,0,0.0,0.0,0,"[""SEG-JOVEM"", ""SEG-POUPADOR""]",0
808843,2022-10-28,N,BR,F,58,2015-10-24,0.0,84,1.0,,1.0,A,S,N,,KAT,N,SP,1.0,62322.34,02 - VAREJO,0,0,0,0,0,0,0,0,0,0,0,0,1,1,0,0,0,0,0,0,0,0.0,0.0,0,"[""SEG-SENIOR"", ""SEG-CREDITO-ATIVO"", ""SEG-SEM-CARTAO"", ""SEG-POUPADOR"", ""SEG-CONTRIBUINTE-IR"", ""SEG-INVESTIDOR-EXPERIENTE"", ""SEG-PERFIL-FAMILIAR""]",0
1462106,2022-11-28,N,BR,F,23,2022-09-28,1.0,2,1.0,,1,A,S,N,,KHQ,N,SP,0.0,68812.36,03 - UNIVERSITARIO,0,0,0,0,0,0,0,0,0,0,0,0,0,0,0,0,0,0,0,0,0,0.0,0.0,0,"[""SEG-JOVEM"", ""SEG-POUPADOR""]",0
639202,2023-01-28,N,BR,M,79,2013-09-04,0.0,94,1.0,,1.0,A,S,N,,,N,RJ,0.0,265268.23,,0,0,0,0,0,0,0,0,0,0,0,0,0,0,0,0,0,0,0,0,0,0.0,0.0,0,"[""SEG-SENIOR"", ""SEG-POUPADOR""]",0
1418860,2023-01-28,N,BR,M,26,2022-07-28,0.0,6,1.0,,1,A,S,N,,KHQ,N,GO,0.0,8204.93,03 - UNIVERSITARIO,0,0,1,0,0,0,0,0,0,0,0,0,0,0,0,0,0,0,0,0,0,0.0,0.0,0,"[""SEG-JOVEM""]",0
862792,2023-03-28,N,BR,M,70,2022-03-27,0.0,12,1.0,,1,A,S,N,,KAT,N,SP,1.0,26932.67,01 - ALTA RENDA,0,0,1,0,0,0,0,0,0,0,0,1,0,0,0,0,0,0,0,0,0,0.0,0.0,0,"[""SEG-VIP"", ""SEG-SENIOR"", ""SEG-SEM-CARTAO"", ""SEG-INVESTIDOR-INICIANTE""]",0
85425,2023-03-28,N,BR,M,89,2005-02-11,0.0,217,1.0,,1.0,A,S,N,,KAS,N,SP,1.0,64393.33,02 - VAREJO,0,0,1,0,0,0,0,1,0,0,0,0,0,1,0,0,0,0,0,0,0,0.0,0.0,0,"[""SEG-SENIOR"", ""SEG-CREDITO-ATIVO"", ""SEG-SEM-CARTAO"", ""SEG-POUPADOR"", ""SEG-INVESTIDOR-EXPERIENTE""]",0
925452,2023-05-28,N,BR,F,27,2018-08-01,0.0,58,1.0,,1.0,I,S,N,,KHE,N,RS,0.0,36983.18,03 - UNIVERSITARIO,0,0,1,0,0,0,0,0,0,0,0,0,0,0,0,0,0,0,0,0,0,0.0,0.0,0,"[""SEG-JOVEM"", ""SEG-POUPADOR""]",0
436349,2022-08-28,N,BR,F,50,2010-09-23,0.0,143,1.0,,1.0,A,S,N,,KFC,N,SP,1.0,8884.09,01 - ALTA RENDA,0,0,1,0,0,0,0,1,1,0,0,1,1,0,0,0,0,1,0,0,0,0.0,0.0,0,"[""SEG-VIP"", ""SEG-SEM-CARTAO"", ""SEG-INVESTIDOR-INICIANTE"", ""SEG-PERFIL-FAMILIAR""]",0
1457963,2023-05-28,N,BR,F,27,2022-09-23,0.0,8,1.0,,1.0,I,S,N,,KHQ,N,SP,0.0,68426.59,03 - UNIVERSITARIO,0,0,0,0,0,0,0,0,0,0,0,0,0,0,0,0,0,0,0,0,0,0.0,0.0,0,"[""SEG-JOVEM"", ""SEG-ALTA-RENDA"", ""SEG-POUPADOR""]",0
404517,2023-02-28,N,BR,M,42,2010-01-31,0.0,157,1.0,,1,A,S,N,,KAT,N,SP,0.0,48033.89,02 - VAREJO,0,0,0,0,0,0,0,0,0,0,0,0,0,0,0,0,0,0,0,0,0,0.0,0.0,0,"[""SEG-POUPADOR"", ""SEG-CONTRIBUINTE-IR""]",0
1065298,2022-10-28,N,BR,M,29,2019-09-24,0.0,37,1.0,,1.0,A,S,S,,KHE,N,SC,1.0,12172.37,03 - UNIVERSITARIO,0,0,0,0,1,0,0,0,0,0,0,0,0,0,0,0,0,0,0,0,0,0.0,0.0,0,"[""SEG-JOVEM"", ""SEG-SEM-CARTAO"", ""SEG-INVESTIDOR-INICIANTE"", ""SEG-PERFIL-FAMILIAR""]",0
1041954,2022-12-28,N,BR,M,25,2019-08-03,0.0,40,1.0,,1.0,A,S,N,,KHE,N,RS,1.0,28648.36,03 - UNIVERSITARIO,0,0,1,0,0,0,0,0,0,0,0,0,0,0,0,0,0,0,0,0,0,0.0,0.0,0,"[""SEG-JOVEM"", ""SEG-SEM-CARTAO"", ""SEG-INVESTIDOR-INICIANTE"", ""SEG-PERFIL-FAMILIAR"", ""SEG-VIAJANTE-EVENTO""]",1
1242552,2022-10-28,N,BR,F,46,2021-02-10,0.0,20,1.0,,1.0,A,S,N,,KFA,N,SP,1.0,282315.05,01 - ALTA RENDA,0,0,1,0,0,0,0,0,0,0,0,0,1,0,0,0,0,0,0,1,0,0.0,0.0,0,"[""SEG-VIP"", ""SEG-ALTA-RENDA"", ""SEG-CREDITO-ATIVO"", ""SEG-SEM-CARTAO"", ""SEG-INVESTIDOR-INICIANTE"", ""SEG-POUPADOR"", ""SEG-CONTRIBUINTE-IR"", ""SEG-PERFIL-FAMILIAR""]",0
59793,2023-01-28,N,BR,F,70,2004-10-14,0.0,178,1.0,,1.0,A,S,N,,KAT,N,SP,1.0,224669.84,01 - ALTA RENDA,0,0,0,0,0,0,0,0,0,0,0,1,1,1,0,1,0,0,0,0,0,0.0,0.0,1,"[""SEG-VIP"", ""SEG-SENIOR"", ""SEG-CREDITO-ATIVO"", ""SEG-SEM-CARTAO"", ""SEG-POUPADOR"", ""SEG-INVESTIDOR-EXPERIENTE""]",0
1400623,2022-11-28,N,BR,M,55,2022-06-09,1.0,5,1.0,,1,A,S,N,,KAT,N,SP,1.0,343552.2,02 - VAREJO,0,0,0,0,0,0,0,0,0,0,0,1,0,0,0,0,0,0,0,0,0,0.0,0.0,0,"[""SEG-SENIOR"", ""SEG-ALTA-RENDA"", ""SEG-SEM-CARTAO"", ""SEG-INVESTIDOR-INICIANTE"", ""SEG-POUPADOR"", ""SEG-CONTRIBUINTE-IR"", ""SEG-PERFIL-FAMILIAR""]",0
114640,2023-04-28,N,BR,F,53,2005-12-11,0.0,208,1.0,,1,A,S,N,,KAY,N,RJ,1.0,54365.63,02 - VAREJO,0,0,0,0,1,0,0,1,0,0,0,0,0,0,0,0,0,0,0,0,0,1.0,1.0,0,"[""SEG-CREDITO-ATIVO"", ""SEG-SEM-CARTAO"", ""SEG-INVESTIDOR-INICIANTE"", ""SEG-POUPADOR"", ""SEG-CONTRIBUINTE-IR"", ""SEG-PERFIL-FAMILIAR""]",0
62566,2023-02-28,N,BR,F,59,2004-12-17,0.0,218,1.0,,1.0,I,S,N,,KAT,N,SP,0.0,50479.35,02 - VAREJO,0,0,0,0,0,0,0,0,0,0,0,0,0,0,0,0,0,0,0,0,0,0.0,0.0,0,"[""SEG-SENIOR"", ""SEG-POUPADOR"", ""SEG-CONTRIBUINTE-IR""]",0
747784,2022-07-28,N,BR,F,37,2015-02-13,0.0,89,1.0,,1.0,I,S,N,,KAT,N,MG,0.0,36684.97,02 - VAREJO,0,0,0,0,0,0,0,0,0,0,0,0,0,0,0,0,0,0,0,0,0,0.0,0.0,0,"[""SEG-POUPADOR""]",0
745653,2022-03-28,N,BR,M,74,2015-05-06,0.0,86,1.0,,1.0,A,S,S,,KBZ,N,SP,1.0,67100.43,02 - VAREJO,0,0,1,0,0,0,0,0,0,0,0,0,0,0,0,0,0,0,0,0,0,0.0,0.0,0,"[""SEG-SENIOR"", ""SEG-CREDITO-ATIVO"", ""SEG-SEM-CARTAO"", ""SEG-INVESTIDOR-INICIANTE"", ""SEG-POUPADOR""]",0
888665,2022-09-28,N,BR,M,52,2017-08-16,0.0,61,1.0,,1.0,A,S,N,,KFA,N,SP,1.0,101368.7,01 - ALTA RENDA,0,0,1,0,0,0,1,0,0,0,0,1,0,0,0,0,0,0,0,0,0,0.0,0.0,0,"[""SEG-VIP"", ""SEG-ALTA-RENDA"", ""SEG-CREDITO-ATIVO"", ""SEG-SEM-CARTAO"", ""SEG-INVESTIDOR-INICIANTE"", ""SEG-POUPADOR"", ""SEG-CONTRIBUINTE-IR"", ""SEG-PERFIL-FAMILIAR""]",0
262998,2023-03-28,N,BR,F,54,2008-07-20,0.0,176,1.0,,1.0,A,S,N,,KFC,N,SP,1.0,108226.25,02 - VAREJO,0,0,0,0,1,0,0,0,1,0,0,0,0,0,1,0,0,1,1,0,0,1.0,1.0,1,"[""SEG-ALTA-RENDA"", ""SEG-CREDITO-ATIVO"", ""SEG-INVESTIDOR-INICIANTE"", ""SEG-POUPADOR"", ""SEG-CONTRIBUINTE-IR"", ""SEG-PERFIL-FAMILIAR"", ""SEG-PROPRIETARIO""]",0
281510,2023-03-28,N,BR,F,41,2008-10-11,0.0,173,1.0,,1.0,A,S,N,,KFC,N,PR,1.0,29942.03,02 - VAREJO,0,0,1,0,0,0,0,1,0,0,0,0,0,0,0,0,0,0,0,0,0,0.0,0.0,0,"[""SEG-SEM-CARTAO"", ""SEG-INVESTIDOR-INICIANTE"", ""SEG-PERFIL-FAMILIAR"", ""SEG-VIAJANTE-EVENTO""]",1
920305,2022-09-28,N,BR,F,24,2018-07-21,0.0,50,1.0,,1.0,I,S,N,,KHE,N,RS,0.0,126952.55,03 - UNIVERSITARIO,0,0,0,0,0,0,0,0,0,0,0,0,0,0,0,0,0,0,0,0,0,0.0,0.0,0,"[""SEG-JOVEM"", ""SEG-POUPADOR"", ""SEG-VIAJANTE-EVENTO""]",1
1175817,2023-05-28,N,BR,M,23,2020-09-13,0.0,32,1.0,,1.0,A,S,N,,KHE,N,PE,1.0,8863.59,03 - UNIVERSITARIO,0,0,1,0,0,0,0,0,0,0,0,0,0,0,0,0,0,0,0,0,0,0.0,0.0,0,"[""SEG-JOVEM"", ""SEG-SEM-CARTAO"", ""SEG-INVESTIDOR-INICIANTE""]",0
1242345,2022-04-28,N,BR,M,56,2021-02-06,0.0,17,1.0,,1.0,A,S,N,,KFA,N,SP,1.0,152148.61,02 - VAREJO,0,0,0,0,0,0,0,0,0,0,0,1,1,0,0,0,0,0,0,0,0,0.0,0.0,0,"[""SEG-SENIOR"", ""SEG-CREDITO-ATIVO"", ""SEG-SEM-CARTAO"", ""SEG-INVESTIDOR-INICIANTE"", ""SEG-POUPADOR"", ""SEG-CONTRIBUINTE-IR"", ""SEG-PERFIL-FAMILIAR""]",0
173762,2022-03-28,N,BR,F,53,2007-04-24,0.0,183,1.0,,1.0,A,S,N,,KAT,N,SP,1.0,94724.75,02 - VAREJO,0,0,1,0,0,0,0,0,0,0,0,0,1,0,0,0,0,0,0,0,0,0.0,0.0,0,"[""SEG-ALTA-RENDA"", ""SEG-CREDITO-ATIVO"", ""SEG-SEM-CARTAO"", ""SEG-INVESTIDOR-INICIANTE"", ""SEG-POUPADOR"", ""SEG-CONTRIBUINTE-IR"", ""SEG-PERFIL-FAMILIAR""]",0
544094,2022-09-28,N,BR,F,65,2012-07-28,0.0,122,1.0,,1.0,A,S,N,,KFA,N,SP,1.0,40491.97,02 - VAREJO,0,0,0,0,0,0,0,1,0,0,0,0,0,0,0,0,0,0,0,0,0,0.0,0.0,0,"[""SEG-SENIOR"", ""SEG-CREDITO-ATIVO"", ""SEG-SEM-CARTAO"", ""SEG-INVESTIDOR-INICIANTE"", ""SEG-POUPADOR""]",0
1274299,2022-09-28,N,BR,F,19,2021-07-22,0.0,14,1.0,,1.0,A,S,S,,KHE,N,RJ,1.0,81526.34,03 - UNIVERSITARIO,0,0,1,0,0,0,0,0,0,0,0,0,0,0,0,0,0,0,0,0,0,0.0,0.0,0,"[""SEG-JOVEM"", ""SEG-CREDITO-ATIVO"", ""SEG-SEM-CARTAO"", ""SEG-INVESTIDOR-INICIANTE"", ""SEG-POUPADOR""]",0
909124,2023-04-28,N,BR,F,49,2018-03-30,0.0,61,1.0,,1.0,A,S,N,,KFC,N,PA,1.0,103860.35,02 - VAREJO,0,0,1,0,0,0,0,0,0,0,0,0,0,0,0,0,0,0,0,0,0,0.0,0.0,0,"[""SEG-ALTA-RENDA"", ""SEG-CREDITO-ATIVO"", ""SEG-SEM-CARTAO"", ""SEG-INVESTIDOR-INICIANTE"", ""SEG-POUPADOR"", ""SEG-CONTRIBUINTE-IR"", ""SEG-PERFIL-FAMILIAR""]",0
1140536,2023-02-28,N,BR,M,33,2020-07-10,0.0,31,1.0,,1.0,A,S,N,,KFC,N,SP,1.0,31457.07,02 - VAREJO,0,0,1,0,0,0,0,0,0,0,0,0,0,1,0,0,0,1,0,0,0,0.0,0.0,0,"[""SEG-SEM-CARTAO"", ""SEG-INVESTIDOR-EXPERIENTE"", ""SEG-PERFIL-FAMILIAR""]",0
1408829,2023-01-28,N,BR,F,23,2022-07-20,0.0,6,1.0,,1,A,S,N,,KHQ,N,RJ,1.0,13197.33,03 - UNIVERSITARIO,0,0,1,0,0,0,0,0,0,0,0,0,0,0,0,0,0,0,0,0,0,0.0,0.0,0,"[""SEG-JOVEM"", ""SEG-SEM-CARTAO"", ""SEG-INVESTIDOR-INICIANTE"", ""SEG-VIAJANTE-EVENTO""]",1
188938,2023-01-28,N,BR,M,54,2010-05-12,0.0,152,1.0,,1.0,A,S,N,,KAT,N,SP,1.0,34161.35,02 - VAREJO,0,0,1,0,0,0,0,0,0,0,0,0,1,1,0,0,0,0,1,0,0,0.0,0.0,0,"[""SEG-CREDITO-ATIVO"", ""SEG-POUPADOR"", ""SEG-INVESTIDOR-EXPERIENTE"", ""SEG-PERFIL-FAMILIAR""]",0
1299806,2022-10-28,N,BR,M,20,2021-08-29,0.0,14,1.0,,1,A,S,S,,KHE,N,SP,1.0,8914.52,03 - UNIVERSITARIO,0,0,1,0,0,0,0,0,0,0,0,0,0,0,0,0,0,0,0,0,0,0.0,0.0,0,"[""SEG-JOVEM"", ""SEG-SEM-CARTAO"", ""SEG-INVESTIDOR-INICIANTE""]",0
657958,2023-03-28,N,BR,F,32,2013-11-19,0.0,112,1.0,,1.0,A,S,N,,KFC,N,PA,1.0,15322.65,03 - UNIVERSITARIO,0,0,1,0,0,0,0,0,0,0,0,0,0,1,0,0,0,0,0,0,0,0.0,0.0,0,"[""SEG-SEM-CARTAO"", ""SEG-INVESTIDOR-EXPERIENTE"", ""SEG-PERFIL-FAMILIAR""]",0
1138031,2022-05-28,N,BR,F,30,2020-06-20,0.0,25,1.0,,1.0,A,S,N,,KFC,N,SP,1.0,127434.98,02 - VAREJO,0,0,0,0,1,0,0,0,0,0,0,0,0,0,0,0,0,0,0,0,0,1.0,1.0,0,"[""SEG-ALTA-RENDA"", ""SEG-CREDITO-ATIVO"", ""SEG-SEM-CARTAO"", ""SEG-INVESTIDOR-INICIANTE"", ""SEG-POUPADOR"", ""SEG-CONTRIBUINTE-IR"", ""SEG-PERFIL-FAMILIAR""]",0
405221,2022-10-28,N,BR,F,56,2010-02-04,0.0,152,1.0,,1.0,A,S,N,,KAT,N,SE,1.0,26346.55,02 - VAREJO,0,0,1,0,0,0,0,0,0,0,0,0,0,1,0,0,0,0,0,0,0,0.0,0.0,0,"[""SEG-SENIOR"", ""SEG-SEM-CARTAO"", ""SEG-INVESTIDOR-EXPERIENTE"", ""SEG-PERFIL-FAMILIAR""]",0
1460912,2022-11-28,N,BR,M,21,2022-09-25,1.0,2,1.0,,1.0,A,S,N,,KHQ,N,MS,1.0,19053.43,03 - UNIVERSITARIO,0,0,1,0,0,0,0,0,0,0,0,0,0,0,0,0,0,0,0,0,0,0.0,0.0,0,"[""SEG-JOVEM"", ""SEG-INVESTIDOR-INICIANTE"", ""SEG-VIAJANTE-EVENTO""]",1
279283,2023-03-28,N,BR,M,55,2009-12-31,0.0,173,1.0,,1.0,I,S,N,,KAS,N,SP,0.0,54798.5,02 - VAREJO,0,0,0,0,0,0,0,0,0,0,0,0,0,0,0,0,0,0,0,0,0,0.0,0.0,0,"[""SEG-SENIOR"", ""SEG-POUPADOR"", ""SEG-CONTRIBUINTE-IR""]",0
1372504,2022-07-28,N,BR,F,21,2021-12-26,0.0,7,1.0,,1.0,I,S,N,,KHE,N,RJ,0.0,111770.64,03 - UNIVERSITARIO,0,0,0,0,0,0,0,0,0,0,0,0,0,0,0,0,0,0,0,0,0,0.0,0.0,0,"[""SEG-JOVEM"", ""SEG-POUPADOR""]",0
980403,2022-10-28,N,BR,M,24,2018-11-16,0.0,47,1.0,,1.0,A,S,N,,KFC,N,SP,1.0,137022.83,03 - UNIVERSITARIO,0,0,0,0,1,0,0,0,0,0,0,0,1,0,0,0,0,0,0,0,0,1.0,1.0,1,"[""SEG-JOVEM"", ""SEG-CREDITO-ATIVO"", ""SEG-SEM-CARTAO"", ""SEG-INVESTIDOR-INICIANTE"", ""SEG-POUPADOR""]",0
117892,2023-04-28,N,BR,F,75,2006-01-07,0.0,207,1.0,,1.0,A,S,N,,KAT,N,PA,1.0,8409.33,01 - ALTA RENDA,0,0,0,0,1,0,0,0,0,0,0,1,1,0,0,0,0,1,1,1,0,0.0,1.0,1,"[""SEG-VIP"", ""SEG-SENIOR"", ""SEG-INVESTIDOR-INICIANTE""]",0
879427,2023-04-28,N,BR,F,56,2017-05-24,0.0,71,1.0,,1,I,S,N,,KAT,N,SP,0.0,39238.16,02 - VAREJO,0,0,0,0,0,0,0,0,0,0,0,0,0,0,0,0,0,0,0,0,0,0.0,0.0,0,"[""SEG-SENIOR"", ""SEG-POUPADOR"", ""SEG-VIAJANTE-EVENTO""]",1
741314,2022-05-28,N,BR,M,38,2015-01-15,0.0,90,1.0,,1.0,A,S,N,,013,N,SP,1.0,8541.81,02 - VAREJO,0,0,1,0,0,0,0,0,0,0,0,0,0,0,0,0,1,0,0,0,0,0.0,0.0,0,"[""SEG-SEM-CARTAO"", ""SEG-INVESTIDOR-INICIANTE"", ""SEG-PERFIL-FAMILIAR""]",0
1242264,2022-06-28,N,BR,M,47,2021-02-06,0.0,17,1.0,,1.0,A,S,N,,KAT,N,RS,0.0,82419.25,01 - ALTA RENDA,0,0,0,0,0,0,0,0,0,0,0,0,0,0,0,0,0,0,0,0,0,0.0,0.0,1,"[""SEG-VIP"", ""SEG-ALTA-RENDA"", ""SEG-POUPADOR"", ""SEG-CONTRIBUINTE-IR""]",0
1093441,2022-02-28,N,BR,F,24,2019-10-31,0.0,32,1.0,,1.0,I,S,N,,KHE,N,SP,0.0,586733.15,03 - UNIVERSITARIO,0,0,1,0,0,0,0,0,0,0,0,0,0,0,0,0,0,0,0,0,0,0.0,0.0,0,"[""SEG-JOVEM"", ""SEG-POUPADOR"", ""SEG-VIAJANTE-EVENTO""]",1
988191,2022-12-28,N,BR,M,29,2018-12-01,0.0,49,1.0,,1.0,A,S,N,,KHE,N,RN,1.0,9014.25,03 - UNIVERSITARIO,0,0,1,0,0,0,0,0,0,0,0,0,0,0,0,0,0,0,0,0,0,0.0,0.0,0,"[""SEG-JOVEM"", ""SEG-SEM-CARTAO"", ""SEG-INVESTIDOR-INICIANTE"", ""SEG-PERFIL-FAMILIAR""]",0
287163,2023-03-28,N,BR,M,59,2008-10-29,0.0,173,1.0,,1.0,I,S,N,,KFC,N,SP,0.0,111091.09,02 - VAREJO,0,0,1,0,0,0,0,1,0,0,0,0,0,0,0,0,0,0,0,0,0,0.0,0.0,0,"[""SEG-SENIOR"", ""SEG-POUPADOR"", ""SEG-CONTRIBUINTE-IR""]",0
1357617,2022-10-28,N,BR,M,22,2021-11-19,0.0,11,1.0,,1.0,I,S,N,,KHE,N,MG,0.0,18394.89,03 - UNIVERSITARIO,0,0,1,0,0,0,0,0,0,0,0,0,0,0,0,0,0,0,0,0,0,0.0,0.0,0,"[""SEG-JOVEM"", ""SEG-VIAJANTE-EVENTO""]",1
1402163,2023-01-28,N,BR,M,82,2022-06-18,0.0,7,1.0,,1,A,S,N,,KHM,N,SP,0.0,68291.63,01 - ALTA RENDA,0,0,0,0,0,0,0,0,0,0,0,0,0,0,0,0,0,0,0,0,0,0.0,0.0,0,"[""SEG-VIP"", ""SEG-SENIOR"", ""SEG-POUPADOR""]",0
1087389,2022-09-28,N,BR,M,32,2019-10-24,0.0,35,1.0,,1.0,A,S,N,,KHE,N,RJ,1.0,75933.35,03 - UNIVERSITARIO,0,0,1,0,0,0,0,0,0,0,0,0,0,0,0,0,0,0,0,0,0,0.0,0.0,0,"[""SEG-ALTA-RENDA"", ""SEG-CREDITO-ATIVO"", ""SEG-SEM-CARTAO"", ""SEG-INVESTIDOR-INICIANTE"", ""SEG-POUPADOR"", ""SEG-CONTRIBUINTE-IR"", ""SEG-PERFIL-FAMILIAR""]",0
206727,2022-06-28,N,BR,F,51,2007-11-27,0.0,176,1.0,,1.0,A,S,N,,KAT,N,PA,1.0,35501.87,01 - ALTA RENDA,0,0,1,0,0,0,0,1,0,0,0,0,0,0,0,0,0,0,0,1,0,0.0,0.0,0,"[""SEG-VIP"", ""SEG-CREDITO-ATIVO"", ""SEG-SEM-CARTAO"", ""SEG-INVESTIDOR-INICIANTE"", ""SEG-POUPADOR"", ""SEG-PERFIL-FAMILIAR""]",0
1020113,2022-04-28,N,BR,M,31,2019-06-18,0.0,37,1.0,,1.0,A,S,N,,KFA,N,SP,1.0,72182.63,03 - UNIVERSITARIO,0,0,1,0,0,0,0,0,0,0,0,0,1,0,0,0,0,0,0,0,0,0.0,0.0,0,"[""SEG-ALTA-RENDA"", ""SEG-CREDITO-ATIVO"", ""SEG-SEM-CARTAO"", ""SEG-INVESTIDOR-INICIANTE"", ""SEG-POUPADOR"", ""SEG-CONTRIBUINTE-IR"", ""SEG-PERFIL-FAMILIAR""]",0
948034,2022-12-28,N,BR,F,40,2018-09-22,0.0,51,1.0,,1.0,A,S,N,,KFC,N,SP,1.0,18614.69,02 - VAREJO,0,0,0,0,0,0,1,0,0,0,0,0,1,0,0,0,0,0,0,0,0,0.0,0.0,0,"[""SEG-SEM-CARTAO"", ""SEG-INVESTIDOR-INICIANTE"", ""SEG-PERFIL-FAMILIAR""]",0
78493,2022-08-28,N,BR,F,45,2004-12-04,0.0,213,1.0,,1.0,A,S,N,,KAT,N,SP,1.0,59467.93,01 - ALTA RENDA,0,0,1,0,0,0,0,1,0,0,0,1,0,1,0,0,0,1,0,0,0,0.0,0.0,0,"[""SEG-VIP"", ""SEG-CREDITO-ATIVO"", ""SEG-SEM-CARTAO"", ""SEG-POUPADOR"", ""SEG-CONTRIBUINTE-IR"", ""SEG-INVESTIDOR-EXPERIENTE"", ""SEG-PERFIL-FAMILIAR""]",0
813960,2022-07-28,N,BR,F,55,2015-11-05,0.0,80,1.0,,1.0,A,S,N,,KAH,N,RJ,1.0,157769.65,02 - VAREJO,0,0,1,0,0,0,0,0,1,0,0,1,0,0,0,0,0,0,0,0,0,0.0,0.0,0,"[""SEG-SENIOR"", ""SEG-ALTA-RENDA"", ""SEG-CREDITO-ATIVO"", ""SEG-SEM-CARTAO"", ""SEG-INVESTIDOR-INICIANTE"", ""SEG-POUPADOR"", ""SEG-CONTRIBUINTE-IR"", ""SEG-PERFIL-FAMILIAR""]",0
1102020,2023-04-28,N,BR,M,52,2019-11-16,0.0,41,1.0,,1,A,S,N,,KFA,N,RS,1.0,35266.83,01 - ALTA RENDA,0,0,1,0,0,0,0,0,0,0,0,0,0,0,0,0,0,1,0,0,0,0.0,0.0,0,"[""SEG-VIP"", ""SEG-CREDITO-ATIVO"", ""SEG-SEM-CARTAO"", ""SEG-INVESTIDOR-INICIANTE"", ""SEG-POUPADOR"", ""SEG-PERFIL-FAMILIAR""]",0
694331,2023-01-28,N,BR,F,55,2014-05-31,0.0,104,1.0,,1.0,A,S,N,,KFC,N,PB,1.0,47702.71,01 - ALTA RENDA,0,0,1,0,0,0,0,1,0,0,0,1,1,0,0,0,0,0,0,0,0,0.0,0.0,0,"[""SEG-VIP"", ""SEG-SENIOR"", ""SEG-CREDITO-ATIVO"", ""SEG-SEM-CARTAO"", ""SEG-INVESTIDOR-INICIANTE"", ""SEG-POUPADOR"", ""SEG-CONTRIBUINTE-IR"", ""SEG-PERFIL-FAMILIAR""]",0
1468364,2023-02-28,N,BR,F,52,2022-10-02,1.0,5,1.0,,1.0,A,S,N,,KHM,N,GO,1.0,31192.49,02 - VAREJO,0,0,1,0,0,0,0,0,0,0,0,0,0,0,0,0,0,0,0,0,0,0.0,0.0,1,"[""SEG-SEM-CARTAO"", ""SEG-INVESTIDOR-INICIANTE"", ""SEG-PERFIL-FAMILIAR""]",0
295829,2022-06-28,N,BR,M,44,2008-11-14,0.0,164,1.0,,1.0,A,S,N,,KAT,N,SP,1.0,605764.4,02 - VAREJO,0,0,1,0,0,0,0,1,0,0,0,0,0,0,0,0,0,0,0,0,0,0.0,0.0,0,"[""SEG-ALTA-RENDA"", ""SEG-CREDITO-ATIVO"", ""SEG-SEM-CARTAO"", ""SEG-INVESTIDOR-INICIANTE"", ""SEG-POUPADOR"", ""SEG-CONTRIBUINTE-IR"", ""SEG-PERFIL-FAMILIAR""]",0
983747,2022-10-28,N,BR,F,32,2018-11-22,0.0,47,1.0,,1.0,A,S,N,,KHE,N,MG,1.0,17779.9,03 - UNIVERSITARIO,0,0,1,0,0,0,0,0,0,0,0,0,0,0,0,0,0,0,0,0,0,0.0,0.0,0,"[""SEG-SEM-CARTAO"", ""SEG-INVESTIDOR-INICIANTE"", ""SEG-PERFIL-FAMILIAR"", ""SEG-VIAJANTE-EVENTO""]",1
93937,2022-12-28,N,BR,M,47,2005-04-24,0.0,212,1.0,,1.0,A,S,N,,KAT,N,SP,1.0,76533.43,01 - ALTA RENDA,0,0,1,0,0,0,0,1,0,0,0,1,0,0,0,0,0,0,0,0,0,0.0,0.0,0,"[""SEG-VIP"", ""SEG-ALTA-RENDA"", ""SEG-CREDITO-ATIVO"", ""SEG-SEM-CARTAO"", ""SEG-INVESTIDOR-INICIANTE"", ""SEG-POUPADOR"", ""SEG-CONTRIBUINTE-IR"", ""SEG-PERFIL-FAMILIAR""]",0
540965,2022-08-28,N,BR,M,44,2012-07-11,0.0,121,1.0,,1.0,A,S,N,,KAW,N,RJ,1.0,84645.64,01 - ALTA RENDA,0,0,1,0,0,0,0,1,0,0,0,0,0,1,1,1,0,1,0,0,0,0.0,0.0,1,"[""SEG-VIP"", ""SEG-ALTA-RENDA"", ""SEG-CREDITO-ATIVO"", ""SEG-SEM-CARTAO"", ""SEG-POUPADOR"", ""SEG-INVESTIDOR-EXPERIENTE"", ""SEG-PERFIL-FAMILIAR"", ""SEG-PROPRIETARIO""]",0
272534,2023-01-28,N,BR,F,43,2008-09-17,0.0,172,1.0,,1,A,S,N,,KAT,N,SP,1.0,83404.3,02 - VAREJO,0,0,0,0,1,0,0,0,0,0,0,0,0,0,0,0,0,1,1,0,0,1.0,1.0,1,"[""SEG-ALTA-RENDA"", ""SEG-CREDITO-ATIVO"", ""SEG-INVESTIDOR-INICIANTE"", ""SEG-POUPADOR"", ""SEG-CONTRIBUINTE-IR"", ""SEG-PERFIL-FAMILIAR"", ""SEG-VIAJANTE-EVENTO""]",1
1238271,2023-05-28,N,BR,F,29,2021-01-15,0.0,28,1.0,,1,A,S,N,,KFC,N,SP,1.0,67512.77,03 - UNIVERSITARIO,0,0,0,0,1,0,0,0,0,0,0,0,1,1,0,0,0,0,0,0,0,1.0,1.0,1,"[""SEG-JOVEM"", ""SEG-ALTA-RENDA"", ""SEG-CREDITO-ATIVO"", ""SEG-SEM-CARTAO"", ""SEG-POUPADOR"", ""SEG-INVESTIDOR-EXPERIENTE"", ""SEG-PERFIL-FAMILIAR""]",0
1072895,2022-11-28,N,BR,F,27,2019-10-02,0.0,37,1.0,,1.0,A,S,N,,KHE,N,SP,1.0,633512.59,03 - UNIVERSITARIO,0,0,1,0,0,0,0,0,0,0,0,0,0,0,0,0,0,0,0,0,0,0.0,0.0,0,"[""SEG-JOVEM"", ""SEG-ALTA-RENDA"", ""SEG-CREDITO-ATIVO"", ""SEG-SEM-CARTAO"", ""SEG-INVESTIDOR-INICIANTE"", ""SEG-POUPADOR"", ""SEG-PERFIL-FAMILIAR""]",0
96361,2022-09-28,N,BR,F,53,2005-06-01,0.0,208,1.0,,1.0,A,S,N,,KAT,N,MG,1.0,22013.1,01 - ALTA RENDA,0,0,0,0,1,0,0,0,0,0,0,0,1,0,0,1,0,0,1,0,0,1.0,1.0,1,"[""SEG-VIP"", ""SEG-INVESTIDOR-INICIANTE"", ""SEG-PERFIL-FAMILIAR""]",0
1313650,2022-06-28,N,BR,F,34,2021-09-23,0.0,10,1.0,,1.0,A,S,N,,KFC,N,SP,1.0,101684.6,02 - VAREJO,0,0,0,0,1,0,0,0,0,0,0,0,1,0,0,0,0,0,0,0,0,1.0,1.0,1,"[""SEG-ALTA-RENDA"", ""SEG-CREDITO-ATIVO"", ""SEG-SEM-CARTAO"", ""SEG-INVESTIDOR-INICIANTE"", ""SEG-POUPADOR"", ""SEG-CONTRIBUINTE-IR"", ""SEG-PERFIL-FAMILIAR""]",0
129348,2023-04-28,N,BR,F,52,2006-04-26,0.0,204,1.0,,1.0,A,S,N,,KAT,N,SP,1.0,111177.98,01 - ALTA RENDA,0,0,0,0,1,0,0,0,0,0,0,0,1,1,0,0,0,0,1,0,0,1.0,1.0,1,"[""SEG-VIP"", ""SEG-ALTA-RENDA"", ""SEG-CREDITO-ATIVO"", ""SEG-POUPADOR"", ""SEG-CONTRIBUINTE-IR"", ""SEG-INVESTIDOR-EXPERIENTE"", ""SEG-PERFIL-FAMILIAR""]",0
359688,2022-09-28,N,BR,F,47,2009-06-24,0.0,159,1.0,,1.0,A,S,N,,KAT,N,RS,1.0,38299.94,02 - VAREJO,0,0,0,0,1,0,0,0,0,0,0,0,0,0,1,0,0,1,0,0,0,1.0,1.0,1,"[""SEG-CREDITO-ATIVO"", ""SEG-SEM-CARTAO"", ""SEG-INVESTIDOR-INICIANTE"", ""SEG-POUPADOR"", ""SEG-PERFIL-FAMILIAR"", ""SEG-PROPRIETARIO""]",0
172768,2022-01-28,N,BR,M,42,2007-04-14,0.0,183,1.0,,1.0,A,S,N,,KFC,N,RJ,1.0,315751.41,02 - VAREJO,0,0,1,0,0,0,0,1,0,0,0,0,0,0,0,0,0,0,0,0,0,0.0,0.0,0,"[""SEG-ALTA-RENDA"", ""SEG-CREDITO-ATIVO"", ""SEG-SEM-CARTAO"", ""SEG-INVESTIDOR-INICIANTE"", ""SEG-POUPADOR"", ""SEG-CONTRIBUINTE-IR"", ""SEG-PERFIL-FAMILIAR""]",0
67686,2022-10-28,N,BR,F,50,2004-07-17,0.0,219,1.0,,1.0,I,S,N,,KAT,N,SP,0.0,137491.9,02 - VAREJO,0,0,0,0,0,0,0,0,0,0,0,0,0,0,0,0,0,0,0,0,0,0.0,0.0,0,"[""SEG-ALTA-RENDA"", ""SEG-POUPADOR"", ""SEG-CONTRIBUINTE-IR""]",0
98922,2023-04-28,N,BR,M,55,2005-06-11,0.0,214,1.0,,1.0,A,S,S,,KAT,N,SP,1.0,214308.23,01 - ALTA RENDA,0,0,1,0,0,0,0,0,0,0,0,0,0,0,0,0,0,0,0,0,0,0.0,0.0,0,"[""SEG-VIP"", ""SEG-SENIOR"", ""SEG-ALTA-RENDA"", ""SEG-CREDITO-ATIVO"", ""SEG-SEM-CARTAO"", ""SEG-INVESTIDOR-INICIANTE"", ""SEG-POUPADOR"", ""SEG-CONTRIBUINTE-IR"", ""SEG-PERFIL-FAMILIAR""]",0
389341,2022-12-28,N,BR,F,57,2009-11-06,0.0,157,1.0,,1.0,A,S,N,,KAT,N,SP,1.0,105651.52,02 - VAREJO,0,0,0,0,1,0,0,0,0,0,0,0,0,0,1,0,0,0,1,0,0,1.0,1.0,1,"[""SEG-SENIOR"", ""SEG-CREDITO-ATIVO"", ""SEG-INVESTIDOR-INICIANTE"", ""SEG-POUPADOR"", ""SEG-CONTRIBUINTE-IR"", ""SEG-PERFIL-FAMILIAR"", ""SEG-PROPRIETARIO""]",0
1296156,2022-12-28,N,BR,F,19,2021-08-11,0.0,21,1.0,,1,A,S,N,,RED,N,RJ,1.0,188189.04,03 - UNIVERSITARIO,0,0,1,0,0,0,0,0,0,0,0,0,0,0,0,0,0,0,0,0,0,0.0,0.0,0,"[""SEG-JOVEM"", ""SEG-CREDITO-ATIVO"", ""SEG-SEM-CARTAO"", ""SEG-INVESTIDOR-INICIANTE"", ""SEG-POUPADOR""]",0
741365,2023-01-28,N,BR,F,48,2015-01-12,0.0,96,1.0,,1.0,I,S,N,,KFD,N,SP,0.0,90620.95,02 - VAREJO,0,0,0,0,0,0,0,0,0,0,0,0,0,0,0,0,0,0,0,0,0,0.0,0.0,0,"[""SEG-ALTA-RENDA"", ""SEG-POUPADOR"", ""SEG-CONTRIBUINTE-IR""]",0
947322,2022-05-28,N,BR,F,27,2018-09-21,0.0,46,1.0,,1.0,A,S,N,,KHE,N,BA,1.0,664693.23,03 - UNIVERSITARIO,0,0,1,0,0,0,0,0,0,0,0,0,0,0,0,0,0,0,0,0,0,0.0,0.0,0,"[""SEG-JOVEM"", ""SEG-ALTA-RENDA"", ""SEG-CREDITO-ATIVO"", ""SEG-SEM-CARTAO"", ""SEG-INVESTIDOR-INICIANTE"", ""SEG-POUPADOR"", ""SEG-PERFIL-FAMILIAR""]",0
918556,2023-05-28,N,BR,F,25,2018-07-14,0.0,58,1.0,,1.0,I,S,N,,KHE,N,PE,0.0,92070.93,03 - UNIVERSITARIO,0,0,1,0,0,0,0,0,0,0,0,0,0,0,0,0,0,0,0,0,0,0.0,0.0,0,"[""SEG-JOVEM"", ""SEG-ALTA-RENDA"", ""SEG-POUPADOR""]",0
926941,2022-04-28,N,BR,M,25,2018-08-03,0.0,47,1.0,,1.0,A,S,N,,KHD,N,SE,1.0,7686.59,03 - UNIVERSITARIO,0,0,1,0,0,0,0,0,0,0,0,0,0,0,0,0,0,0,0,0,0,0.0,0.0,0,"[""SEG-JOVEM"", ""SEG-SEM-CARTAO"", ""SEG-INVESTIDOR-INICIANTE"", ""SEG-PERFIL-FAMILIAR""]",0
1457037,2023-04-28,N,BR,M,21,2022-09-22,0.0,7,1.0,,1.0,I,S,N,,KHQ,N,BA,0.0,22871.87,03 - UNIVERSITARIO,0,0,1,0,0,0,0,0,0,0,0,0,0,0,0,0,0,0,0,0,0,0.0,0.0,0,"[""SEG-JOVEM""]",0
543999,2022-09-28,N,BR,F,40,2012-07-28,0.0,122,1.0,,1.0,I,S,N,,KCH,N,SP,0.0,40689.19,02 - VAREJO,0,0,0,0,0,0,0,1,0,0,0,0,0,0,0,0,0,0,0,0,0,0.0,0.0,0,"[""SEG-POUPADOR""]",0
895271,2022-09-28,N,BR,F,49,2017-10-27,0.0,59,1.0,,1.0,A,S,N,,KAT,N,RJ,1.0,16289.6,02 - VAREJO,0,0,0,0,1,0,0,0,0,0,0,0,0,0,0,0,0,0,0,0,0,1.0,1.0,1,"[""SEG-SEM-CARTAO"", ""SEG-INVESTIDOR-INICIANTE"", ""SEG-PERFIL-FAMILIAR""]",0
962577,2022-11-28,N,BR,F,24,2018-10-14,0.0,49,1.0,,1.0,A,S,N,,KHE,N,SP,1.0,76614.5,03 - UNIVERSITARIO,0,0,1,0,0,0,0,0,0,0,0,0,0,0,0,0,0,0,0,0,0,0.0,0.0,0,"[""SEG-JOVEM"", ""SEG-CREDITO-ATIVO"", ""SEG-SEM-CARTAO"", ""SEG-INVESTIDOR-INICIANTE"", ""SEG-POUPADOR""]",0
398219,2022-04-28,N,BR,F,54,2009-12-27,0.0,151,1.0,,1.0,A,S,N,,KAT,N,SP,1.0,25721.03,02 - VAREJO,0,0,0,0,1,0,0,0,0,0,0,0,0,0,1,0,0,0,1,0,0,1.0,1.0,1,"[""SEG-INVESTIDOR-INICIANTE"", ""SEG-PERFIL-FAMILIAR"", ""SEG-PROPRIETARIO""]",0
854712,2022-11-28,N,BR,M,73,2016-10-20,0.0,73,1.0,,1.0,I,S,N,,KGV,N,BA,0.0,48971.11,02 - VAREJO,0,0,0,0,0,0,0,0,1,0,0,0,0,0,0,0,0,0,0,0,0,0.0,0.0,0,"[""SEG-SENIOR"", ""SEG-POUPADOR"", ""SEG-VIAJANTE-EVENTO""]",1
1280240,2022-12-28,N,BR,M,22,2021-07-28,0.0,17,1.0,,1.0,A,S,N,,KHE,N,SP,1.0,34906.43,03 - UNIVERSITARIO,0,0,1,0,0,0,0,0,0,0,0,0,0,0,0,0,0,0,0,0,0,0.0,0.0,0,"[""SEG-JOVEM"", ""SEG-CREDITO-ATIVO"", ""SEG-SEM-CARTAO"", ""SEG-INVESTIDOR-INICIANTE"", ""SEG-POUPADOR"", ""SEG-VIAJANTE-EVENTO""]",1
287495,2022-04-28,N,BR,F,47,2008-10-29,0.0,165,1.0,,1.0,A,S,N,,KFC,N,SP,1.0,53206.98,02 - VAREJO,0,0,0,0,1,0,0,1,0,0,0,0,0,0,1,0,0,0,0,0,0,1.0,1.0,1,"[""SEG-CREDITO-ATIVO"", ""SEG-SEM-CARTAO"", ""SEG-INVESTIDOR-INICIANTE"", ""SEG-POUPADOR"", ""SEG-CONTRIBUINTE-IR"", ""SEG-PERFIL-FAMILIAR"", ""SEG-PROPRIETARIO""]",0
15962,2022-05-28,B,BR,F,51,2002-01-16,0.0,246,1.0,,1.0,A,S,N,N,KAT,N,SP,1.0,80208.66,02 - VAREJO,0,0,1,0,0,0,0,1,0,0,0,0,0,0,0,0,0,0,1,1,0,0.0,0.0,1,"[""SEG-ALTA-RENDA"", ""SEG-CREDITO-ATIVO"", ""SEG-INVESTIDOR-INICIANTE"", ""SEG-POUPADOR"", ""SEG-CONTRIBUINTE-IR"", ""SEG-PERFIL-FAMILIAR""]",0
1213122,2022-12-28,N,BR,M,29,2020-11-05,0.0,25,1.0,,1.0,A,S,N,,KFC,N,PR,1.0,21411.51,02 - VAREJO,0,0,0,0,0,0,0,0,0,0,0,0,0,0,0,0,0,0,0,0,0,0.0,0.0,0,"[""SEG-JOVEM"", ""SEG-SEM-CARTAO"", ""SEG-INVESTIDOR-INICIANTE"", ""SEG-PERFIL-FAMILIAR""]",0
313830,2022-05-28,N,BR,F,48,2009-01-09,0.0,162,1.0,,1.0,A,S,N,,KAT,N,SP,1.0,153840.63,02 - VAREJO,0,0,1,0,0,0,0,0,1,0,0,0,1,0,0,0,0,0,1,0,0,0.0,0.0,1,"[""SEG-ALTA-RENDA"", ""SEG-CREDITO-ATIVO"", ""SEG-INVESTIDOR-INICIANTE"", ""SEG-POUPADOR"", ""SEG-CONTRIBUINTE-IR"", ""SEG-PERFIL-FAMILIAR""]",0
880591,2023-03-28,N,BR,F,47,2017-05-31,0.0,70,1.0,,1,A,S,N,,KFC,N,SP,1.0,176023.06,01 - ALTA RENDA,0,0,1,0,0,0,0,0,0,0,0,1,0,1,0,0,0,0,0,0,0,0.0,0.0,0,"[""SEG-VIP"", ""SEG-ALTA-RENDA"", ""SEG-CREDITO-ATIVO"", ""SEG-SEM-CARTAO"", ""SEG-POUPADOR"", ""SEG-CONTRIBUINTE-IR"", ""SEG-INVESTIDOR-EXPERIENTE"", ""SEG-PERFIL-FAMILIAR""]",0
635824,2022-10-28,N,BR,M,62,2013-08-22,0.0,110,1.0,,1.0,A,S,S,,KAR,N,SP,1.0,227412.37,01 - ALTA RENDA,0,0,1,0,0,0,0,0,0,0,0,1,0,0,0,0,0,0,0,0,0,0.0,0.0,0,"[""SEG-VIP"", ""SEG-SENIOR"", ""SEG-CREDITO-ATIVO"", ""SEG-SEM-CARTAO"", ""SEG-INVESTIDOR-INICIANTE"", ""SEG-POUPADOR"", ""SEG-VIAJANTE-EVENTO""]",1
1415026,2023-03-28,N,BR,F,20,2022-07-24,0.0,8,1.0,,1.0,I,S,N,,KHQ,N,RJ,0.0,19378.71,03 - UNIVERSITARIO,0,0,0,0,0,0,0,0,0,0,0,0,0,0,0,0,0,0,0,0,0,0.0,0.0,0,"[""SEG-JOVEM""]",0
806241,2022-03-28,N,BR,F,42,2015-10-19,0.0,81,1.0,,1.0,I,S,N,,KFC,N,MG,0.0,43903.03,02 - VAREJO,0,0,0,0,0,0,0,0,0,0,0,0,1,0,0,0,0,0,0,0,0,0.0,0.0,0,"[""SEG-POUPADOR""]",0
1024383,2023-03-28,N,BR,F,24,2019-07-18,0.0,44,1.0,,1.0,I,S,N,,KHE,N,RJ,0.0,58886.37,03 - UNIVERSITARIO,0,0,1,0,0,0,0,0,0,0,0,0,0,0,0,0,0,0,0,0,0,0.0,0.0,0,"[""SEG-JOVEM"", ""SEG-POUPADOR"", ""SEG-VIAJANTE-EVENTO""]",1
533553,2022-03-28,N,BR,F,71,2014-06-07,0.0,97,1.0,,1.0,I,S,N,,KFC,N,SP,0.0,20584.68,02 - VAREJO,0,0,1,0,0,0,0,0,0,0,0,0,0,0,0,0,0,0,0,0,0,0.0,0.0,0,"[""SEG-SENIOR""]",0
1445127,2023-02-28,N,BR,F,48,2022-09-09,1.0,5,1.0,,1.0,A,S,N,,KHN,N,MA,0.0,17246.09,01 - ALTA RENDA,0,0,0,0,0,0,0,0,0,0,0,0,0,0,0,0,0,0,0,0,0,0.0,0.0,0,"[""SEG-VIP""]",0
878910,2022-02-28,N,BR,M,49,2017-05-19,0.0,62,1.0,,1.0,A,S,N,,KAA,N,RJ,1.0,130657.04,02 - VAREJO,0,0,1,0,0,0,1,0,0,0,0,0,0,0,0,0,0,0,0,0,0,0.0,0.0,1,"[""SEG-ALTA-RENDA"", ""SEG-CREDITO-ATIVO"", ""SEG-SEM-CARTAO"", ""SEG-INVESTIDOR-INICIANTE"", ""SEG-POUPADOR"", ""SEG-CONTRIBUINTE-IR"", ""SEG-PERFIL-FAMILIAR""]",0
1110368,2022-12-28,N,BR,M,26,2019-12-07,0.0,36,1.0,,1.0,A,S,N,,KHE,N,SP,1.0,87805.53,03 - UNIVERSITARIO,0,0,1,0,0,0,0,0,0,0,0,0,0,0,0,0,0,0,0,0,0,0.0,0.0,0,"[""SEG-JOVEM"", ""SEG-ALTA-RENDA"", ""SEG-CREDITO-ATIVO"", ""SEG-SEM-CARTAO"", ""SEG-INVESTIDOR-INICIANTE"", ""SEG-POUPADOR"", ""SEG-PERFIL-FAMILIAR""]",0
299154,2022-01-28,N,BR,F,39,2008-11-21,0.0,164,1.0,,1.0,A,S,N,,KAT,N,RJ,1.0,53008.79,01 - ALTA RENDA,0,0,1,0,0,0,0,0,0,0,0,0,1,0,0,0,0,1,1,0,0,0.0,0.0,1,"[""SEG-VIP"", ""SEG-CREDITO-ATIVO"", ""SEG-INVESTIDOR-INICIANTE"", ""SEG-POUPADOR"", ""SEG-CONTRIBUINTE-IR"", ""SEG-PERFIL-FAMILIAR""]",0
308954,2022-05-28,N,BR,F,34,2011-04-21,0.0,45,1.0,,1.0,A,S,N,,KHE,N,ES,1.0,87436.22,02 - VAREJO,0,0,1,0,0,0,0,0,0,0,0,0,0,0,0,0,0,0,0,0,0,0.0,0.0,0,"[""SEG-ALTA-RENDA"", ""SEG-CREDITO-ATIVO"", ""SEG-SEM-CARTAO"", ""SEG-INVESTIDOR-INICIANTE"", ""SEG-POUPADOR"", ""SEG-CONTRIBUINTE-IR"", ""SEG-PERFIL-FAMILIAR""]",0
609290,2023-02-28,N,BR,M,38,2013-04-25,0.0,118,1.0,,1,A,S,N,,KFA,N,SP,1.0,125650.55,01 - ALTA RENDA,0,0,1,0,0,0,0,0,0,0,0,1,0,0,0,0,0,0,0,0,0,0.0,0.0,0,"[""SEG-VIP"", ""SEG-ALTA-RENDA"", ""SEG-CREDITO-ATIVO"", ""SEG-SEM-CARTAO"", ""SEG-INVESTIDOR-INICIANTE"", ""SEG-POUPADOR"", ""SEG-CONTRIBUINTE-IR"", ""SEG-PERFIL-FAMILIAR""]",0
140535,2022-10-28,N,BR,F,44,2006-08-24,0.0,194,1.0,,1.0,A,S,N,,KAT,N,SP,1.0,45390.64,02 - VAREJO,0,0,0,0,1,0,0,0,0,0,0,0,1,0,1,0,0,0,0,0,0,0.0,0.0,1,"[""SEG-CREDITO-ATIVO"", ""SEG-SEM-CARTAO"", ""SEG-INVESTIDOR-INICIANTE"", ""SEG-POUPADOR"", ""SEG-CONTRIBUINTE-IR"", ""SEG-PERFIL-FAMILIAR"", ""SEG-PROPRIETARIO""]",0
290564,2022-04-28,N,BR,F,74,2008-11-05,0.0,164,1.0,,1.0,A,S,N,,KFC,N,MA,1.0,30914.66,02 - VAREJO,0,0,1,0,0,0,0,0,0,0,0,0,1,1,0,0,0,0,0,0,0,0.0,0.0,0,"[""SEG-SENIOR"", ""SEG-SEM-CARTAO"", ""SEG-INVESTIDOR-EXPERIENTE"", ""SEG-VIAJANTE-EVENTO""]",1
737392,2023-04-28,N,BR,F,28,2014-12-14,0.0,100,1.0,,1.0,A,S,N,,KFC,N,SP,1.0,130394.46,03 - UNIVERSITARIO,0,0,1,0,0,0,0,0,0,0,0,1,1,0,0,0,0,0,0,0,0,0.0,0.0,1,"[""SEG-JOVEM"", ""SEG-ALTA-RENDA"", ""SEG-CREDITO-ATIVO"", ""SEG-SEM-CARTAO"", ""SEG-INVESTIDOR-INICIANTE"", ""SEG-POUPADOR"", ""SEG-PERFIL-FAMILIAR""]",0
773816,2023-05-28,N,BR,M,44,2015-06-16,0.0,95,1.0,,1,A,S,N,,KAT,N,SP,1.0,73024.59,02 - VAREJO,0,0,1,0,0,0,0,0,0,0,0,0,0,0,0,0,0,1,0,0,0,0.0,0.0,0,"[""SEG-ALTA-RENDA"", ""SEG-CREDITO-ATIVO"", ""SEG-SEM-CARTAO"", ""SEG-INVESTIDOR-INICIANTE"", ""SEG-POUPADOR"", ""SEG-CONTRIBUINTE-IR"", ""SEG-PERFIL-FAMILIAR""]",0
318073,2022-02-28,N,BR,F,41,2009-01-18,0.0,162,1.0,,1.0,A,S,N,,KAT,N,AP,1.0,12103.1,01 - ALTA RENDA,0,0,1,0,0,0,0,1,0,0,0,1,0,0,0,0,0,0,0,1,0,0.0,0.0,0,"[""SEG-VIP"", ""SEG-SEM-CARTAO"", ""SEG-INVESTIDOR-INICIANTE"", ""SEG-PERFIL-FAMILIAR""]",0
631139,2023-02-28,N,BR,M,69,2013-08-02,0.0,106,1.0,,1,A,S,N,,KFC,N,PR,1.0,45862.7,02 - VAREJO,0,0,1,0,0,0,0,0,1,0,0,0,0,0,0,0,0,0,0,0,0,0.0,0.0,1,"[""SEG-SENIOR"", ""SEG-CREDITO-ATIVO"", ""SEG-SEM-CARTAO"", ""SEG-INVESTIDOR-INICIANTE"", ""SEG-POUPADOR"", ""SEG-VIAJANTE-EVENTO""]",1
969929,2022-06-28,N,BR,M,22,2018-10-27,0.0,45,1.0,,1.0,I,S,N,,KHE,N,MG,0.0,31533.12,03 - UNIVERSITARIO,0,0,1,0,0,0,0,0,0,0,0,0,0,0,0,0,0,0,0,0,0,0.0,0.0,0,"[""SEG-JOVEM""]",0
442335,2022-08-28,N,BR,M,49,2010-12-03,0.0,141,1.0,,1.0,A,S,N,,KAT,N,SP,1.0,67879.3,02 - VAREJO,0,0,1,0,0,0,0,0,0,0,0,0,0,0,1,0,0,0,0,0,0,0.0,0.0,0,"[""SEG-ALTA-RENDA"", ""SEG-CREDITO-ATIVO"", ""SEG-SEM-CARTAO"", ""SEG-INVESTIDOR-INICIANTE"", ""SEG-POUPADOR"", ""SEG-CONTRIBUINTE-IR"", ""SEG-PERFIL-FAMILIAR"", ""SEG-PROPRIETARIO""]",0
642323,2022-03-28,N,BR,F,75,2013-09-18,0.0,106,1.0,,1.0,I,S,N,,KFC,N,GO,0.0,134564.18,02 - VAREJO,0,0,1,0,0,0,0,0,0,0,0,0,0,0,0,0,0,0,0,0,0,0.0,0.0,0,"[""SEG-SENIOR"", ""SEG-POUPADOR""]",0
719798,2023-03-28,N,BR,F,43,2014-09-20,0.0,102,1.0,,1.0,A,S,N,,KAI,N,RS,1.0,11232.18,02 - VAREJO,0,0,0,0,0,0,0,1,0,0,0,0,0,0,0,0,0,0,0,0,0,0.0,0.0,0,"[""SEG-SEM-CARTAO"", ""SEG-INVESTIDOR-INICIANTE"", ""SEG-PERFIL-FAMILIAR""]",0
723763,2022-11-28,N,BR,F,44,2014-10-06,0.0,97,1.0,,1.0,I,S,N,,KFC,N,RJ,0.0,631154.49,02 - VAREJO,0,0,1,0,0,0,0,0,0,0,0,0,0,0,0,0,0,0,0,0,0,0.0,0.0,0,"[""SEG-ALTA-RENDA"", ""SEG-POUPADOR"", ""SEG-CONTRIBUINTE-IR""]",0
1259851,2022-04-28,N,BR,F,37,2021-05-26,0.0,14,1.0,,1.0,I,S,N,,KFC,N,RJ,1.0,34462.12,02 - VAREJO,0,0,0,0,0,0,0,0,0,0,0,0,0,0,0,0,0,1,0,0,0,0.0,0.0,0,"[""SEG-CREDITO-ATIVO"", ""SEG-SEM-CARTAO"", ""SEG-INVESTIDOR-INICIANTE"", ""SEG-POUPADOR"", ""SEG-PERFIL-FAMILIAR""]",0
783319,2023-03-28,N,BR,F,60,2015-08-05,0.0,91,1.0,,1.0,I,S,N,,KFA,N,SP,0.0,94158.72,02 - VAREJO,0,0,1,0,0,0,0,0,0,0,0,0,0,0,0,0,0,0,0,0,0,0.0,0.0,0,"[""SEG-SENIOR"", ""SEG-POUPADOR"", ""SEG-CONTRIBUINTE-IR""]",0
1133379,2022-07-28,N,BR,F,30,2020-05-08,0.0,26,1.0,,1.0,A,S,N,,KAT,N,SP,1.0,53459.21,02 - VAREJO,0,0,1,0,0,0,0,0,0,0,0,0,1,0,0,0,0,1,0,0,0,0.0,0.0,0,"[""SEG-CREDITO-ATIVO"", ""SEG-SEM-CARTAO"", ""SEG-INVESTIDOR-INICIANTE"", ""SEG-POUPADOR"", ""SEG-CONTRIBUINTE-IR"", ""SEG-PERFIL-FAMILIAR""]",0
811472,2022-09-28,N,BR,M,33,2015-10-30,0.0,9,1.0,,1.0,I,S,N,,KAT,N,SP,0.0,38809.34,02 - VAREJO,0,0,1,0,0,0,0,0,0,0,0,0,0,0,0,0,0,0,0,0,0,0.0,0.0,0,"[""SEG-POUPADOR""]",0
898755,2023-01-28,N,BR,M,72,2017-12-13,0.0,61,1.0,,1.0,A,S,N,,KFC,N,SP,1.0,153890.61,01 - ALTA RENDA,0,0,1,0,0,0,0,0,0,0,0,1,1,0,0,0,0,0,0,0,0,0.0,0.0,0,"[""SEG-VIP"", ""SEG-SENIOR"", ""SEG-CREDITO-ATIVO"", ""SEG-SEM-CARTAO"", ""SEG-INVESTIDOR-INICIANTE"", ""SEG-POUPADOR""]",0
682602,2023-04-28,N,BR,M,53,2014-03-19,0.0,109,1.0,,1.0,I,S,N,,KAT,N,AM,0.0,41308.81,02 - VAREJO,0,0,0,0,0,0,0,0,0,0,0,0,0,0,0,0,0,0,0,0,0,0.0,0.0,0,"[""SEG-POUPADOR"", ""SEG-VIAJANTE-EVENTO""]",1
1462375,2023-05-28,N,BR,M,20,2022-09-28,0.0,8,1.0,,1.0,I,S,N,,KHQ,N,MG,0.0,17467.9,03 - UNIVERSITARIO,0,0,1,0,0,0,0,0,0,0,0,0,0,0,0,0,0,0,0,0,0,0.0,0.0,0,"[""SEG-JOVEM""]",0
1479745,2023-05-28,N,BR,M,21,2022-10-14,0.0,7,1.0,,1.0,I,S,N,,KHQ,N,PR,0.0,38247.03,03 - UNIVERSITARIO,0,0,1,0,0,0,0,0,0,0,0,0,0,0,0,0,0,0,0,0,0,0.0,0.0,0,"[""SEG-JOVEM"", ""SEG-POUPADOR""]",0
886318,2022-11-28,N,BR,M,62,2018-11-11,0.0,48,1.0,,1.0,A,S,N,,KFA,N,SP,1.0,42844.2,01 - ALTA RENDA,0,0,0,0,0,0,0,0,0,0,0,1,0,0,0,0,0,0,0,0,0,0.0,0.0,0,"[""SEG-VIP"", ""SEG-SENIOR"", ""SEG-CREDITO-ATIVO"", ""SEG-SEM-CARTAO"", ""SEG-INVESTIDOR-INICIANTE"", ""SEG-POUPADOR""]",0
478837,2023-05-28,N,BR,F,61,2011-06-23,0.0,143,1.0,,1.0,A,S,N,,KAG,N,SP,1.0,129059.35,02 - VAREJO,0,0,1,0,0,0,0,0,0,0,0,1,1,1,0,0,0,0,1,0,0,0.0,0.0,0,"[""SEG-SENIOR"", ""SEG-CREDITO-ATIVO"", ""SEG-POUPADOR"", ""SEG-INVESTIDOR-EXPERIENTE""]",0
369618,2023-05-28,N,BR,F,46,2009-07-08,0.0,166,1.0,,1.0,A,S,N,,KFC,N,SP,1.0,110056.16,02 - VAREJO,0,0,1,0,0,0,0,0,0,0,0,0,0,0,0,0,0,0,0,0,0,0.0,0.0,0,"[""SEG-ALTA-RENDA"", ""SEG-CREDITO-ATIVO"", ""SEG-SEM-CARTAO"", ""SEG-INVESTIDOR-INICIANTE"", ""SEG-POUPADOR"", ""SEG-CONTRIBUINTE-IR"", ""SEG-PERFIL-FAMILIAR""]",0
858993,2022-11-28,N,BR,M,35,2016-12-06,0.0,71,1.0,,1,A,S,N,,KFC,N,GO,1.0,53160.48,02 - VAREJO,0,0,0,0,0,0,0,0,0,0,0,0,0,1,0,0,0,0,0,0,0,0.0,0.0,0,"[""SEG-CREDITO-ATIVO"", ""SEG-SEM-CARTAO"", ""SEG-POUPADOR"", ""SEG-CONTRIBUINTE-IR"", ""SEG-INVESTIDOR-EXPERIENTE"", ""SEG-PERFIL-FAMILIAR""]",0
1000960,2023-04-28,N,BR,F,36,2019-01-09,0.0,51,1.0,,1.0,A,S,N,,KHE,N,PR,1.0,48460.45,02 - VAREJO,0,0,1,0,0,0,0,0,0,0,0,0,0,0,0,0,0,0,0,0,0,0.0,0.0,0,"[""SEG-CREDITO-ATIVO"", ""SEG-SEM-CARTAO"", ""SEG-INVESTIDOR-INICIANTE"", ""SEG-POUPADOR"", ""SEG-CONTRIBUINTE-IR"", ""SEG-PERFIL-FAMILIAR""]",0
939781,2023-05-28,N,BR,M,23,2018-09-08,0.0,56,1.0,,1.0,A,S,N,,KHE,N,PE,0.0,28516.47,03 - UNIVERSITARIO,0,0,1,0,0,0,0,0,0,0,0,0,0,0,0,0,0,0,0,0,0,0.0,0.0,0,"[""SEG-JOVEM""]",0
561656,2022-11-28,N,BR,F,60,2021-08-01,0.0,13,1.0,,1,I,S,N,,KAT,N,SP,1.0,37882.95,02 - VAREJO,0,0,1,0,0,0,0,0,0,0,0,1,0,0,0,0,0,0,0,0,0,0.0,0.0,0,"[""SEG-SENIOR"", ""SEG-CREDITO-ATIVO"", ""SEG-SEM-CARTAO"", ""SEG-INVESTIDOR-INICIANTE"", ""SEG-POUPADOR"", ""SEG-PERFIL-FAMILIAR""]",0
485555,2022-07-28,N,BR,M,38,2018-10-04,0.0,45,1.0,,1.0,A,S,S,,KAT,N,SP,1.0,158453.42,02 - VAREJO,0,0,1,0,0,0,0,0,0,0,0,0,0,0,0,0,0,0,0,0,0,0.0,0.0,0,"[""SEG-ALTA-RENDA"", ""SEG-CREDITO-ATIVO"", ""SEG-SEM-CARTAO"", ""SEG-INVESTIDOR-INICIANTE"", ""SEG-POUPADOR"", ""SEG-CONTRIBUINTE-IR"", ""SEG-PERFIL-FAMILIAR""]",0
239207,2022-06-28,N,BR,F,55,2008-04-10,0.0,171,1.0,,1.0,A,S,N,,KAT,N,PA,1.0,9524.86,02 - VAREJO,0,0,1,0,0,0,0,0,0,0,0,0,1,0,0,0,0,0,0,0,0,0.0,0.0,0,"[""SEG-SENIOR"", ""SEG-SEM-CARTAO"", ""SEG-INVESTIDOR-INICIANTE"", ""SEG-PERFIL-FAMILIAR""]",0
906906,2023-04-28,N,BR,M,91,2018-03-16,0.0,61,1.0,,1,A,S,N,,KFA,N,SP,1.0,123889.05,01 - ALTA RENDA,0,0,1,0,0,0,1,0,0,0,0,1,1,0,0,0,0,0,0,0,0,0.0,0.0,0,"[""SEG-VIP"", ""SEG-SENIOR"", ""SEG-CREDITO-ATIVO"", ""SEG-SEM-CARTAO"", ""SEG-INVESTIDOR-INICIANTE"", ""SEG-POUPADOR"", ""SEG-VIAJANTE-EVENTO""]",1
1435487,2023-04-28,N,BR,M,38,2022-08-13,0.0,8,1.0,,1,A,S,N,,KHM,N,SP,1.0,196763.53,02 - VAREJO,0,0,1,0,0,0,0,0,0,0,0,0,0,0,0,0,0,0,0,0,0,0.0,0.0,1,"[""SEG-ALTA-RENDA"", ""SEG-CREDITO-ATIVO"", ""SEG-SEM-CARTAO"", ""SEG-INVESTIDOR-INICIANTE"", ""SEG-POUPADOR"", ""SEG-CONTRIBUINTE-IR"", ""SEG-PERFIL-FAMILIAR""]",0
961909,2023-04-28,N,BR,M,41,2018-10-14,0.0,54,1.0,,1.0,A,S,N,,KHD,N,SP,1.0,17044.39,02 - VAREJO,0,0,1,0,0,0,0,0,0,0,0,0,0,0,0,0,0,0,0,0,0,0.0,0.0,0,"[""SEG-SEM-CARTAO"", ""SEG-INVESTIDOR-INICIANTE"", ""SEG-PERFIL-FAMILIAR""]",0
1067447,2023-02-28,N,BR,F,25,2019-09-25,0.0,41,1.0,,1.0,A,S,N,,KHE,N,PE,1.0,29736.0,03 - UNIVERSITARIO,0,0,1,0,0,0,0,0,0,0,0,0,0,0,0,0,0,0,0,0,0,0.0,0.0,0,"[""SEG-JOVEM"", ""SEG-SEM-CARTAO"", ""SEG-INVESTIDOR-INICIANTE"", ""SEG-PERFIL-FAMILIAR""]",0
57667,2022-09-28,N,BR,F,96,2004-02-21,0.0,223,1.0,,1,A,S,N,,KAT,N,SP,1.0,10505.65,01 - ALTA RENDA,0,0,0,0,1,0,0,0,0,1,0,0,1,0,0,0,0,1,0,0,0,0.0,1.0,1,"[""SEG-VIP"", ""SEG-SENIOR"", ""SEG-SEM-CARTAO"", ""SEG-INVESTIDOR-INICIANTE""]",0
465609,2023-04-28,N,BR,M,74,2011-03-25,0.0,145,1.0,,1.0,A,S,N,,KAT,N,MG,1.0,17912.32,02 - VAREJO,0,0,1,0,0,0,0,1,0,0,0,0,0,0,1,0,0,0,0,0,0,0.0,0.0,1,"[""SEG-SENIOR"", ""SEG-SEM-CARTAO"", ""SEG-INVESTIDOR-INICIANTE"", ""SEG-PROPRIETARIO""]",0
249705,2022-07-28,N,BR,F,47,2008-07-05,0.0,169,1.0,,1,A,S,N,,KAT,N,SP,1.0,47390.45,02 - VAREJO,0,0,0,0,1,0,0,0,0,0,0,0,0,0,1,0,0,1,0,0,0,1.0,1.0,1,"[""SEG-CREDITO-ATIVO"", ""SEG-SEM-CARTAO"", ""SEG-INVESTIDOR-INICIANTE"", ""SEG-POUPADOR"", ""SEG-CONTRIBUINTE-IR"", ""SEG-PERFIL-FAMILIAR"", ""SEG-PROPRIETARIO""]",0
400442,2022-12-28,N,BR,F,47,2010-01-09,0.0,155,1.0,,1.0,A,S,N,,KAG,N,SP,1.0,45286.67,02 - VAREJO,0,0,1,0,0,0,0,1,0,0,0,0,0,0,0,0,0,0,0,0,0,0.0,0.0,0,"[""SEG-CREDITO-ATIVO"", ""SEG-SEM-CARTAO"", ""SEG-INVESTIDOR-INICIANTE"", ""SEG-POUPADOR"", ""SEG-CONTRIBUINTE-IR"", ""SEG-PERFIL-FAMILIAR""]",0
776186,2023-02-28,N,BR,F,41,2015-06-30,0.0,92,1.0,,1.0,I,S,N,,KFC,N,SP,0.0,68132.65,02 - VAREJO,0,0,0,0,0,0,0,0,0,0,0,0,0,0,0,0,0,0,0,0,0,0.0,0.0,0,"[""SEG-ALTA-RENDA"", ""SEG-POUPADOR"", ""SEG-CONTRIBUINTE-IR""]",0
1041305,2022-11-28,N,BR,F,25,2019-08-02,0.0,39,1.0,,1,I,S,N,,KHE,N,MG,0.0,9195.07,03 - UNIVERSITARIO,0,0,1,0,0,0,0,0,0,0,0,0,0,0,0,0,0,0,0,0,0,0.0,0.0,0,"[""SEG-JOVEM""]",0
474949,2023-05-28,N,BR,F,40,2011-05-19,0.0,144,1.0,,1.0,A,S,N,,KAT,N,SP,1.0,36931.34,02 - VAREJO,0,0,0,0,1,0,0,0,0,0,0,0,0,0,1,0,0,1,0,0,0,1.0,1.0,1,"[""SEG-CREDITO-ATIVO"", ""SEG-SEM-CARTAO"", ""SEG-INVESTIDOR-INICIANTE"", ""SEG-POUPADOR"", ""SEG-PERFIL-FAMILIAR"", ""SEG-PROPRIETARIO""]",0
99999,2022-12-28,N,BR,F,43,2005-06-22,0.0,178,1.0,,1.0,I,S,N,,KFC,N,SP,1.0,164225.23,02 - VAREJO,0,0,1,0,0,0,0,1,0,0,0,0,0,0,0,0,0,0,0,0,0,0.0,0.0,0,"[""SEG-ALTA-RENDA"", ""SEG-CREDITO-ATIVO"", ""SEG-SEM-CARTAO"", ""SEG-INVESTIDOR-INICIANTE"", ""SEG-POUPADOR"", ""SEG-CONTRIBUINTE-IR"", ""SEG-PERFIL-FAMILIAR""]",0
170775,2022-06-28,N,BR,F,74,2007-04-04,0.0,183,1.0,,1.0,A,S,N,,KAT,N,PR,1.0,166209.14,01 - ALTA RENDA,0,0,0,0,1,0,0,1,1,0,0,0,1,1,0,0,0,1,1,0,0,0.0,1.0,1,"[""SEG-VIP"", ""SEG-SENIOR"", ""SEG-CREDITO-ATIVO"", ""SEG-POUPADOR"", ""SEG-INVESTIDOR-EXPERIENTE""]",0
402543,2022-06-28,N,BR,M,29,2010-01-22,0.0,150,1.0,,1.0,A,S,N,,KFC,N,BA,1.0,85609.18,03 - UNIVERSITARIO,0,0,0,0,0,0,0,1,0,0,0,0,0,0,0,0,0,0,0,0,0,0.0,0.0,0,"[""SEG-JOVEM"", ""SEG-ALTA-RENDA"", ""SEG-CREDITO-ATIVO"", ""SEG-SEM-CARTAO"", ""SEG-INVESTIDOR-INICIANTE"", ""SEG-POUPADOR"", ""SEG-PERFIL-FAMILIAR""]",0
171850,2022-09-28,A,BR,F,46,2007-04-10,0.0,185,1.0,,1.0,A,S,N,,KAS,N,GO,1.0,49122.08,02 - VAREJO,0,0,0,0,0,0,0,0,0,0,0,0,0,0,1,0,0,0,0,0,0,0.0,0.0,1,"[""SEG-CREDITO-ATIVO"", ""SEG-SEM-CARTAO"", ""SEG-INVESTIDOR-INICIANTE"", ""SEG-POUPADOR"", ""SEG-CONTRIBUINTE-IR"", ""SEG-PERFIL-FAMILIAR"", ""SEG-PROPRIETARIO""]",0
1429727,2023-03-28,N,BR,M,19,2022-08-05,0.0,7,1.0,,1,A,S,N,,KHQ,N,PR,1.0,12405.58,03 - UNIVERSITARIO,0,0,1,0,0,0,0,0,0,0,0,0,0,0,0,0,0,0,0,0,0,0.0,0.0,0,"[""SEG-JOVEM"", ""SEG-SEM-CARTAO"", ""SEG-INVESTIDOR-INICIANTE""]",0
470656,2022-07-28,N,BR,F,50,2011-04-27,0.0,135,1.0,,1.0,A,S,N,,KFC,N,SP,1.0,58168.56,02 - VAREJO,0,0,1,0,0,0,0,0,0,0,0,0,0,0,0,0,0,0,0,0,0,0.0,0.0,0,"[""SEG-CREDITO-ATIVO"", ""SEG-SEM-CARTAO"", ""SEG-INVESTIDOR-INICIANTE"", ""SEG-POUPADOR"", ""SEG-CONTRIBUINTE-IR"", ""SEG-PERFIL-FAMILIAR""]",0
776530,2023-04-28,N,BR,M,69,2015-07-01,0.0,93,1.0,,1,I,S,N,,KFL,N,PE,0.0,22175.56,02 - VAREJO,0,0,0,0,0,0,0,0,0,0,0,0,0,0,0,0,0,0,0,0,0,0.0,0.0,0,"[""SEG-SENIOR""]",0
438811,2022-05-28,N,BR,M,41,2010-10-08,0.0,141,1.0,,1.0,A,S,N,,KAT,N,SP,1.0,102790.54,02 - VAREJO,0,0,0,0,1,0,0,0,0,0,0,0,0,0,0,0,0,0,0,0,0,0.0,0.0,0,"[""SEG-ALTA-RENDA"", ""SEG-CREDITO-ATIVO"", ""SEG-SEM-CARTAO"", ""SEG-INVESTIDOR-INICIANTE"", ""SEG-POUPADOR"", ""SEG-CONTRIBUINTE-IR"", ""SEG-PERFIL-FAMILIAR""]",0
840365,2022-12-28,N,BR,F,50,2016-04-08,0.0,80,1.0,,1.0,A,S,N,,KFA,N,RJ,1.0,103673.58,02 - VAREJO,0,0,1,0,0,0,0,0,1,0,0,0,0,1,0,0,0,0,0,0,0,0.0,0.0,0,"[""SEG-ALTA-RENDA"", ""SEG-CREDITO-ATIVO"", ""SEG-SEM-CARTAO"", ""SEG-POUPADOR"", ""SEG-CONTRIBUINTE-IR"", ""SEG-INVESTIDOR-EXPERIENTE"", ""SEG-PERFIL-FAMILIAR""]",0
1052683,2023-03-28,N,BR,M,59,2019-08-17,0.0,43,1.0,,1.0,A,S,N,,KAT,N,RJ,1.0,112203.42,01 - ALTA RENDA,0,0,0,0,1,0,0,0,0,0,0,0,1,1,0,0,0,0,0,0,0,1.0,1.0,0,"[""SEG-VIP"", ""SEG-SENIOR"", ""SEG-CREDITO-ATIVO"", ""SEG-SEM-CARTAO"", ""SEG-POUPADOR"", ""SEG-CONTRIBUINTE-IR"", ""SEG-INVESTIDOR-EXPERIENTE"", ""SEG-PERFIL-FAMILIAR""]",0
1203502,2023-05-28,N,BR,M,21,2020-10-21,0.0,31,1.0,,1.0,I,S,N,,KHE,N,PE,0.0,10974.61,03 - UNIVERSITARIO,0,0,1,0,0,0,0,0,0,0,0,0,0,0,0,0,0,0,0,0,0,0.0,0.0,0,"[""SEG-JOVEM""]",0
374043,2022-03-28,N,BR,F,39,2009-07-22,0.0,156,1.0,,1.0,A,S,N,,KFC,N,SP,1.0,86534.5,02 - VAREJO,0,0,1,0,0,0,0,1,0,0,0,0,0,0,0,0,0,0,0,0,0,0.0,0.0,1,"[""SEG-ALTA-RENDA"", ""SEG-CREDITO-ATIVO"", ""SEG-SEM-CARTAO"", ""SEG-INVESTIDOR-INICIANTE"", ""SEG-POUPADOR"", ""SEG-CONTRIBUINTE-IR"", ""SEG-PERFIL-FAMILIAR""]",0
959089,2022-10-28,N,BR,M,26,2018-10-11,0.0,48,1.0,,1.0,I,S,N,,KHE,N,PR,1.0,9004.24,03 - UNIVERSITARIO,0,0,1,0,0,0,0,0,0,0,0,0,0,0,0,0,0,0,0,0,0,0.0,0.0,0,"[""SEG-JOVEM"", ""SEG-SEM-CARTAO"", ""SEG-INVESTIDOR-INICIANTE"", ""SEG-PERFIL-FAMILIAR""]",0
1400789,2022-07-28,N,BR,F,26,2022-06-08,1.0,1,1.0,,1,A,S,S,,KHM,N,BA,0.0,27445.88,02 - VAREJO,0,0,0,0,0,0,0,0,0,0,0,0,0,0,0,0,0,0,0,0,0,0.0,0.0,0,"[""SEG-JOVEM""]",0
215430,2023-03-28,N,BR,M,39,2008-01-15,0.0,182,1.0,,1.0,A,S,N,,KAT,N,SP,1.0,578660.09,02 - VAREJO,0,0,1,0,0,0,0,0,0,0,0,0,1,0,0,0,0,0,0,0,0,0.0,0.0,0,"[""SEG-ALTA-RENDA"", ""SEG-CREDITO-ATIVO"", ""SEG-SEM-CARTAO"", ""SEG-INVESTIDOR-INICIANTE"", ""SEG-POUPADOR"", ""SEG-CONTRIBUINTE-IR"", ""SEG-PERFIL-FAMILIAR""]",0
363824,2023-03-28,N,BR,F,30,2009-06-18,0.0,165,1.0,,1.0,A,S,N,,KAT,N,SP,1.0,161027.92,02 - VAREJO,0,0,1,0,0,1,0,0,0,0,0,1,0,0,0,0,0,0,0,0,0,0.0,0.0,1,"[""SEG-ALTA-RENDA"", ""SEG-CREDITO-ATIVO"", ""SEG-SEM-CARTAO"", ""SEG-INVESTIDOR-INICIANTE"", ""SEG-POUPADOR"", ""SEG-CONTRIBUINTE-IR"", ""SEG-PERFIL-FAMILIAR""]",0
1030167,2023-04-28,N,BR,M,25,2019-07-24,0.0,45,1.0,,1.0,I,S,N,,KHE,N,RJ,0.0,98198.24,03 - UNIVERSITARIO,0,0,1,0,0,0,0,0,0,0,0,0,0,0,0,0,0,0,0,0,0,0.0,0.0,0,"[""SEG-JOVEM"", ""SEG-ALTA-RENDA"", ""SEG-POUPADOR""]",0
97702,2022-10-28,N,BR,M,44,2005-05-27,0.0,209,1.0,,1.0,A,S,N,,KAT,N,SP,1.0,140250.41,01 - ALTA RENDA,0,0,1,0,0,0,0,1,0,0,0,0,1,0,1,0,0,0,0,1,0,1.0,1.0,1,"[""SEG-VIP"", ""SEG-ALTA-RENDA"", ""SEG-CREDITO-ATIVO"", ""SEG-SEM-CARTAO"", ""SEG-INVESTIDOR-INICIANTE"", ""SEG-POUPADOR"", ""SEG-CONTRIBUINTE-IR"", ""SEG-PERFIL-FAMILIAR"", ""SEG-PROPRIETARIO"", ""SEG-VIAJANTE-EVENTO""]",1
1233988,2023-02-28,N,BR,F,55,2020-12-24,0.0,26,1.0,,1.0,A,S,N,,KAT,N,SP,1.0,102163.59,01 - ALTA RENDA,0,0,1,0,1,0,0,0,0,0,0,0,1,0,0,1,0,1,0,1,0,1.0,1.0,1,"[""SEG-VIP"", ""SEG-SENIOR"", ""SEG-ALTA-RENDA"", ""SEG-CREDITO-ATIVO"", ""SEG-SEM-CARTAO"", ""SEG-INVESTIDOR-INICIANTE"", ""SEG-POUPADOR"", ""SEG-PERFIL-FAMILIAR""]",0
1161515,2023-03-28,N,BR,M,23,2020-08-09,0.0,31,1.0,,1.0,I,S,N,,KHE,N,RS,1.0,8539.12,03 - UNIVERSITARIO,0,0,1,0,0,0,0,0,0,0,0,0,0,0,0,0,0,0,0,0,0,0.0,0.0,0,"[""SEG-JOVEM"", ""SEG-SEM-CARTAO"", ""SEG-INVESTIDOR-INICIANTE""]",0
1286640,2023-04-28,N,BR,M,30,2021-07-31,0.0,20,1.0,,1.0,I,S,N,,KHE,N,GO,1.0,9095.07,03 - UNIVERSITARIO,0,0,1,0,0,0,0,0,0,0,0,0,0,0,0,0,0,0,0,0,0,0.0,0.0,0,"[""SEG-SEM-CARTAO"", ""SEG-INVESTIDOR-INICIANTE"", ""SEG-PERFIL-FAMILIAR""]",0
984543,2023-04-28,N,BR,M,24,2018-11-24,0.0,53,1.0,,1.0,I,S,N,,KHE,N,BA,0.0,88586.79,03 - UNIVERSITARIO,0,0,0,0,0,0,0,0,0,0,0,0,0,0,0,0,0,0,0,0,0,0.0,0.0,0,"[""SEG-JOVEM"", ""SEG-POUPADOR""]",0
164752,2022-09-28,N,BR,F,49,2007-03-06,0.0,186,1.0,,1.0,A,S,N,,KAY,N,RJ,1.0,18559.59,02 - VAREJO,0,0,1,0,0,0,0,1,0,0,0,0,0,0,1,0,0,0,1,1,0,0.0,0.0,1,"[""SEG-INVESTIDOR-INICIANTE"", ""SEG-PERFIL-FAMILIAR"", ""SEG-PROPRIETARIO"", ""SEG-VIAJANTE-EVENTO""]",1
1321723,2022-11-28,N,BR,F,23,2021-10-03,0.0,13,1.0,,1.0,I,S,N,,KHE,N,SP,0.0,106358.36,03 - UNIVERSITARIO,0,0,1,0,0,0,0,0,0,0,0,0,0,0,0,0,0,0,0,0,0,0.0,0.0,0,"[""SEG-JOVEM"", ""SEG-POUPADOR""]",0
177326,2023-04-28,N,BR,F,55,2007-05-29,0.0,191,1.0,,1.0,A,S,N,,KFC,N,SP,1.0,122152.06,02 - VAREJO,0,0,0,0,1,0,0,1,0,0,0,0,1,0,0,1,0,0,1,0,0,1.0,1.0,1,"[""SEG-SENIOR"", ""SEG-ALTA-RENDA"", ""SEG-CREDITO-ATIVO"", ""SEG-INVESTIDOR-INICIANTE"", ""SEG-POUPADOR"", ""SEG-PERFIL-FAMILIAR""]",0
921772,2023-05-28,N,BR,F,22,2018-07-26,0.0,58,1.0,,1.0,A,S,N,,KHE,N,RS,1.0,28959.89,03 - UNIVERSITARIO,0,0,1,0,0,0,0,0,0,0,0,0,0,0,0,0,0,0,0,0,0,0.0,0.0,0,"[""SEG-JOVEM"", ""SEG-SEM-CARTAO"", ""SEG-INVESTIDOR-INICIANTE""]",0
169860,2023-01-28,N,BR,M,50,2022-12-29,0.0,190,1.0,,1.0,A,S,N,,KAT,N,SP,1.0,68620.3,02 - VAREJO,0,0,0,0,0,0,0,0,0,0,0,0,0,0,0,0,0,0,0,1,0,0.0,0.0,0,"[""SEG-ALTA-RENDA"", ""SEG-CREDITO-ATIVO"", ""SEG-SEM-CARTAO"", ""SEG-INVESTIDOR-INICIANTE"", ""SEG-POUPADOR"", ""SEG-CONTRIBUINTE-IR"", ""SEG-PERFIL-FAMILIAR""]",0
807668,2022-12-28,N,BR,M,36,2015-10-22,0.0,86,1.0,,1.0,A,S,N,,KFC,N,SP,1.0,42141.63,02 - VAREJO,0,0,1,0,0,0,0,0,0,0,1,0,0,0,0,0,0,0,0,0,0,0.0,0.0,0,"[""SEG-CREDITO-ATIVO"", ""SEG-SEM-CARTAO"", ""SEG-INVESTIDOR-INICIANTE"", ""SEG-POUPADOR"", ""SEG-PERFIL-FAMILIAR""]",0
548351,2022-12-28,N,BR,M,43,2012-08-13,0.0,124,1.0,,1,A,S,N,,KFC,N,RJ,1.0,85167.72,02 - VAREJO,0,0,1,0,0,0,0,1,0,0,0,0,0,0,0,0,0,0,0,0,0,0.0,0.0,0,"[""SEG-ALTA-RENDA"", ""SEG-CREDITO-ATIVO"", ""SEG-SEM-CARTAO"", ""SEG-INVESTIDOR-INICIANTE"", ""SEG-POUPADOR"", ""SEG-CONTRIBUINTE-IR"", ""SEG-PERFIL-FAMILIAR""]",0
782984,2022-04-28,N,BR,F,60,2015-08-04,0.0,83,1.0,,1.0,A,S,N,,KFC,N,SP,1.0,114638.2,01 - ALTA RENDA,0,0,1,0,0,0,0,0,0,0,0,0,0,0,0,0,0,0,0,0,0,0.0,0.0,1,"[""SEG-VIP"", ""SEG-SENIOR"", ""SEG-CREDITO-ATIVO"", ""SEG-SEM-CARTAO"", ""SEG-INVESTIDOR-INICIANTE"", ""SEG-POUPADOR"", ""SEG-CONTRIBUINTE-IR"", ""SEG-PERFIL-FAMILIAR""]",0
1124061,2022-09-28,N,BR,F,56,2020-03-08,0.0,30,1.0,,1,A,S,N,,KFC,N,AP,1.0,7878.85,01 - ALTA RENDA,0,0,1,0,0,0,0,0,0,0,0,1,0,1,0,0,0,0,0,0,0,0.0,0.0,0,"[""SEG-VIP"", ""SEG-SENIOR"", ""SEG-SEM-CARTAO"", ""SEG-INVESTIDOR-EXPERIENTE"", ""SEG-PERFIL-FAMILIAR""]",0
543834,2022-12-28,N,BR,M,57,2012-11-04,0.0,121,1.0,,1.0,A,S,N,,KAA,N,RJ,1.0,56621.85,02 - VAREJO,0,0,1,0,0,0,0,0,0,0,0,0,0,0,1,0,0,0,0,0,0,0.0,0.0,1,"[""SEG-SENIOR"", ""SEG-CREDITO-ATIVO"", ""SEG-SEM-CARTAO"", ""SEG-INVESTIDOR-INICIANTE"", ""SEG-POUPADOR"", ""SEG-CONTRIBUINTE-IR"", ""SEG-PERFIL-FAMILIAR"", ""SEG-PROPRIETARIO""]",0
694274,2023-04-28,N,BR,F,59,2014-05-31,0.0,107,1.0,,1,A,S,N,,KFC,N,SP,1.0,51575.23,01 - ALTA RENDA,0,0,1,0,0,0,0,0,0,0,1,0,0,0,0,0,0,0,0,0,0,0.0,0.0,0,"[""SEG-VIP"", ""SEG-SENIOR"", ""SEG-CREDITO-ATIVO"", ""SEG-SEM-CARTAO"", ""SEG-INVESTIDOR-INICIANTE"", ""SEG-POUPADOR"", ""SEG-CONTRIBUINTE-IR"", ""SEG-PERFIL-FAMILIAR""]",0
45864,2023-05-28,N,BR,F,45,2003-09-20,0.0,236,1.0,,1.0,A,S,S,,KAT,N,RJ,1.0,58242.37,02 - VAREJO,0,0,0,0,0,0,0,1,0,0,0,0,0,0,0,0,0,1,0,0,0,0.0,0.0,0,"[""SEG-CREDITO-ATIVO"", ""SEG-SEM-CARTAO"", ""SEG-INVESTIDOR-INICIANTE"", ""SEG-POUPADOR"", ""SEG-CONTRIBUINTE-IR"", ""SEG-PERFIL-FAMILIAR""]",0
1145703,2022-03-28,N,BR,F,24,2020-07-23,0.0,24,1.0,,1.0,I,S,N,,KHE,N,RJ,0.0,55389.83,03 - UNIVERSITARIO,0,0,1,0,0,0,0,0,0,0,0,0,0,0,0,0,0,0,0,0,0,0.0,0.0,0,"[""SEG-JOVEM"", ""SEG-POUPADOR""]",0
561134,2023-05-28,N,BR,M,43,2012-09-29,0.0,128,1.0,,1.0,A,S,N,,KFA,N,SP,1.0,205603.35,02 - VAREJO,0,0,0,0,1,0,0,0,0,0,0,0,1,0,0,0,0,0,1,0,0,0.0,0.0,1,"[""SEG-ALTA-RENDA"", ""SEG-CREDITO-ATIVO"", ""SEG-INVESTIDOR-INICIANTE"", ""SEG-POUPADOR"", ""SEG-CONTRIBUINTE-IR"", ""SEG-PERFIL-FAMILIAR""]",0
208519,2022-11-28,N,BR,F,70,2007-12-07,0.0,179,1.0,,1.0,A,S,N,,KAS,S,RJ,1.0,60870.43,02 - VAREJO,0,0,1,0,0,0,0,1,0,0,0,0,0,1,0,0,0,0,0,0,0,0.0,0.0,0,"[""SEG-SENIOR"", ""SEG-CREDITO-ATIVO"", ""SEG-SEM-CARTAO"", ""SEG-POUPADOR"", ""SEG-INVESTIDOR-EXPERIENTE""]",0
165557,2022-10-28,N,BR,F,51,2007-03-08,0.0,187,1.0,,1.0,A,S,S,,KAT,N,SP,1.0,108528.33,02 - VAREJO,0,0,0,0,0,0,0,0,0,0,0,0,0,1,0,0,0,0,0,0,0,0.0,0.0,0,"[""SEG-ALTA-RENDA"", ""SEG-CREDITO-ATIVO"", ""SEG-SEM-CARTAO"", ""SEG-POUPADOR"", ""SEG-CONTRIBUINTE-IR"", ""SEG-INVESTIDOR-EXPERIENTE"", ""SEG-PERFIL-FAMILIAR""]",0
1259548,2023-01-28,N,BR,F,47,2021-05-23,0.0,20,1.0,,1,A,S,N,,KFC,N,MG,1.0,43701.25,02 - VAREJO,0,0,1,0,0,0,0,0,0,0,0,0,0,0,0,0,0,0,0,0,0,0.0,0.0,0,"[""SEG-CREDITO-ATIVO"", ""SEG-SEM-CARTAO"", ""SEG-INVESTIDOR-INICIANTE"", ""SEG-POUPADOR"", ""SEG-PERFIL-FAMILIAR""]",0
357083,2023-05-28,N,BR,M,43,2009-07-08,0.0,168,1.0,,1.0,A,S,N,,KFC,N,SP,1.0,77737.66,02 - VAREJO,0,0,1,0,0,0,0,0,0,0,0,0,0,0,0,0,0,0,0,0,0,0.0,0.0,1,"[""SEG-ALTA-RENDA"", ""SEG-CREDITO-ATIVO"", ""SEG-SEM-CARTAO"", ""SEG-INVESTIDOR-INICIANTE"", ""SEG-POUPADOR"", ""SEG-CONTRIBUINTE-IR"", ""SEG-PERFIL-FAMILIAR""]",0
1279680,2022-01-28,N,BR,M,23,2021-07-28,0.0,12,1.0,,1.0,A,S,N,,KHE,N,PA,1.0,66917.52,03 - UNIVERSITARIO,0,0,1,0,0,0,0,0,0,0,0,0,0,0,0,0,0,0,0,0,0,0.0,0.0,0,"[""SEG-JOVEM"", ""SEG-CREDITO-ATIVO"", ""SEG-SEM-CARTAO"", ""SEG-INVESTIDOR-INICIANTE"", ""SEG-POUPADOR"", ""SEG-VIAJANTE-EVENTO""]",1
368235,2022-04-28,N,BR,F,48,2009-07-03,0.0,157,1.0,,1.0,A,S,N,,KAT,N,SP,1.0,38785.44,02 - VAREJO,0,0,1,0,0,0,0,1,0,0,0,0,0,0,0,0,0,0,0,0,0,0.0,0.0,0,"[""SEG-CREDITO-ATIVO"", ""SEG-SEM-CARTAO"", ""SEG-INVESTIDOR-INICIANTE"", ""SEG-POUPADOR"", ""SEG-PERFIL-FAMILIAR""]",0
495154,2022-07-28,N,BR,M,58,2012-09-08,0.0,129,1.0,,1.0,A,S,N,,KFC,N,GO,1.0,145271.27,02 - VAREJO,0,0,0,0,1,0,0,0,0,0,0,0,0,0,0,0,0,0,0,0,0,0.0,0.0,0,"[""SEG-SENIOR"", ""SEG-CREDITO-ATIVO"", ""SEG-SEM-CARTAO"", ""SEG-INVESTIDOR-INICIANTE"", ""SEG-POUPADOR"", ""SEG-CONTRIBUINTE-IR"", ""SEG-PERFIL-FAMILIAR""]",0
404530,2023-03-28,N,BR,F,46,2010-01-31,0.0,22,1.0,,1.0,A,S,N,,KAT,N,RJ,1.0,51279.65,02 - VAREJO,0,0,1,0,0,0,0,0,0,0,0,0,0,0,0,0,0,0,0,0,0,0.0,0.0,0,"[""SEG-CREDITO-ATIVO"", ""SEG-SEM-CARTAO"", ""SEG-INVESTIDOR-INICIANTE"", ""SEG-POUPADOR"", ""SEG-CONTRIBUINTE-IR"", ""SEG-PERFIL-FAMILIAR""]",0
148181,2022-07-28,N,BR,M,80,2008-03-26,0.0,189,1.0,,1.0,A,S,N,,KAS,N,SP,1.0,621867.27,02 - VAREJO,0,0,0,0,1,0,0,0,0,0,0,0,0,0,0,0,0,0,0,0,0,0.0,1.0,1,"[""SEG-SENIOR"", ""SEG-CREDITO-ATIVO"", ""SEG-SEM-CARTAO"", ""SEG-INVESTIDOR-INICIANTE"", ""SEG-POUPADOR""]",0
1326113,2022-07-28,N,BR,M,24,2021-10-06,0.0,9,1.0,,1.0,A,S,N,,KHE,N,TO,1.0,38951.71,03 - UNIVERSITARIO,0,0,1,0,0,0,0,0,0,0,0,0,0,0,0,0,0,0,0,0,0,0.0,0.0,0,"[""SEG-JOVEM"", ""SEG-CREDITO-ATIVO"", ""SEG-SEM-CARTAO"", ""SEG-INVESTIDOR-INICIANTE"", ""SEG-POUPADOR""]",0
463306,2022-10-28,N,BR,F,40,2013-01-02,0.0,117,1.0,,1.0,I,S,N,,KFA,N,SP,0.0,281169.67,02 - VAREJO,0,0,0,0,0,0,0,1,0,0,0,0,0,0,0,0,0,0,0,0,0,0.0,0.0,0,"[""SEG-ALTA-RENDA"", ""SEG-POUPADOR"", ""SEG-CONTRIBUINTE-IR""]",0
627878,2023-02-28,N,BR,F,54,2013-07-17,0.0,115,1.0,,1.0,A,S,N,,KFC,N,BA,1.0,23202.39,02 - VAREJO,0,0,1,0,0,0,0,0,0,0,0,1,0,1,0,0,0,0,1,0,0,0.0,0.0,0,"[""SEG-INVESTIDOR-EXPERIENTE"", ""SEG-PERFIL-FAMILIAR""]",0
189985,2023-03-28,N,BR,F,51,2007-08-31,0.0,187,1.0,,1.0,A,S,N,,KAT,N,SP,1.0,372585.74,01 - ALTA RENDA,0,0,0,0,1,0,0,1,0,0,0,0,1,0,0,0,0,1,0,0,0,0.0,0.0,1,"[""SEG-VIP"", ""SEG-ALTA-RENDA"", ""SEG-CREDITO-ATIVO"", ""SEG-SEM-CARTAO"", ""SEG-INVESTIDOR-INICIANTE"", ""SEG-POUPADOR"", ""SEG-CONTRIBUINTE-IR"", ""SEG-PERFIL-FAMILIAR""]",0
378929,2022-11-28,N,BR,F,89,2009-08-19,0.0,159,1.0,,1.0,A,S,N,,KFA,N,SP,1.0,58842.26,01 - ALTA RENDA,0,0,0,0,0,0,0,1,0,0,0,0,0,0,0,0,0,0,0,0,0,0.0,0.0,0,"[""SEG-VIP"", ""SEG-SENIOR"", ""SEG-CREDITO-ATIVO"", ""SEG-SEM-CARTAO"", ""SEG-INVESTIDOR-INICIANTE"", ""SEG-POUPADOR""]",0
1309693,2023-04-28,N,BR,F,25,2021-09-17,0.0,19,1.0,,1.0,A,S,N,,KHE,N,BA,1.0,250822.77,03 - UNIVERSITARIO,0,0,0,0,1,0,0,0,0,0,0,0,0,0,0,0,0,0,0,0,0,1.0,1.0,1,"[""SEG-JOVEM"", ""SEG-ALTA-RENDA"", ""SEG-CREDITO-ATIVO"", ""SEG-SEM-CARTAO"", ""SEG-INVESTIDOR-INICIANTE"", ""SEG-POUPADOR"", ""SEG-PERFIL-FAMILIAR""]",0
453602,2023-05-28,N,BR,F,22,2011-01-16,0.0,148,1.0,,1.0,A,S,N,,KAT,N,SP,1.0,134891.64,02 - VAREJO,0,0,0,0,0,0,0,0,0,0,0,0,1,0,0,0,0,0,0,0,0,0.0,0.0,0,"[""SEG-JOVEM"", ""SEG-CREDITO-ATIVO"", ""SEG-SEM-CARTAO"", ""SEG-INVESTIDOR-INICIANTE"", ""SEG-POUPADOR""]",0
1099322,2023-05-28,N,BR,F,26,2019-11-13,0.0,42,1.0,,1.0,I,S,N,,KHE,N,RS,0.0,61625.43,03 - UNIVERSITARIO,0,0,1,0,0,0,0,0,0,0,0,0,0,0,0,0,0,0,0,0,0,0.0,0.0,0,"[""SEG-JOVEM"", ""SEG-ALTA-RENDA"", ""SEG-POUPADOR""]",0
97869,2023-01-28,N,BR,F,52,2005-05-29,0.0,212,1.0,,1.0,I,S,N,,KFC,N,SP,1.0,78263.77,02 - VAREJO,0,0,1,0,0,0,0,0,0,0,0,0,0,0,0,0,0,0,0,0,0,0.0,0.0,0,"[""SEG-ALTA-RENDA"", ""SEG-CREDITO-ATIVO"", ""SEG-SEM-CARTAO"", ""SEG-INVESTIDOR-INICIANTE"", ""SEG-POUPADOR"", ""SEG-CONTRIBUINTE-IR"", ""SEG-PERFIL-FAMILIAR""]",0
85727,2022-12-28,N,BR,F,51,2005-02-13,0.0,214,1.0,,1.0,A,S,N,,KAT,N,SP,1.0,215996.49,02 - VAREJO,0,0,0,0,1,0,0,0,0,0,0,0,0,0,0,0,0,0,1,0,0,1.0,1.0,1,"[""SEG-ALTA-RENDA"", ""SEG-CREDITO-ATIVO"", ""SEG-INVESTIDOR-INICIANTE"", ""SEG-POUPADOR"", ""SEG-CONTRIBUINTE-IR"", ""SEG-PERFIL-FAMILIAR""]",0
846882,2022-09-28,N,BR,F,47,2016-07-16,0.0,66,1.0,,1.0,I,S,N,,KAT,N,RS,1.0,61035.31,02 - VAREJO,0,0,1,0,0,0,0,0,0,0,0,0,0,0,0,0,0,0,0,0,0,0.0,0.0,0,"[""SEG-CREDITO-ATIVO"", ""SEG-SEM-CARTAO"", ""SEG-INVESTIDOR-INICIANTE"", ""SEG-POUPADOR"", ""SEG-CONTRIBUINTE-IR"", ""SEG-PERFIL-FAMILIAR""]",0
1398234,2023-02-28,N,BR,M,29,2022-05-21,0.0,9,1.0,,1.0,A,S,N,,KHK,N,SP,1.0,130865.05,02 - VAREJO,0,0,1,0,0,0,0,0,0,0,0,0,0,0,0,0,0,0,0,0,0,0.0,0.0,0,"[""SEG-JOVEM"", ""SEG-ALTA-RENDA"", ""SEG-CREDITO-ATIVO"", ""SEG-SEM-CARTAO"", ""SEG-INVESTIDOR-INICIANTE"", ""SEG-POUPADOR"", ""SEG-PERFIL-FAMILIAR""]",0
315011,2022-08-28,N,BR,F,39,2009-01-14,0.0,163,1.0,,1.0,A,S,N,,KFC,N,RJ,1.0,58673.08,02 - VAREJO,0,0,1,0,0,0,0,0,0,0,0,0,0,0,0,0,0,0,0,0,0,0.0,0.0,0,"[""SEG-CREDITO-ATIVO"", ""SEG-SEM-CARTAO"", ""SEG-INVESTIDOR-INICIANTE"", ""SEG-POUPADOR"", ""SEG-CONTRIBUINTE-IR"", ""SEG-PERFIL-FAMILIAR""]",0
789220,2022-12-28,N,BR,F,55,2015-08-26,0.0,88,1.0,,1.0,I,S,N,,KAA,N,MG,0.0,103648.47,02 - VAREJO,0,0,0,0,0,0,0,0,0,0,0,0,0,0,0,0,0,0,0,0,0,0.0,0.0,0,"[""SEG-SENIOR"", ""SEG-ALTA-RENDA"", ""SEG-POUPADOR"", ""SEG-CONTRIBUINTE-IR""]",0
529483,2023-04-28,N,BR,M,60,2012-04-19,0.0,132,1.0,,1.0,A,S,N,,KAJ,N,RJ,1.0,162503.69,01 - ALTA RENDA,0,0,1,0,0,0,0,1,0,0,0,1,1,0,0,0,0,0,0,0,0,0.0,0.0,0,"[""SEG-VIP"", ""SEG-SENIOR"", ""SEG-CREDITO-ATIVO"", ""SEG-SEM-CARTAO"", ""SEG-INVESTIDOR-INICIANTE"", ""SEG-POUPADOR"", ""SEG-CONTRIBUINTE-IR"", ""SEG-PERFIL-FAMILIAR""]",0
465804,2022-09-28,N,BR,M,47,2011-03-27,0.0,138,1.0,,1.0,I,S,N,,KFC,N,SP,0.0,278501.06,02 - VAREJO,0,0,0,0,0,0,0,0,0,0,0,0,0,0,0,0,0,0,0,0,0,0.0,0.0,0,"[""SEG-ALTA-RENDA"", ""SEG-POUPADOR"", ""SEG-CONTRIBUINTE-IR""]",0
851729,2022-09-28,N,BR,F,44,2016-09-11,0.0,72,1.0,,1.0,A,S,N,,KAT,N,SP,1.0,88478.1,02 - VAREJO,0,0,1,0,0,0,0,0,1,0,0,0,0,0,0,0,0,0,0,0,0,0.0,0.0,0,"[""SEG-ALTA-RENDA"", ""SEG-CREDITO-ATIVO"", ""SEG-SEM-CARTAO"", ""SEG-INVESTIDOR-INICIANTE"", ""SEG-POUPADOR"", ""SEG-CONTRIBUINTE-IR"", ""SEG-PERFIL-FAMILIAR""]",0
1086519,2023-05-28,N,BR,F,26,2019-10-23,0.0,43,1.0,,1,I,S,N,,KHE,N,TO,0.0,16531.93,03 - UNIVERSITARIO,0,0,0,0,0,0,0,0,0,0,0,0,0,0,0,0,0,0,0,0,0,0.0,0.0,0,"[""SEG-JOVEM""]",0
1272761,2022-08-28,N,BR,F,49,2021-07-21,0.0,13,1.0,,1,A,S,N,,KFC,N,SP,1.0,66333.65,02 - VAREJO,0,0,1,0,0,0,0,0,0,0,0,0,0,1,0,0,0,0,0,0,0,0.0,0.0,0,"[""SEG-ALTA-RENDA"", ""SEG-CREDITO-ATIVO"", ""SEG-SEM-CARTAO"", ""SEG-POUPADOR"", ""SEG-CONTRIBUINTE-IR"", ""SEG-INVESTIDOR-EXPERIENTE"", ""SEG-PERFIL-FAMILIAR""]",0
31141,2022-09-28,N,BR,F,50,2003-01-15,0.0,236,1.0,,1.0,A,S,N,,KAT,N,SP,1.0,37445.4,02 - VAREJO,0,0,1,0,0,0,0,0,0,0,0,1,0,1,0,0,0,0,0,1,0,0.0,0.0,1,"[""SEG-CREDITO-ATIVO"", ""SEG-SEM-CARTAO"", ""SEG-POUPADOR"", ""SEG-PERFIL-FAMILIAR""]",0
362948,2022-11-28,N,BR,F,50,2009-07-12,0.0,160,1.0,,1.0,A,S,N,,KAT,N,SP,1.0,12958.75,02 - VAREJO,0,0,0,0,1,0,0,0,0,0,0,0,0,0,1,0,0,1,1,0,0,1.0,1.0,1,"[""SEG-INVESTIDOR-INICIANTE"", ""SEG-PERFIL-FAMILIAR"", ""SEG-PROPRIETARIO"", ""SEG-VIAJANTE-EVENTO""]",1
772780,2022-12-28,N,BR,M,18,2015-06-10,0.0,90,1.0,,1.0,A,S,N,,KFC,N,SP,1.0,119237.89,02 - VAREJO,0,0,0,0,0,1,0,0,0,0,0,0,0,0,0,0,0,0,0,0,0,0.0,0.0,0,"[""SEG-JOVEM"", ""SEG-CREDITO-ATIVO"", ""SEG-SEM-CARTAO"", ""SEG-INVESTIDOR-INICIANTE"", ""SEG-POUPADOR""]",0
708538,2022-06-28,N,BR,F,56,2014-08-03,0.0,95,1.0,,1.0,A,S,N,,KAG,N,SP,1.0,205954.94,01 - ALTA RENDA,0,0,1,0,0,0,0,0,0,0,0,1,0,1,0,0,0,0,0,0,0,0.0,0.0,0,"[""SEG-VIP"", ""SEG-SENIOR"", ""SEG-CREDITO-ATIVO"", ""SEG-SEM-CARTAO"", ""SEG-POUPADOR"", ""SEG-CONTRIBUINTE-IR"", ""SEG-INVESTIDOR-EXPERIENTE"", ""SEG-PERFIL-FAMILIAR""]",0
1198239,2023-05-28,N,BR,F,26,2020-10-14,0.0,31,1.0,,1.0,I,S,N,,KHE,N,RS,1.0,35548.95,03 - UNIVERSITARIO,0,0,1,0,0,0,0,0,0,0,0,0,0,0,0,0,0,0,0,0,0,0.0,0.0,0,"[""SEG-JOVEM"", ""SEG-CREDITO-ATIVO"", ""SEG-SEM-CARTAO"", ""SEG-INVESTIDOR-INICIANTE"", ""SEG-POUPADOR"", ""SEG-PERFIL-FAMILIAR""]",0
690541,2023-01-28,N,BR,M,37,2014-05-11,0.0,104,1.0,,1.0,A,S,N,,KCC,N,SP,1.0,64579.49,02 - VAREJO,0,0,1,0,0,0,0,1,0,0,0,0,0,0,0,0,0,0,0,0,0,0.0,0.0,0,"[""SEG-ALTA-RENDA"", ""SEG-CREDITO-ATIVO"", ""SEG-SEM-CARTAO"", ""SEG-INVESTIDOR-INICIANTE"", ""SEG-POUPADOR"", ""SEG-CONTRIBUINTE-IR"", ""SEG-PERFIL-FAMILIAR""]",0
1134786,2022-04-28,N,BR,F,46,2020-05-22,0.0,26,1.0,,1.0,A,S,N,,KFA,N,SP,1.0,104767.71,01 - ALTA RENDA,0,0,0,0,0,0,0,0,0,0,0,1,0,0,0,0,0,0,0,0,0,0.0,0.0,0,"[""SEG-VIP"", ""SEG-ALTA-RENDA"", ""SEG-CREDITO-ATIVO"", ""SEG-SEM-CARTAO"", ""SEG-INVESTIDOR-INICIANTE"", ""SEG-POUPADOR"", ""SEG-CONTRIBUINTE-IR"", ""SEG-PERFIL-FAMILIAR""]",0
109234,2022-12-28,N,BR,M,59,2005-10-26,0.0,206,1.0,,1.0,A,S,N,,KAY,N,MG,1.0,11045.13,02 - VAREJO,0,0,0,0,0,0,0,0,0,0,0,0,0,0,0,1,0,0,0,0,0,0.0,0.0,0,"[""SEG-SENIOR"", ""SEG-SEM-CARTAO"", ""SEG-INVESTIDOR-INICIANTE"", ""SEG-PERFIL-FAMILIAR""]",0
1145231,2023-04-28,N,BR,M,21,2020-07-22,0.0,33,1.0,,1.0,I,S,S,,KHE,N,RJ,0.0,530950.34,03 - UNIVERSITARIO,0,0,1,0,0,0,0,0,0,0,0,0,0,0,0,0,0,0,0,0,0,0.0,0.0,0,"[""SEG-JOVEM"", ""SEG-POUPADOR""]",0
1337892,2023-04-28,N,BR,F,66,2021-10-21,0.0,18,1.0,,1.0,A,S,N,,KAT,N,BA,1.0,16359.09,01 - ALTA RENDA,0,0,1,0,0,0,0,0,0,0,0,0,1,0,0,0,0,0,0,0,0,0.0,0.0,1,"[""SEG-VIP"", ""SEG-SENIOR"", ""SEG-SEM-CARTAO"", ""SEG-INVESTIDOR-INICIANTE""]",0
269483,2022-12-28,N,BR,F,43,2008-08-27,0.0,172,1.0,,1.0,A,S,N,,KFC,N,SP,1.0,100612.0,01 - ALTA RENDA,0,0,1,0,1,0,0,1,0,0,0,0,1,0,1,0,0,1,1,0,0,0.0,0.0,1,"[""SEG-VIP"", ""SEG-ALTA-RENDA"", ""SEG-CREDITO-ATIVO"", ""SEG-INVESTIDOR-INICIANTE"", ""SEG-POUPADOR"", ""SEG-CONTRIBUINTE-IR"", ""SEG-PERFIL-FAMILIAR"", ""SEG-PROPRIETARIO""]",0
1391405,2023-04-28,N,BR,F,53,2022-04-09,0.0,12,1.0,,1,A,S,N,,KHK,N,BA,1.0,13916.98,02 - VAREJO,0,0,1,0,0,0,0,0,0,0,0,0,0,0,0,0,0,0,0,0,0,0.0,0.0,0,"[""SEG-SEM-CARTAO"", ""SEG-INVESTIDOR-INICIANTE"", ""SEG-PERFIL-FAMILIAR""]",0
637926,2022-09-28,N,BR,M,38,2013-08-30,0.0,103,1.0,,1.0,A,S,N,,KAT,N,BA,1.0,17234.24,02 - VAREJO,0,0,0,0,0,0,0,0,0,0,0,0,0,0,1,0,0,0,0,0,0,0.0,0.0,0,"[""SEG-SEM-CARTAO"", ""SEG-INVESTIDOR-INICIANTE"", ""SEG-PERFIL-FAMILIAR"", ""SEG-PROPRIETARIO""]",0
1250474,2022-12-28,N,BR,M,44,2021-03-26,0.0,21,1.0,,1,A,S,N,,KFC,N,MG,1.0,17103.79,02 - VAREJO,0,0,0,0,0,0,0,0,0,0,0,0,0,0,0,0,0,0,0,0,0,0.0,0.0,1,"[""SEG-SEM-CARTAO"", ""SEG-INVESTIDOR-INICIANTE"", ""SEG-PERFIL-FAMILIAR""]",0
1152535,2023-04-28,N,BR,F,23,2020-07-31,0.0,32,1.0,,1.0,A,S,N,,KHE,N,RJ,1.0,57708.12,03 - UNIVERSITARIO,0,0,1,0,0,0,0,0,0,0,0,0,0,0,0,0,0,0,0,0,0,0.0,0.0,0,"[""SEG-JOVEM"", ""SEG-CREDITO-ATIVO"", ""SEG-SEM-CARTAO"", ""SEG-INVESTIDOR-INICIANTE"", ""SEG-POUPADOR""]",0
289958,2023-03-28,N,BR,F,61,2008-11-02,0.0,173,1.0,,1.0,A,S,N,,KAT,N,SC,1.0,13317.55,02 - VAREJO,0,0,0,0,0,0,0,1,0,0,0,0,0,0,0,0,0,0,0,0,0,0.0,0.0,0,"[""SEG-SENIOR"", ""SEG-SEM-CARTAO"", ""SEG-INVESTIDOR-INICIANTE""]",0
809071,2022-07-28,N,BR,F,67,2015-10-25,0.0,81,1.0,,1.0,A,S,N,,KAT,N,MG,1.0,305618.84,02 - VAREJO,0,0,1,0,0,0,0,0,1,0,0,0,0,0,0,0,0,0,0,0,0,0.0,0.0,0,"[""SEG-SENIOR"", ""SEG-CREDITO-ATIVO"", ""SEG-SEM-CARTAO"", ""SEG-INVESTIDOR-INICIANTE"", ""SEG-POUPADOR""]",0
618111,2022-11-28,N,BR,F,43,2013-06-01,0.0,114,1.0,,1.0,A,S,N,,KAW,N,RS,1.0,22518.31,02 - VAREJO,0,0,1,0,0,0,0,0,0,0,0,0,0,0,1,0,0,0,0,0,0,0.0,0.0,1,"[""SEG-SEM-CARTAO"", ""SEG-INVESTIDOR-INICIANTE"", ""SEG-PERFIL-FAMILIAR"", ""SEG-PROPRIETARIO"", ""SEG-VIAJANTE-EVENTO""]",1
1055487,2023-01-28,N,BR,F,44,2019-09-03,0.0,40,1.0,,1,A,S,N,,KFC,N,SP,1.0,66201.18,02 - VAREJO,0,0,1,0,0,0,0,0,0,0,0,0,0,0,0,0,0,1,0,0,0,0.0,0.0,0,"[""SEG-ALTA-RENDA"", ""SEG-CREDITO-ATIVO"", ""SEG-SEM-CARTAO"", ""SEG-INVESTIDOR-INICIANTE"", ""SEG-POUPADOR"", ""SEG-CONTRIBUINTE-IR"", ""SEG-PERFIL-FAMILIAR"", ""SEG-VIAJANTE-EVENTO""]",1
249693,2023-03-28,N,BR,M,50,2018-03-09,0.0,178,1.0,,1.0,A,S,N,,KAT,N,CE,1.0,30310.24,02 - VAREJO,0,0,0,0,0,0,0,0,0,0,0,1,0,0,0,0,0,0,0,0,0,0.0,0.0,0,"[""SEG-SEM-CARTAO"", ""SEG-INVESTIDOR-INICIANTE"", ""SEG-PERFIL-FAMILIAR""]",0
94677,2022-07-28,N,BR,M,49,2005-05-04,0.0,207,1.0,,1.0,A,S,N,,KAT,N,RJ,1.0,60862.48,02 - VAREJO,0,0,0,0,1,0,0,1,0,0,0,0,0,1,1,0,0,0,0,0,0,0.0,0.0,0,"[""SEG-CREDITO-ATIVO"", ""SEG-SEM-CARTAO"", ""SEG-POUPADOR"", ""SEG-CONTRIBUINTE-IR"", ""SEG-INVESTIDOR-EXPERIENTE"", ""SEG-PERFIL-FAMILIAR"", ""SEG-PROPRIETARIO"", ""SEG-VIAJANTE-EVENTO""]",1
990365,2023-02-28,N,BR,F,25,2018-12-07,0.0,50,1.0,,1.0,A,S,N,,KHE,N,SP,1.0,81836.66,03 - UNIVERSITARIO,0,0,0,0,1,0,0,0,0,0,0,0,0,0,0,0,0,0,0,0,0,1.0,1.0,1,"[""SEG-JOVEM"", ""SEG-ALTA-RENDA"", ""SEG-CREDITO-ATIVO"", ""SEG-SEM-CARTAO"", ""SEG-INVESTIDOR-INICIANTE"", ""SEG-POUPADOR"", ""SEG-PERFIL-FAMILIAR""]",0
444324,2023-01-28,N,BR,M,44,2010-11-11,0.0,146,1.0,,1.0,A,S,N,,KEL,N,SP,1.0,45754.43,02 - VAREJO,0,0,1,0,0,0,0,1,0,0,0,0,0,0,0,0,0,0,0,0,0,0.0,0.0,0,"[""SEG-CREDITO-ATIVO"", ""SEG-SEM-CARTAO"", ""SEG-INVESTIDOR-INICIANTE"", ""SEG-POUPADOR"", ""SEG-CONTRIBUINTE-IR"", ""SEG-PERFIL-FAMILIAR""]",0
1136688,2022-11-28,N,BR,M,32,2020-06-07,0.0,29,1.0,,1.0,A,S,N,,KFC,N,MG,1.0,280666.76,03 - UNIVERSITARIO,0,0,0,0,1,0,0,0,0,0,0,0,1,0,0,0,0,0,0,0,0,1.0,1.0,1,"[""SEG-ALTA-RENDA"", ""SEG-CREDITO-ATIVO"", ""SEG-SEM-CARTAO"", ""SEG-INVESTIDOR-INICIANTE"", ""SEG-POUPADOR"", ""SEG-CONTRIBUINTE-IR"", ""SEG-PERFIL-FAMILIAR""]",0
1496063,2022-12-28,N,BR,F,32,2022-11-02,1.0,1,1.0,,1,A,S,N,,KFA,N,SP,1.0,67887.0,02 - VAREJO,0,0,1,0,0,0,0,0,0,0,0,0,0,0,0,0,0,0,0,0,0,0.0,0.0,0,"[""SEG-ALTA-RENDA"", ""SEG-INVESTIDOR-INICIANTE"", ""SEG-POUPADOR"", ""SEG-CONTRIBUINTE-IR"", ""SEG-PERFIL-FAMILIAR""]",0
496590,2023-02-28,N,BR,F,31,2011-10-18,0.0,136,1.0,,1.0,A,S,N,,KFC,N,SP,1.0,121599.89,02 - VAREJO,0,0,1,0,0,0,0,0,0,0,0,0,0,1,0,0,0,0,0,0,0,0.0,0.0,0,"[""SEG-ALTA-RENDA"", ""SEG-CREDITO-ATIVO"", ""SEG-SEM-CARTAO"", ""SEG-POUPADOR"", ""SEG-CONTRIBUINTE-IR"", ""SEG-INVESTIDOR-EXPERIENTE"", ""SEG-PERFIL-FAMILIAR""]",0
198114,2022-07-28,N,BR,F,43,2007-10-11,0.0,177,1.0,,1.0,A,S,S,,KAT,N,SP,1.0,21189.53,02 - VAREJO,0,0,1,0,0,0,0,1,1,0,0,0,0,0,0,0,0,0,0,0,1,0.0,0.0,0,"[""SEG-SEM-CARTAO"", ""SEG-INVESTIDOR-INICIANTE"", ""SEG-PERFIL-FAMILIAR""]",0
347858,2022-11-28,N,BR,F,50,2009-04-08,0.0,163,1.0,,1.0,A,S,N,,KAT,N,SP,1.0,45862.36,01 - ALTA RENDA,0,0,1,0,0,0,0,0,0,0,0,1,0,0,0,0,0,0,0,0,0,0.0,0.0,0,"[""SEG-VIP"", ""SEG-CREDITO-ATIVO"", ""SEG-SEM-CARTAO"", ""SEG-INVESTIDOR-INICIANTE"", ""SEG-POUPADOR"", ""SEG-CONTRIBUINTE-IR"", ""SEG-PERFIL-FAMILIAR""]",0
1299482,2023-04-28,N,BR,F,35,2021-08-28,0.0,20,1.0,,1.0,A,S,N,,KFC,N,SP,1.0,77927.82,02 - VAREJO,0,0,1,0,1,0,0,0,0,0,0,0,1,0,0,0,0,0,0,0,0,1.0,1.0,1,"[""SEG-ALTA-RENDA"", ""SEG-CREDITO-ATIVO"", ""SEG-SEM-CARTAO"", ""SEG-INVESTIDOR-INICIANTE"", ""SEG-POUPADOR"", ""SEG-CONTRIBUINTE-IR"", ""SEG-PERFIL-FAMILIAR""]",0
24083,2023-01-28,N,BR,F,76,2002-10-16,0.0,243,1.0,,1.0,A,S,N,,KAT,N,SP,1.0,567442.82,01 - ALTA RENDA,0,0,1,0,0,0,0,0,0,0,0,0,0,1,0,0,0,0,0,0,0,0.0,0.0,1,"[""SEG-VIP"", ""SEG-SENIOR"", ""SEG-CREDITO-ATIVO"", ""SEG-SEM-CARTAO"", ""SEG-POUPADOR"", ""SEG-INVESTIDOR-EXPERIENTE""]",0
192758,2022-09-28,N,BR,F,56,2007-09-18,0.0,180,1.0,,1,A,S,N,,KAT,N,RS,1.0,47428.74,01 - ALTA RENDA,0,0,1,0,0,0,0,0,0,0,0,1,1,0,0,0,0,0,0,1,0,0.0,0.0,0,"[""SEG-VIP"", ""SEG-SENIOR"", ""SEG-CREDITO-ATIVO"", ""SEG-SEM-CARTAO"", ""SEG-INVESTIDOR-INICIANTE"", ""SEG-POUPADOR"", ""SEG-CONTRIBUINTE-IR"", ""SEG-PERFIL-FAMILIAR""]",0
563481,2023-05-28,N,BR,F,80,2012-10-07,0.0,127,1.0,,1.0,I,S,N,,KAE,N,MG,0.0,8901.77,02 - VAREJO,0,0,1,0,0,0,0,1,0,0,0,0,0,0,0,0,0,0,0,0,0,0.0,0.0,0,"[""SEG-SENIOR""]",0
1311733,2022-10-28,N,BR,F,33,2021-09-19,0.0,16,1.0,,1.0,A,S,N,,RED,N,BA,1.0,8514.13,03 - UNIVERSITARIO,0,0,1,0,0,0,0,0,0,0,0,0,0,0,0,0,0,0,0,0,0,0.0,0.0,0,"[""SEG-SEM-CARTAO"", ""SEG-INVESTIDOR-INICIANTE"", ""SEG-PERFIL-FAMILIAR""]",0
435576,2023-03-28,N,BR,M,54,2010-09-17,0.0,150,1.0,,1.0,I,S,N,,KBZ,N,SP,1.0,73966.15,02 - VAREJO,0,0,1,0,0,0,0,1,0,0,0,0,0,0,0,0,0,0,0,0,0,0.0,0.0,0,"[""SEG-ALTA-RENDA"", ""SEG-CREDITO-ATIVO"", ""SEG-SEM-CARTAO"", ""SEG-INVESTIDOR-INICIANTE"", ""SEG-POUPADOR"", ""SEG-CONTRIBUINTE-IR"", ""SEG-PERFIL-FAMILIAR""]",0
587345,2022-03-28,N,BR,F,39,2012-12-26,0.0,115,1.0,,1.0,A,S,N,,KFA,N,SP,1.0,608484.2,01 - ALTA RENDA,0,0,1,0,0,0,0,0,0,0,0,0,0,1,0,0,0,1,0,1,1,0.0,0.0,0,"[""SEG-VIP"", ""SEG-ALTA-RENDA"", ""SEG-CREDITO-ATIVO"", ""SEG-SEM-CARTAO"", ""SEG-POUPADOR"", ""SEG-CONTRIBUINTE-IR"", ""SEG-PERFIL-FAMILIAR""]",0
1390527,2022-07-28,N,BR,F,55,2022-04-02,0.0,16,99.0,2022-07-20,1,A,S,N,,RED,N,SP,0.0,65476.8,02 - VAREJO,0,0,0,0,0,0,0,0,0,0,0,0,0,0,0,0,0,0,0,0,0,0.0,0.0,0,"[""SEG-SENIOR"", ""SEG-ALTA-RENDA"", ""SEG-POUPADOR"", ""SEG-CONTRIBUINTE-IR"", ""SEG-VIAJANTE-EVENTO""]",1
803649,2022-01-28,N,BR,M,57,2015-10-10,0.0,81,1.0,,1.0,I,S,N,,KCH,N,SP,0.0,96011.76,02 - VAREJO,0,0,1,0,0,0,0,0,0,0,0,0,0,0,0,0,0,0,0,0,0,0.0,0.0,0,"[""SEG-SENIOR"", ""SEG-POUPADOR"", ""SEG-CONTRIBUINTE-IR""]",0
1363020,2022-03-28,N,BR,M,30,2021-11-28,0.0,16,1.0,,1.0,A,S,N,,RED,N,BA,1.0,48204.54,03 - UNIVERSITARIO,0,0,1,0,0,0,0,0,0,0,0,0,0,0,0,0,0,0,0,0,0,0.0,0.0,0,"[""SEG-CREDITO-ATIVO"", ""SEG-SEM-CARTAO"", ""SEG-INVESTIDOR-INICIANTE"", ""SEG-POUPADOR"", ""SEG-CONTRIBUINTE-IR"", ""SEG-PERFIL-FAMILIAR""]",0
360028,2023-05-28,N,BR,F,68,2009-05-20,0.0,167,1.0,,1.0,I,S,N,,KAT,N,AL,0.0,459302.27,02 - VAREJO,0,0,0,0,0,0,0,0,0,0,0,0,0,0,0,0,0,0,0,0,0,0.0,0.0,0,"[""SEG-SENIOR"", ""SEG-POUPADOR""]",0
912260,2022-10-28,N,BR,M,59,2018-05-09,0.0,53,1.0,,1.0,A,S,S,,KFC,N,RJ,1.0,210601.98,02 - VAREJO,0,0,0,0,0,0,0,0,0,0,0,1,1,0,0,0,0,0,0,0,0,0.0,0.0,0,"[""SEG-SENIOR"", ""SEG-CREDITO-ATIVO"", ""SEG-SEM-CARTAO"", ""SEG-INVESTIDOR-INICIANTE"", ""SEG-POUPADOR"", ""SEG-CONTRIBUINTE-IR"", ""SEG-PERFIL-FAMILIAR""]",0
72743,2022-10-28,N,BR,M,57,2021-12-03,0.0,11,1.0,,1.0,A,S,N,,KAT,N,RJ,1.0,156278.54,02 - VAREJO,0,0,1,0,0,0,0,0,0,0,0,0,0,1,0,0,0,0,0,0,0,0.0,0.0,0,"[""SEG-SENIOR"", ""SEG-CREDITO-ATIVO"", ""SEG-SEM-CARTAO"", ""SEG-POUPADOR"", ""SEG-CONTRIBUINTE-IR"", ""SEG-INVESTIDOR-EXPERIENTE"", ""SEG-PERFIL-FAMILIAR""]",0
1191351,2023-02-28,N,BR,M,24,2020-10-07,0.0,28,1.0,,1.0,I,S,N,,KHE,N,SC,0.0,25552.14,03 - UNIVERSITARIO,0,0,1,0,0,0,0,0,0,0,0,0,0,0,0,0,0,0,0,0,0,0.0,0.0,0,"[""SEG-JOVEM"", ""SEG-VIAJANTE-EVENTO""]",1
775160,2022-12-28,N,BR,M,81,2015-06-24,0.0,90,1.0,,1,I,S,N,,KGY,N,MA,0.0,28172.65,02 - VAREJO,0,0,0,0,0,0,0,0,0,0,0,0,0,0,0,0,0,0,0,0,0,0.0,0.0,0,"[""SEG-SENIOR""]",0
144451,2022-12-28,N,BR,F,55,2006-10-05,0.0,194,1.0,,1.0,A,S,S,,KAT,N,SP,1.0,54015.81,02 - VAREJO,0,0,0,0,1,0,0,0,0,0,0,0,0,0,0,0,0,0,1,0,0,1.0,1.0,1,"[""SEG-SENIOR"", ""SEG-CREDITO-ATIVO"", ""SEG-INVESTIDOR-INICIANTE"", ""SEG-POUPADOR"", ""SEG-CONTRIBUINTE-IR"", ""SEG-PERFIL-FAMILIAR""]",0
601382,2023-02-28,N,BR,M,35,2013-03-08,0.0,34,1.0,,1.0,A,S,N,,KFA,N,SP,1.0,8326.74,02 - VAREJO,0,0,0,0,1,0,0,0,0,0,0,0,0,0,0,0,0,0,1,0,0,0.0,0.0,1,"[""SEG-INVESTIDOR-INICIANTE"", ""SEG-PERFIL-FAMILIAR""]",0
195631,2023-03-28,N,BR,M,42,2007-10-02,0.0,186,1.0,,1.0,I,S,N,,KFC,N,SP,0.0,32894.81,02 - VAREJO,0,0,0,0,0,0,0,0,0,0,0,0,0,0,0,0,0,0,0,0,0,0.0,0.0,0,"[""SEG-VIAJANTE-EVENTO""]",1
1220190,2022-10-28,N,BR,F,27,2020-11-14,0.0,23,1.0,,1.0,A,S,N,,KHE,N,SP,1.0,77095.67,03 - UNIVERSITARIO,0,0,0,0,0,0,0,0,0,0,0,0,0,0,0,0,0,0,0,0,0,0.0,0.0,0,"[""SEG-JOVEM"", ""SEG-ALTA-RENDA"", ""SEG-CREDITO-ATIVO"", ""SEG-SEM-CARTAO"", ""SEG-INVESTIDOR-INICIANTE"", ""SEG-POUPADOR"", ""SEG-PERFIL-FAMILIAR""]",0
882839,2022-11-28,N,BR,F,42,2017-06-15,0.0,65,1.0,,1.0,A,S,N,,KFC,N,SP,1.0,64687.21,02 - VAREJO,0,0,1,0,0,0,0,0,0,0,0,0,0,0,0,0,0,0,0,0,0,0.0,0.0,0,"[""SEG-ALTA-RENDA"", ""SEG-CREDITO-ATIVO"", ""SEG-SEM-CARTAO"", ""SEG-INVESTIDOR-INICIANTE"", ""SEG-POUPADOR"", ""SEG-CONTRIBUINTE-IR"", ""SEG-PERFIL-FAMILIAR""]",0
507612,2022-03-28,N,BR,F,39,2011-12-21,0.0,127,1.0,,1.0,A,S,N,,KFC,N,MG,1.0,8409.02,02 - VAREJO,0,0,1,0,0,0,0,1,0,0,0,0,0,1,0,0,0,0,0,0,0,0.0,0.0,0,"[""SEG-SEM-CARTAO"", ""SEG-INVESTIDOR-EXPERIENTE"", ""SEG-PERFIL-FAMILIAR""]",0
529512,2023-03-28,N,BR,M,32,2012-04-19,0.0,131,1.0,,1.0,I,S,N,,KAT,N,BA,0.0,61872.42,02 - VAREJO,0,0,0,0,0,0,0,0,0,0,0,0,0,0,0,0,0,0,0,0,0,0.0,0.0,0,"[""SEG-ALTA-RENDA"", ""SEG-POUPADOR"", ""SEG-CONTRIBUINTE-IR""]",0
636513,2023-04-28,N,BR,F,96,2013-08-24,0.0,116,1.0,,1.0,I,S,N,,KAB,N,PR,0.0,138088.77,02 - VAREJO,0,0,0,0,0,0,0,0,0,0,0,0,0,0,0,0,0,0,0,0,0,0.0,0.0,0,"[""SEG-SENIOR"", ""SEG-POUPADOR""]",0
399452,2023-03-28,N,BR,M,18,2010-01-03,0.0,158,1.0,,1.0,A,S,S,,KFC,N,MG,1.0,26773.62,02 - VAREJO,0,0,0,0,0,1,0,0,0,0,0,0,0,0,0,0,0,0,0,0,0,0.0,0.0,0,"[""SEG-JOVEM"", ""SEG-SEM-CARTAO"", ""SEG-INVESTIDOR-INICIANTE""]",0
